t,x,y,theta,apf_vx,apf_vy,pwm_l,pwm_r,vel_left_cmd,vel_right_cmd,v_l_true,v_r_true,v_true,w_true
0.0,6.4189275,0.0,1.3093374773778237,282.88543140028287,282.88543140028287,76,95,355.0,445.0,105.52629999999998,151.2308,128.37855,26.186749547556715
0.05,12.836179009672787,0.14667416902298108,2.6186749547556474,281.90205819730306,283.88928317956,76,95,356.0,444.0,105.52629999999998,151.2308,128.37855,26.186749547556715
0.1,19.18832872328901,0.43719831587708063,3.8590999333241314,281.1965811965812,284.61538461538464,76,94,357.0,443.0,105.52629999999998,148.82529999999997,127.17579999999998,24.80849957136951
0.15000000000000002,25.532700654864612,0.8651645037186962,5.099524911892615,280.2001429592566,285.63259471050753,76,94,358.0,442.0,105.52629999999998,148.82529999999997,127.17579999999998,24.80849957136951
0.2,31.8663213080237,1.4303721522662376,6.339949890461099,279.2831541218638,286.4516129032258,76,94,359.0,441.0,105.52629999999998,148.82529999999997,127.17579999999998,24.80849957136951
0.25,38.24599193645345,2.1391971821622326,7.511462370220215,278.56115107913666,287.19424460431657,77,94,360.0,440.0,107.9318,148.82529999999997,128.37855,23.430249595182307
0.3,44.60983687987292,2.9783084896600496,8.682974849979331,277.7456647398844,288.15028901734104,77,94,361.0,439.0,107.9318,148.82529999999997,128.37855,23.430249595182307
0.35,50.89574744949654,3.938276496832209,9.785574830929079,276.81159420289856,288.9855072463768,77,93,362.0,438.0,107.9318,146.4198,127.17580000000001,22.05199961899513
0.39999999999999997,57.16202163545816,5.01902535315873,10.888174811878827,276.07272727272726,289.74545454545455,77,93,362.0,438.0,107.9318,146.4198,127.17580000000001,22.05199961899513
0.44999999999999996,63.40633891042852,6.220154835607117,11.990774792828574,275.23739956172386,290.43097151205257,77,93,363.0,437.0,107.9318,146.4198,127.17580000000001,22.05199961899513
0.49999999999999994,69.68521224189826,7.553713959761129,13.024462274968982,274.4868035190616,291.2023460410557,78,93,364.0,436.0,110.33729999999998,146.4198,128.37855,20.67374964280794
0.5499999999999999,75.93900598778053,9.000328640393098,14.05814975710939,273.73068432671084,291.9793966151582,78,93,366.0,434.0,110.33729999999998,146.4198,128.37855,20.67374964280794
0.6,82.16568467658757,10.559528036433441,15.091837239249799,272.9689807976366,292.466765140325,78,93,366.0,434.0,110.33729999999998,146.4198,128.37855,20.67374964280794
0.65,88.30515832053078,12.215146845044492,16.05661222258084,272.106824925816,293.4718100890208,78,92,367.0,433.0,110.33729999999998,144.0143,127.17579999999998,19.29549966662074
0.7000000000000001,94.41588478703423,13.973905587929416,17.02138720591188,271.33283693224126,293.9687267311988,78,92,368.0,432.0,110.33729999999998,144.0143,127.17579999999998,19.29549966662074
0.7500000000000001,100.55363472181247,15.852909576319526,17.91724969043355,270.55306427503734,294.76831091180867,79,92,369.0,431.0,112.7428,144.0143,128.37855,17.917249690433533
0.8000000000000002,106.66125596399831,17.827648296316788,18.813112174955222,269.96996996996995,295.4954954954955,79,92,369.0,431.0,112.7428,144.0143,128.37855,17.917249690433533
0.8500000000000002,112.73725537305982,19.89763898019447,19.708974659476894,269.1785983421251,296.0060286360211,79,92,369.0,431.0,112.7428,144.0143,128.37855,17.917249690433533
0.9000000000000002,118.78014753910827,22.06237557381655,20.604837143998566,268.58440575321725,296.7448902346707,79,92,370.0,430.0,112.7428,144.0143,128.37855,17.917249690433533
0.9500000000000003,124.73216465222785,24.300165230873613,21.43178712971087,267.9847908745247,297.18631178707227,79,91,371.0,429.0,112.7428,141.60879999999997,127.17579999999998,16.538999714246327
1.0000000000000002,130.6512649425447,26.623624293837864,22.258737115423173,267.17557251908397,297.70992366412213,79,91,372.0,428.0,112.7428,141.60879999999997,127.17579999999998,16.538999714246327
1.0500000000000003,136.536215414868,29.03226876789416,23.085687101135477,266.5644171779141,298.46625766871165,79,91,373.0,427.0,112.7428,141.60879999999997,127.17579999999998,16.538999714246327
1.1000000000000003,142.44111184524658,31.549177267772244,23.84372458803844,265.9476117103236,298.92141756548534,80,91,374.0,426.0,115.14829999999999,141.60879999999997,128.37855,15.160749738059137
1.1500000000000004,148.25718827980566,34.11967627992271,24.670674573750773,265.3250773993808,299.6904024767802,79,91,373.0,427.0,112.7428,141.60879999999997,127.17579999999998,16.538999714246327
1.2000000000000004,154.0902084881854,36.79894959537409,25.428712060653737,264.696734059098,300.15552099533437,80,91,374.0,426.0,115.14829999999999,141.60879999999997,128.37855,15.160749738059137
1.2500000000000004,159.88727177782408,39.555158489159105,26.1867495475567,263.85636221701793,300.7025761124122,80,91,375.0,425.0,115.14829999999999,141.60879999999997,128.37855,15.160749738059137
1.3000000000000005,165.5933984343081,42.36128194408095,26.875874535650297,263.52941176470586,301.1764705882353,80,90,376.0,424.0,115.14829999999999,139.2033,127.17580000000001,13.782499761871964
1.3500000000000005,171.26536253334132,45.23583121716333,27.564999523743893,262.88416075650116,301.6548463356974,80,90,376.0,424.0,115.14829999999999,139.2033,127.17580000000001,13.782499761871964
1.4000000000000006,176.902343574199,48.17839047894741,28.25412451183749,262.23277909738715,302.1377672209026,80,90,377.0,423.0,115.14829999999999,139.2033,127.17580000000001,13.782499761871964
1.4500000000000006,182.50352611677104,51.188534061716545,28.943249499931085,261.8933969769292,302.6252983293556,80,90,377.0,423.0,115.14829999999999,139.2033,127.17580000000001,13.782499761871964
1.5000000000000007,188.0680998995228,54.26582652107299,29.63237448802468,261.2310151878497,303.1175059952038,80,90,377.0,423.0,115.14829999999999,139.2033,127.17580000000001,13.782499761871964
1.5500000000000007,193.6475324154509,57.43955666877933,30.25258697730891,260.56224899598396,303.6144578313253,81,90,378.0,422.0,117.55379999999998,139.2033,128.37855,12.404249785684776
1.6000000000000008,199.19228388447763,60.67349565969773,30.872799466593136,260.20984665052464,304.11622276029055,81,90,379.0,421.0,117.55379999999998,139.2033,128.37855,12.404249785684776
1.6500000000000008,204.70170460551506,63.96726456003966,31.493011955877364,259.529602595296,304.62287104622874,81,90,379.0,421.0,117.55379999999998,139.2033,128.37855,12.404249785684776
1.7000000000000008,210.1751490173228,67.3204774255027,32.11322444516162,258.95765472312706,304.885993485342,81,90,380.0,420.0,117.55379999999998,139.2033,128.37855,12.404249785684776
1.7500000000000009,215.5610393569553,70.70077260692597,32.66452443563651,258.4766584766585,305.32350532350534,81,89,381.0,419.0,117.55379999999998,136.7978,127.17579999999998,11.02599980949757
1.800000000000001,220.96478214035056,74.16519091035872,33.284736924920765,258.10699588477365,305.843621399177,81,90,380.0,420.0,117.55379999999998,139.2033,128.37855,12.404249785684776
1.850000000000001,226.28043544601965,77.65489579731252,33.83603691539565,257.73366418527706,306.03804797353183,81,89,381.0,419.0,117.55379999999998,136.7978,127.17579999999998,11.02599980949757
1.900000000000001,231.56226526202963,81.19558556892596,34.38733690587054,257.024106400665,306.56691604322526,81,89,381.0,419.0,117.55379999999998,136.7978,127.17579999999998,11.02599980949757
1.950000000000001,236.8097825851161,84.78693242045776,34.93863689634543,256.8561872909699,307.02341137123744,81,89,382.0,418.0,117.55379999999998,136.7978,127.17579999999998,11.02599980949757
2.000000000000001,242.02250158873977,88.42860385722422,35.48993688682032,256.25524769101594,307.30478589420653,81,89,382.0,418.0,117.55379999999998,136.7978,127.17579999999998,11.02599980949757
2.0500000000000007,247.24890467280596,92.15517614997793,35.97232437848584,255.74324324324326,307.77027027027026,82,89,383.0,417.0,119.9593,136.7978,128.37855,9.647749833310364
2.1000000000000005,252.44374795127308,95.9256182410889,36.45471187015136,255.34804753820035,307.97962648556876,82,89,383.0,417.0,119.9593,136.7978,128.37855,9.647749833310364
2.1500000000000004,257.6066631962372,99.73966286898371,36.93709936181688,254.94880546075086,308.5324232081911,82,89,384.0,416.0,119.9593,136.7978,128.37855,9.647749833310364
2.2,262.7372844429604,103.59703968139503,37.4194868534824,254.54545454545453,308.74785591766727,82,89,384.0,416.0,119.9593,136.7978,128.37855,9.647749833310364
2.25,267.78748633220295,107.46093294363601,37.83296184633855,254.13793103448276,308.9655172413793,82,88,385.0,415.0,119.9593,134.39229999999998,127.17579999999998,8.26949985712316
2.3,272.8571699110786,111.39805608881892,38.31534933800407,253.94622723330443,309.45359930615786,82,89,384.0,416.0,119.9593,136.7978,128.37855,9.647749833310364
2.3499999999999996,277.84634207717306,115.34043752155321,38.72882433086022,253.53095030514385,309.6774193548387,82,88,385.0,415.0,119.9593,134.39229999999998,127.17579999999998,8.26949985712316
2.3999999999999995,282.8069343824236,119.31872034774705,39.14229932371637,253.11130587204207,309.90359333917615,82,88,385.0,415.0,119.9593,134.39229999999998,127.17579999999998,8.26949985712316
2.4499999999999993,287.73868849085903,123.33269738779477,39.555774316572524,252.68722466960352,310.1321585903084,82,88,386.0,414.0,119.9593,134.39229999999998,127.17579999999998,8.26949985712316
2.499999999999999,292.6413475683335,127.38215960322005,39.969249309428676,252.4822695035461,310.63829787234044,82,88,386.0,414.0,119.9593,134.39229999999998,127.17579999999998,8.26949985712316
2.549999999999999,297.514656295902,131.46689610756215,40.38272430228483,252.0499108734403,310.873440285205,82,88,386.0,414.0,119.9593,134.39229999999998,127.17579999999998,8.26949985712316
2.5999999999999988,302.3583608831165,135.58669417735842,40.79619929514098,251.61290322580646,311.1111111111111,82,88,387.0,413.0,119.9593,134.39229999999998,127.17579999999998,8.26949985712316
2.6499999999999986,307.17220908124307,139.74133926322241,41.20967428799713,251.17117117117118,311.35135135135135,82,88,387.0,413.0,119.9593,134.39229999999998,127.17579999999998,8.26949985712316
2.6999999999999984,312.0011918589334,143.970234577962,41.554236782043915,250.95194922937443,311.8766999093382,83,88,388.0,412.0,122.36479999999999,134.39229999999998,128.37855,6.891249880935971
2.7499999999999982,316.8046559504393,148.22809354367112,41.8987992760907,250.5013673655424,312.1239744758432,83,88,388.0,412.0,122.36479999999999,134.39229999999998,128.37855,6.891249880935971
2.799999999999998,321.58242763809733,152.51476217453936,42.24336177013748,250.41246562786435,312.00733272227313,83,88,388.0,412.0,122.36479999999999,134.39229999999998,128.37855,6.891249880935971
2.849999999999998,326.3343341334118,156.8300854428524,42.58792426418427,250.18450184501845,312.54612546125463,83,88,389.0,411.0,122.36479999999999,134.39229999999998,128.37855,6.891249880935971
2.8999999999999977,331.06020358330386,161.17390728459878,42.93248675823105,249.721706864564,312.8014842300557,83,88,388.0,412.0,122.36479999999999,134.39229999999998,128.37855,6.891249880935971
2.9499999999999975,335.7598650763265,165.54607060511378,43.277049252277834,249.48646125116713,312.97852474323065,83,88,388.0,412.0,122.36479999999999,134.39229999999998,128.37855,6.891249880935971
2.9999999999999973,340.4331486488455,169.9464172847608,43.62161174632462,249.15572232645403,312.94559099437146,83,88,389.0,411.0,122.36479999999999,134.39229999999998,128.37855,6.891249880935971
3.049999999999997,345.0798852911862,174.37478818464987,43.9661742403714,248.9140698772427,313.5033050047214,83,88,389.0,411.0,122.36479999999999,134.39229999999998,128.37855,6.891249880935971
3.099999999999997,349.69990695374594,178.83102315239282,44.310736734418185,248.66920152091254,313.68821292775664,83,88,389.0,411.0,122.36479999999999,134.39229999999998,128.37855,6.891249880935971
3.149999999999997,354.2500144526692,183.27295201408597,44.58638672965563,248.32855778414518,313.658070678128,83,87,390.0,410.0,122.36479999999999,131.98680000000002,127.17580000000001,5.512999904748797
3.1999999999999966,358.7786992566187,187.73671995278713,44.86203672489307,248.07692307692307,313.84615384615387,83,87,390.0,410.0,122.36479999999999,131.98680000000002,127.17580000000001,5.512999904748797
3.2499999999999964,363.2858565461218,192.22222365156827,45.13768672013052,247.96905222437138,314.11992263056095,83,87,390.0,410.0,122.36479999999999,131.98680000000002,127.17580000000001,5.512999904748797
3.2999999999999963,367.7713819999745,196.72935929041248,45.41333671536796,247.71178188899708,314.3135345666991,83,87,391.0,409.0,122.36479999999999,131.98680000000002,127.17580000000001,5.512999904748797
3.349999999999996,372.2351717976564,201.25802254861694,45.688986710605406,247.6003917727718,314.5935357492654,83,87,391.0,409.0,122.36479999999999,131.98680000000002,127.17580000000001,5.512999904748797
3.399999999999996,376.6771226217335,205.80810860720757,45.96463670584285,247.33727810650888,314.79289940828403,83,87,391.0,409.0,122.36479999999999,131.98680000000002,127.17580000000001,5.512999904748797
3.4499999999999957,381.0971316602496,210.37951215136508,46.240286701080294,246.97720515361743,314.7670961347869,83,87,391.0,409.0,122.36479999999999,131.98680000000002,127.17580000000001,5.512999904748797
3.4999999999999956,385.5366898394395,215.01556148499435,46.44702419750837,246.70658682634732,314.97005988023955,84,87,392.0,408.0,124.7703,131.98680000000002,128.37855000000002,4.134749928561591
3.5499999999999954,389.959491129608,219.66759964024845,46.653761693936445,246.83417085427135,315.1758793969849,84,87,392.0,408.0,124.7703,131.98680000000002,128.37855000000002,4.134749928561591
3.599999999999995,394.3654779482975,224.3355660501309,46.86049919036452,246.46464646464648,315.1515151515151,84,87,392.0,408.0,124.7703,131.98680000000002,128.37855000000002,4.134749928561591
3.649999999999995,398.7545929319655,229.01939994026804,47.0672366867926,246.1851475076297,315.36113936927774,84,87,392.0,408.0,124.7703,131.98680000000002,128.37855000000002,4.134749928561591
3.699999999999995,403.1267789367317,233.7190403297003,47.27397418322067,246.31147540983608,315.57377049180326,84,87,393.0,407.0,124.7703,131.98680000000002,128.37855000000002,4.134749928561591
3.7499999999999947,407.48197903912177,238.4344260316761,47.48071167964875,245.77319587628867,315.87628865979383,84,87,393.0,407.0,124.7703,131.98680000000002,128.37855000000002,4.134749928561591
3.7999999999999945,411.8201365368086,243.1654956544485,47.687449176076825,245.64315352697096,315.76763485477176,84,87,393.0,407.0,124.7703,131.98680000000002,128.37855000000002,4.134749928561591
3.8499999999999943,416.1411949493505,247.91218760207448,47.8941866725049,245.7680250783699,315.98746081504703,84,87,392.0,408.0,124.7703,131.98680000000002,128.37855000000002,4.134749928561591
3.899999999999994,420.4450980189265,252.67444007521686,48.10092416893298,245.2155625657203,316.29863301787594,84,87,392.0,408.0,124.7703,131.98680000000002,128.37855000000002,4.134749928561591
3.949999999999994,424.7317897110688,257.45219107194896,48.30766166536105,245.0793650793651,316.1904761904762,84,87,393.0,407.0,124.7703,131.98680000000002,128.37855000000002,4.134749928561591
3.999999999999994,429.0012142153924,262.24537838856173,48.51439916178913,245.20255863539447,316.4179104477612,84,87,393.0,407.0,124.7703,131.98680000000002,128.37855000000002,4.134749928561591
4.049999999999994,433.2533159463216,267.0539396203737,48.721136658217205,244.89795918367346,316.6487647690655,84,87,393.0,407.0,124.7703,131.98680000000002,128.37855000000002,4.134749928561591
4.099999999999993,437.48803954381384,271.87781216254336,48.92787415464528,244.75675675675674,316.5405405405405,84,87,393.0,407.0,124.7703,131.98680000000002,128.37855000000002,4.134749928561591
4.149999999999993,441.7053298740803,276.7169332108844,49.13461165107336,244.61371055495104,316.86615886833516,84,87,393.0,407.0,124.7703,131.98680000000002,128.37855000000002,4.134749928561591
4.199999999999993,445.9051320303037,281.57123976268326,49.34134914750143,244.46878422782038,316.7579408543264,84,87,394.0,406.0,124.7703,131.98680000000002,128.37855000000002,4.134749928561591
4.249999999999993,450.0873913333534,286.44066861751935,49.54808664392951,244.5916114790287,316.99779249448125,84,87,394.0,406.0,124.7703,131.98680000000002,128.37855000000002,4.134749928561591
4.299999999999993,454.2520533324971,291.325156378088,49.754824140357584,244.27141268075638,317.2413793103448,84,87,394.0,406.0,124.7703,131.98680000000002,128.37855000000002,4.134749928561591
4.3499999999999925,458.3990638061096,296.22463945102584,49.96156163678566,244.12094064949608,317.1332586786114,84,87,394.0,406.0,124.7703,131.98680000000002,128.37855000000002,4.134749928561591
4.399999999999992,462.52836876237916,301.1390540477386,50.168299133213736,243.9684329199549,317.0236753100338,84,87,394.0,406.0,124.7703,131.98680000000002,128.37855000000002,4.134749928561591
4.449999999999992,466.6013942856403,306.02215484036657,50.30612413083247,244.0909090909091,317.27272727272725,84,86,395.0,405.0,124.7703,129.5813,127.17580000000001,2.7564999523743867
4.499999999999992,470.6626617371396,310.91503915858755,50.44394912845121,243.93592677345538,317.162471395881,84,86,395.0,405.0,124.7703,129.5813,127.17580000000001,2.7564999523743867
4.549999999999992,474.71214761664754,315.8176786900814,50.581774126069945,243.77880184331798,317.5115207373272,84,86,395.0,405.0,124.7703,129.5813,127.17580000000001,2.7564999523743867
4.599999999999992,478.74982849210784,320.73004506608004,50.71959912368868,243.61948955916472,317.4013921113689,84,86,395.0,405.0,124.7703,129.5813,127.17580000000001,2.7564999523743867
4.6499999999999915,482.775680999773,325.65210986153187,50.85742412130742,243.74269005847952,317.6608187134503,84,86,395.0,405.0,124.7703,129.5813,127.17580000000001,2.7564999523743867
4.699999999999991,486.7896818443395,330.583844595266,50.995249118926154,243.58068315665489,317.55005889281506,84,86,395.0,405.0,124.7703,129.5813,127.17580000000001,2.7564999523743867
4.749999999999991,490.7918077990827,335.52522073015706,51.13307411654489,243.41637010676158,317.43772241992883,84,86,395.0,405.0,124.7703,129.5813,127.17580000000001,2.7564999523743867
4.799999999999991,494.782035705991,340.47620967329055,51.270899114163626,243.54066985645932,317.70334928229664,84,86,396.0,404.0,124.7703,129.5813,127.17580000000001,2.7564999523743867
4.849999999999991,498.76034247590013,345.4367827761281,51.40872411178236,243.3734939759036,317.5903614457831,84,86,396.0,404.0,124.7703,129.5813,127.17580000000001,2.7564999523743867
4.899999999999991,502.72670508862655,350.4069113346733,51.5465491094011,243.49939246658568,317.861482381531,84,86,396.0,404.0,124.7703,129.5813,127.17580000000001,2.7564999523743867
4.94999999999999,506.68110059310067,355.3865665896377,51.684374107019835,243.32925336597307,317.74785801713585,84,86,396.0,404.0,124.7703,129.5813,127.17580000000001,2.7564999523743867
4.99999999999999,510.6235061074998,360.3757197266075,51.82219910463857,243.1565967940814,317.63255240443897,84,86,396.0,404.0,124.7703,129.5813,127.17580000000001,2.7564999523743867
5.04999999999999,514.5538988193804,365.37434187620994,51.96002410225731,243.28358208955223,317.910447761194,84,86,396.0,404.0,124.7703,129.5813,127.17580000000001,2.7564999523743867
5.09999999999999,518.4722559858101,370.3824041142805,52.09784909987604,243.1077694235589,317.7944862155388,84,86,396.0,404.0,124.7703,129.5813,127.17580000000001,2.7564999523743867
5.14999999999999,522.4154982911141,375.4473296193513,52.16676159868541,243.23640960809104,318.078381795196,85,86,397.0,403.0,127.1758,129.5813,128.37855,1.3782499761871974
5.1999999999999895,526.3526459065739,380.516994194482,52.23567409749478,243.05732484076432,317.96178343949043,85,86,397.0,403.0,127.1758,129.5813,128.37855,1.3782499761871974
5.249999999999989,530.2836931366827,385.5913905058583,52.30458659630415,242.8754813863928,317.8433889602054,85,86,397.0,403.0,127.1758,129.5813,128.37855,1.3782499761871974
5.299999999999989,534.2086342947586,390.67051121282117,52.373499095113516,243.00518134715026,318.13471502590676,85,86,397.0,403.0,127.1758,129.5813,128.37855,1.3782499761871974
5.349999999999989,538.1274637029525,395.7543489678769,52.442411593922884,242.81984334203656,318.01566579634465,85,86,397.0,403.0,127.1758,129.5813,128.37855,1.3782499761871974
5.399999999999989,542.040175692257,400.84289641670836,52.51132409273225,242.9512516469038,318.3135704874835,85,86,397.0,403.0,127.1758,129.5813,128.37855,1.3782499761871974
5.449999999999989,545.946764602514,405.93614619818516,52.58023659154162,242.76228419654714,318.1938911022576,85,86,397.0,403.0,127.1758,129.5813,128.37855,1.3782499761871974
5.4999999999999885,549.8472247824232,411.0340909443745,52.64914909035099,243.10575635876842,318.0722891566265,85,86,397.0,403.0,127.1758,129.5813,128.37855,1.3782499761871974
5.549999999999988,553.7415505895499,416.1367232805519,52.71806158916036,243.24324324324326,317.8378378378378,85,86,397.0,403.0,127.1758,129.5813,128.37855,1.3782499761871974
5.599999999999988,557.6297363903337,421.2440358252117,52.786974087969725,243.05177111716623,317.71117166212537,85,86,397.0,403.0,127.1758,129.5813,128.37855,1.3782499761871974
5.649999999999988,561.5117765600963,426.35602119007785,52.85588658677909,243.19119669876204,318.019257221458,85,86,397.0,403.0,127.1758,129.5813,128.37855,1.3782499761871974
5.699999999999988,565.3876654830498,431.47267198011457,52.92479908558846,242.99583911234396,317.89181692094314,85,86,397.0,403.0,127.1758,129.5813,128.37855,1.3782499761871974
5.749999999999988,569.2573975523044,436.593980793537,52.99371158439783,243.13725490196077,318.2072829131653,85,86,397.0,403.0,127.1758,129.5813,128.37855,1.3782499761871974
5.799999999999987,573.1209671698773,441.719940221822,53.0626240832072,242.93785310734464,318.07909604519773,85,86,397.0,403.0,127.1758,129.5813,128.37855,1.3782499761871974
5.849999999999987,576.9783687467001,446.85054284971875,53.131536582016565,242.73504273504273,317.94871794871796,85,86,398.0,402.0,127.1758,129.5813,128.37855,1.3782499761871974
5.899999999999987,580.8295967026272,451.9857812552596,53.20044908082593,243.10344827586206,317.81609195402297,85,86,398.0,402.0,127.1758,129.5813,128.37855,1.3782499761871974
5.949999999999987,584.6746454664437,457.12564800977077,53.2693615796353,243.2510885341074,318.1422351233672,85,86,398.0,402.0,127.1758,129.5813,128.37855,1.3782499761871974
5.999999999999987,588.5135094758738,462.270135677883,53.33827407844467,243.4017595307918,317.88856304985336,85,86,398.0,402.0,127.1758,129.5813,128.37855,1.3782499761871974
6.0499999999999865,592.3461831775884,467.4192368175424,53.40718657725404,243.19526627218934,317.75147928994085,85,86,398.0,402.0,127.1758,129.5813,128.37855,1.3782499761871974
6.099999999999986,596.1726610272134,472.57294398002125,53.476099076063406,243.34828101644246,318.0866965620329,85,86,398.0,402.0,127.1758,129.5813,128.37855,1.3782499761871974
6.149999999999986,599.9929374893376,477.7312497099287,53.545011574872774,243.13725490196077,317.94871794871796,85,86,398.0,402.0,127.1758,129.5813,128.37855,1.3782499761871974
6.199999999999986,603.8070070375209,482.89414654522153,53.61392407368214,243.53120243531203,317.8082191780822,85,86,398.0,402.0,127.1758,129.5813,128.37855,1.3782499761871974
6.249999999999986,607.614864154302,488.0616270172151,53.68283657249151,243.3179723502304,317.66513056835635,85,86,398.0,402.0,127.1758,129.5813,128.37855,1.3782499761871974
6.299999999999986,611.416503331207,493.2336836505939,53.75174907130088,243.47826086956522,317.39130434782606,85,86,398.0,402.0,127.1758,129.5813,128.37855,1.3782499761871974
6.349999999999985,615.2119190687563,498.41030896342266,53.820661570110246,243.6420722135008,317.7394034536892,85,86,398.0,402.0,127.1758,129.5813,128.37855,1.3782499761871974
6.399999999999985,619.0011058764735,503.59149546715696,53.889574068919615,243.42313787638668,317.59112519809827,85,86,398.0,402.0,127.1758,129.5813,128.37855,1.3782499761871974
6.449999999999985,622.7840582728929,508.77723566665406,53.95848656772898,243.5897435897436,317.94871794871796,85,86,398.0,402.0,127.1758,129.5813,128.37855,1.3782499761871974
6.499999999999985,626.5607707855678,513.9675220601839,54.02739906653835,243.61873990306947,317.2859450726979,85,86,398.0,402.0,127.1758,129.5813,128.37855,1.3782499761871974
6.549999999999985,630.2959132852102,519.1136779819827,54.02739906653835,243.79084967320262,317.6470588235294,85,85,399.0,401.0,127.1758,127.1758,127.1758,0.0
6.5999999999999845,634.0310557848526,524.2598339037816,54.02739906653835,243.96694214876032,317.35537190082647,85,85,399.0,401.0,127.1758,127.1758,127.1758,0.0
6.649999999999984,637.766198284495,529.4059898255804,54.02739906653835,243.73956594323874,317.19532554257097,85,85,399.0,401.0,127.1758,127.1758,127.1758,0.0
6.699999999999984,641.5013407841374,534.5521457473792,54.02739906653835,244.18212478920742,317.03204047217537,85,85,399.0,401.0,127.1758,127.1758,127.1758,0.0
6.749999999999984,645.2364832837798,539.698301669178,54.02739906653835,244.36860068259386,317.4061433447099,85,85,399.0,401.0,127.1758,127.1758,127.1758,0.0
6.799999999999984,648.9716257834222,544.8444575909768,54.02739906653835,244.13793103448276,317.2413793103448,85,85,399.0,401.0,127.1758,127.1758,127.1758,0.0
6.849999999999984,652.7067682830645,549.9906135127757,54.02739906653835,244.5993031358885,317.0731707317073,85,85,399.0,401.0,127.1758,127.1758,127.1758,0.0
6.8999999999999835,656.4419107827069,555.1367694345745,54.02739906653835,244.3661971830986,316.90140845070425,85,85,399.0,401.0,127.1758,127.1758,127.1758,0.0
6.949999999999983,660.1770532823493,560.2829253563733,54.02739906653835,244.5632798573975,316.57754010695186,85,85,399.0,401.0,127.1758,127.1758,127.1758,0.0
6.999999999999983,663.9121957819917,565.4290812781721,54.02739906653835,244.76534296028882,316.9675090252708,85,85,399.0,401.0,127.1758,127.1758,127.1758,0.0
7.049999999999983,667.6473382816341,570.575237199971,54.02739906653835,245.25547445255475,316.7883211678832,85,85,399.0,401.0,127.1758,127.1758,127.1758,0.0
7.099999999999983,671.3824807812765,575.7213931217698,54.02739906653835,245.01845018450186,316.6051660516605,85,85,399.0,401.0,127.1758,127.1758,127.1758,0.0
7.149999999999983,675.1176232809189,580.8675490435686,54.02739906653835,244.77611940298507,316.4179104477612,85,85,399.0,401.0,127.1758,127.1758,127.1758,0.0
7.199999999999982,678.8527657805613,586.0137049653674,54.02739906653835,244.99054820415878,316.8241965973535,85,85,399.0,401.0,127.1758,127.1758,127.1758,0.0
7.249999999999982,682.5879082802037,591.1598608871662,54.02739906653835,245.50669216061186,315.8699808795411,85,85,399.0,401.0,127.1758,127.1758,127.1758,0.0
7.299999999999982,686.3230507798461,596.3060168089651,54.02739906653835,245.73643410852713,316.27906976744185,85,85,399.0,401.0,127.1758,127.1758,127.1758,0.0
7.349999999999982,690.0581932794885,601.4521727307639,54.02739906653835,245.49019607843138,316.078431372549,85,85,399.0,401.0,127.1758,127.1758,127.1758,0.0
7.399999999999982,693.7933357791309,606.5983286525627,54.02739906653835,245.72564612326045,316.5009940357853,85,85,399.0,401.0,127.1758,127.1758,127.1758,0.0
7.4499999999999815,697.5284782787733,611.7444845743615,54.02739906653835,245.78313253012047,315.66265060240966,85,85,400.0,400.0,127.1758,127.1758,127.1758,0.0
7.499999999999981,701.2636207784157,616.8906404961604,54.02739906653835,246.0285132382892,316.0896130346232,85,85,400.0,400.0,127.1758,127.1758,127.1758,0.0
7.549999999999981,704.998763278058,622.0367964179592,54.02739906653835,245.77319587628867,315.87628865979383,85,85,400.0,400.0,127.1758,127.1758,127.1758,0.0
7.599999999999981,708.7339057777004,627.182952339758,54.02739906653835,246.86192468619248,315.4811715481172,85,85,400.0,400.0,127.1758,127.1758,127.1758,0.0
7.649999999999981,712.4690482773428,632.3291082615568,54.02739906653835,246.61016949152543,315.2542372881356,85,85,400.0,400.0,127.1758,127.1758,127.1758,0.0
7.699999999999981,716.2041907769852,637.4752641833556,54.02739906653835,246.88172043010752,315.6989247311828,85,85,400.0,400.0,127.1758,127.1758,127.1758,0.0
7.7499999999999805,719.9393332766276,642.6214201051545,54.02739906653835,246.6230936819172,315.4684095860566,85,85,400.0,400.0,127.1758,127.1758,127.1758,0.0
7.79999999999998,723.67447577627,647.7675760269533,54.02739906653835,247.24061810154527,315.2317880794702,85,85,400.0,400.0,127.1758,127.1758,127.1758,0.0
7.84999999999998,727.4096182759124,652.9137319487521,54.02739906653835,246.9798657718121,314.98881431767336,85,85,400.0,400.0,127.1758,127.1758,127.1758,0.0
7.89999999999998,731.1447607755548,658.0598878705509,54.02739906653835,247.27272727272728,315.45454545454544,85,85,400.0,400.0,127.1758,127.1758,127.1758,0.0
7.94999999999998,734.8799032751972,663.2060437923498,54.02739906653835,247.57505773672057,315.01154734411085,85,85,400.0,400.0,127.1758,127.1758,127.1758,0.0
7.99999999999998,738.6150457748396,668.3521997141486,54.02739906653835,248.24355971896955,314.75409836065575,85,85,400.0,400.0,127.1758,127.1758,127.1758,0.0
8.04999999999998,742.350188274482,673.4983556359474,54.02739906653835,247.9809976247031,314.4893111638955,85,85,400.0,400.0,127.1758,127.1758,127.1758,0.0
8.09999999999998,746.0853307741244,678.6445115577462,54.02739906653835,247.710843373494,314.2168674698795,85,85,400.0,400.0,127.1758,127.1758,127.1758,0.0
8.14999999999998,749.8204732737668,683.790667479545,54.02739906653835,248.0392156862745,314.70588235294116,85,85,400.0,400.0,127.1758,127.1758,127.1758,0.0
8.199999999999982,753.5556157734092,688.9368234013439,54.02739906653835,248.75621890547265,314.4278606965174,85,85,400.0,400.0,127.1758,127.1758,127.1758,0.0
8.249999999999982,757.2201089413164,693.9856410082283,54.02739906653835,246.0,311.0,84,84,396.0,396.0,124.7703,124.7703,124.7703,0.0
8.299999999999983,760.8139527774885,698.9371203001983,54.02739906653835,242.0,306.0,83,83,390.0,390.0,122.36479999999999,122.36479999999999,122.36479999999999,0.0
8.349999999999984,764.3371472819252,703.791261277254,54.02739906653835,239.0,301.0,82,82,384.0,384.0,119.9593,119.9593,119.9593,0.0
8.399999999999984,767.7190431228917,708.4507256244809,54.02739906653835,235.0,296.0,80,80,377.0,377.0,115.14829999999999,115.14829999999999,115.14829999999999,0.0
8.449999999999985,771.0302896321228,713.0128516567935,54.02739906653835,232.0,291.0,79,79,372.0,372.0,112.7428,112.7428,112.7428,0.0
8.499999999999986,774.2708868096189,717.4776393741917,54.02739906653835,228.0,286.0,78,78,365.0,365.0,110.33729999999998,110.33729999999998,110.33729999999998,0.0
8.549999999999986,777.4408346553797,721.8450887766755,54.02739906653835,225.0,282.0,77,77,360.0,360.0,107.9318,107.9318,107.9318,0.0
8.599999999999987,780.5401331694053,726.115199864245,54.02739906653835,222.0,278.0,76,76,355.0,355.0,105.52629999999998,105.52629999999998,105.52629999999998,0.0
8.649999999999988,783.5334576858281,730.2393034794429,53.95848656772898,219.0,273.0,75,74,350.0,348.0,103.12079999999999,100.7153,101.91805,-1.3782499761871891
8.699999999999989,786.425590770199,734.2139239848984,53.95848656772898,216.0,269.0,73,73,344.0,344.0,98.30979999999998,98.30979999999998,98.30979999999998,0.0
8.74999999999999,789.2469575003056,738.091291219308,53.95848656772898,213.0,265.0,72,72,339.0,339.0,95.90429999999999,95.90429999999999,95.90429999999999,0.0
8.79999999999999,791.9975578761479,741.8714051826717,53.95848656772898,210.0,261.0,71,71,334.0,334.0,93.4988,93.4988,93.4988,0.0
8.84999999999999,794.6773918977258,745.5542658749893,53.95848656772898,208.0,258.0,70,70,331.0,331.0,91.09329999999999,91.09329999999999,91.09329999999999,0.0
8.899999999999991,797.2864595650394,749.1398732962609,53.95848656772898,205.0,254.0,69,69,326.0,326.0,88.6878,88.6878,88.6878,0.0
8.949999999999992,799.8247608780887,752.6282274464867,53.95848656772898,202.0,250.0,68,68,321.0,321.0,86.2823,86.2823,86.2823,0.0
8.999999999999993,802.2922958368737,756.0193283256665,53.95848656772898,200.0,247.0,67,67,317.0,317.0,83.87679999999999,83.87679999999999,83.87679999999999,0.0
9.049999999999994,804.6890644413943,759.3131759338004,53.95848656772898,197.0,243.0,66,66,312.0,312.0,81.4713,81.4713,81.4713,0.0
9.099999999999994,807.0858330459149,762.6070235419343,53.95848656772898,195.0,240.0,66,66,309.0,309.0,81.4713,81.4713,81.4713,0.0
9.149999999999995,809.4118352961713,765.8036178790221,53.95848656772898,192.0,237.0,65,65,305.0,305.0,79.06579999999998,79.06579999999998,79.06579999999998,0.0
9.199999999999996,811.6670711921633,768.902958945064,53.95848656772898,190.0,234.0,64,64,301.0,301.0,76.66029999999999,76.66029999999999,76.66029999999999,0.0
9.249999999999996,813.851540733891,771.90504674006,53.95848656772898,188.0,231.0,63,63,297.0,297.0,74.2548,74.2548,74.2548,0.0
9.299999999999997,816.0360102756188,774.907134535056,53.95848656772898,186.0,228.0,63,63,294.0,294.0,74.2548,74.2548,74.2548,0.0
9.349999999999998,818.1497134630822,777.8119690590061,53.95848656772898,183.0,225.0,62,62,290.0,290.0,71.84929999999999,71.84929999999999,71.84929999999999,0.0
9.399999999999999,820.1926502962813,780.6195503119102,53.95848656772898,181.0,222.0,61,61,286.0,286.0,69.4438,69.4438,69.4438,0.0
9.45,822.1648207752161,783.3298782937683,53.95848656772898,179.0,219.0,60,60,282.0,282.0,67.03829999999998,67.03829999999998,67.03829999999998,0.0
9.5,824.0662248998865,785.9429530045804,53.95848656772898,177.0,216.0,59,59,279.0,279.0,64.63279999999999,64.63279999999999,64.63279999999999,0.0
9.55,825.9676290245569,788.5560277153926,53.95848656772898,175.0,214.0,59,59,276.0,276.0,64.63279999999999,64.63279999999999,64.63279999999999,0.0
9.600000000000001,827.7982667949631,791.0718491551588,53.95848656772898,174.0,211.0,58,58,274.0,272.0,62.2273,62.2273,62.2273,0.0
9.650000000000002,829.5581382111048,793.4904173238791,53.95848656772898,172.0,208.0,57,57,270.0,268.0,59.82179999999998,59.82179999999998,59.82179999999998,0.0
9.700000000000003,831.3180096272466,795.9089854925994,53.95848656772898,170.0,206.0,57,57,268.0,266.0,59.82179999999998,59.82179999999998,59.82179999999998,0.0
9.750000000000004,833.0071146891241,798.2303003902738,53.95848656772898,168.0,204.0,56,56,265.0,263.0,57.41629999999999,57.41629999999999,57.41629999999999,0.0
9.800000000000004,834.6254533967373,800.4543620169022,53.95848656772898,166.0,201.0,55,55,261.0,259.0,55.0108,55.0108,55.0108,0.0
9.850000000000005,836.2437921043504,802.6784236435307,53.95848656772898,165.0,199.0,55,55,259.0,257.0,55.0108,55.0108,55.0108,0.0
9.900000000000006,837.7913644576993,804.8052319991131,53.95848656772898,163.0,197.0,54,54,256.0,254.0,52.605299999999986,52.605299999999986,52.605299999999986,0.0
9.950000000000006,839.3389368110481,806.9320403546955,53.95848656772898,162.0,195.0,54,54,254.0,252.0,52.605299999999986,52.605299999999986,52.605299999999986,0.0
10.000000000000007,840.8157428101326,808.9615954392319,53.95848656772898,160.0,193.0,53,53,251.0,249.0,50.199799999999996,50.199799999999996,50.199799999999996,0.0
10.050000000000008,842.257165632085,810.9425238882454,53.889574068919615,159.0,191.0,53,52,249.0,247.0,50.199799999999996,47.79429999999999,48.997049999999994,-1.3782499761871974
10.100000000000009,843.6655283353574,812.8731331903199,53.889574068919615,157.0,189.0,52,52,246.0,244.0,47.79429999999999,47.79429999999999,47.79429999999999,0.0
10.15000000000001,845.0384494014187,814.7551584491492,53.820661570110246,156.0,187.0,52,51,244.0,242.0,47.79429999999999,45.38879999999999,46.59154999999999,-1.3782499761871974
10.20000000000001,846.3781330337554,816.5869896856034,53.820661570110246,154.0,185.0,51,51,241.0,239.0,45.38879999999999,45.38879999999999,45.38879999999999,0.0
10.25000000000001,847.682316620072,818.3702795413724,53.75174907130088,153.0,183.0,51,50,239.0,237.0,45.38879999999999,42.9833,44.186049999999994,-1.3782499761871891
10.300000000000011,848.9530857109505,820.1035008529459,53.75174907130088,152.0,181.0,50,50,237.0,235.0,42.9833,42.9833,42.9833,0.0
10.350000000000012,850.1882963983549,821.7882235166145,53.68283657249151,151.0,179.0,50,49,235.0,233.0,42.9833,40.577799999999996,41.78055,-1.3782499761871974
10.400000000000013,851.3899157825324,823.4230034674546,53.68283657249151,149.0,178.0,49,49,233.0,231.0,40.577799999999996,40.577799999999996,40.577799999999996,0.0
10.450000000000014,852.5559184572206,825.0093275733284,53.61392407368214,148.0,176.0,49,48,230.0,228.0,40.577799999999996,38.17229999999999,39.375049999999995,-1.3782499761871974
10.500000000000014,853.7238282393931,826.5942481224292,53.545011574872774,147.0,174.0,49,48,229.0,225.0,40.577799999999996,38.17229999999999,39.375049999999995,-1.3782499761871974
10.550000000000015,854.8579102726776,828.1293927931382,53.545011574872774,146.0,173.0,48,48,227.0,225.0,38.17229999999999,38.17229999999999,38.17229999999999,0.0
10.600000000000016,855.9562591390968,829.6161674349861,53.476099076063406,145.0,171.0,48,47,226.0,222.0,38.17229999999999,35.76679999999999,36.96954999999999,-1.3782499761871974
10.650000000000016,857.0563954288456,831.1016199626638,53.40718657725404,144.0,170.0,48,47,224.0,220.0,38.17229999999999,35.76679999999999,36.96954999999999,-1.3782499761871974
10.700000000000017,858.0866187155109,832.4891803615722,53.33827407844467,142.0,168.0,47,46,221.0,217.0,35.76679999999999,33.361299999999986,34.56404999999999,-1.3782499761871974
10.750000000000018,859.0826026798493,833.8272598760278,53.33827407844467,141.0,167.0,46,46,219.0,217.0,33.361299999999986,33.361299999999986,33.361299999999986,0.0
10.800000000000018,860.0785866441877,835.1653393904835,53.33827407844467,140.0,166.0,46,46,218.0,216.0,33.361299999999986,33.361299999999986,33.361299999999986,0.0
10.85000000000002,861.0386631434959,836.4551781248732,53.2693615796353,139.0,164.0,46,45,216.0,212.0,33.361299999999986,30.955799999999996,32.15854999999999,-1.3782499761871891
10.90000000000002,862.0002903015411,837.7438611945868,53.20044908082593,138.0,163.0,46,45,215.0,211.0,33.361299999999986,30.955799999999996,32.15854999999999,-1.3782499761871891
10.95000000000002,862.9274433229996,838.9832324702344,53.20044908082593,137.0,162.0,45,45,214.0,210.0,30.955799999999996,30.955799999999996,30.955799999999996,0.0
11.000000000000021,863.8185729402313,840.1744494807109,53.131536582016565,137.0,161.0,45,44,213.0,209.0,30.955799999999996,28.550299999999993,29.753049999999995,-1.3782499761871974
11.050000000000022,864.7111346488197,841.3645938236871,53.0626240832072,136.0,159.0,45,44,211.0,207.0,30.955799999999996,28.550299999999993,29.753049999999995,-1.3782499761871974
11.100000000000023,865.5328488876255,842.4575288342206,52.99371158439783,135.0,158.0,44,43,209.0,205.0,28.550299999999993,26.14479999999999,27.34754999999999,-1.3782499761871974
11.150000000000023,866.3558770593494,843.5494747376679,52.92479908558846,134.0,157.0,44,43,207.0,205.0,28.550299999999993,26.14479999999999,27.34754999999999,-1.3782499761871974
11.200000000000024,867.1802179733926,844.6404299544117,52.85588658677909,133.0,156.0,44,43,206.0,204.0,28.550299999999993,26.14479999999999,27.34754999999999,-1.3782499761871974
11.250000000000025,867.969558098459,845.68245614629,52.85588658677909,132.0,155.0,43,43,204.0,202.0,26.14479999999999,26.14479999999999,26.14479999999999,0.0
11.300000000000026,868.7588982235253,846.7244823381682,52.85588658677909,132.0,154.0,43,43,203.0,201.0,26.14479999999999,26.14479999999999,26.14479999999999,0.0
11.350000000000026,869.511926009793,847.7185717700681,52.786974087969725,131.0,153.0,43,42,202.0,200.0,26.14479999999999,23.7393,24.942049999999995,-1.3782499761871891
11.400000000000027,870.2661488921688,848.7117547789879,52.71806158916036,130.0,152.0,43,42,201.0,199.0,26.14479999999999,23.7393,24.942049999999995,-1.3782499761871891
11.450000000000028,870.9851382340842,849.6561806561414,52.71806158916036,129.0,151.0,42,42,199.0,197.0,23.7393,23.7393,23.7393,0.0
11.500000000000028,871.7041275759996,850.6006065332948,52.71806158916036,129.0,150.0,42,42,198.0,196.0,23.7393,23.7393,23.7393,0.0
11.55000000000003,872.3866893724107,851.497183138408,52.64914909035099,128.0,149.0,42,41,197.0,195.0,23.7393,21.333799999999997,22.53655,-1.3782499761871974
11.60000000000003,873.0703290323742,852.3929381440213,52.58023659154162,127.0,148.0,42,41,196.0,194.0,23.7393,21.333799999999997,22.53655,-1.3782499761871974
11.65000000000003,873.7185030255073,853.240108747103,52.58023659154162,126.0,147.0,41,41,194.0,192.0,21.333799999999997,21.333799999999997,21.333799999999997,0.0
11.700000000000031,874.330134477216,854.0395178429588,52.51132409273225,126.0,146.0,41,40,193.0,191.0,21.333799999999997,18.928299999999993,20.131049999999995,-1.3782499761871974
11.750000000000032,874.9427269755877,854.8381907210479,52.442411593922884,125.0,145.0,41,40,192.0,190.0,21.333799999999997,18.928299999999993,20.131049999999995,-1.3782499761871974
11.800000000000033,875.5562796344415,855.6361262260041,52.373499095113516,125.0,145.0,41,40,192.0,190.0,21.333799999999997,18.928299999999993,20.131049999999995,-1.3782499761871974
11.850000000000033,876.1340769275805,856.3856938615555,52.373499095113516,124.0,144.0,40,40,191.0,189.0,18.928299999999993,18.928299999999993,18.928299999999993,0.0
11.900000000000034,876.7118742207196,857.135261497107,52.373499095113516,123.0,143.0,40,40,189.0,187.0,18.928299999999993,18.928299999999993,18.928299999999993,0.0
11.950000000000035,877.2529568752317,857.8371997906859,52.30458659630415,123.0,142.0,40,39,188.0,186.0,18.928299999999993,16.52279999999999,17.72554999999999,-1.3782499761871974
12.000000000000036,877.7948833944557,858.5384867895443,52.23567409749478,122.0,142.0,40,39,188.0,186.0,18.928299999999993,16.52279999999999,17.72554999999999,-1.3782499761871974
12.050000000000036,878.3376529944369,859.2391214791955,52.16676159868541,122.0,141.0,40,39,187.0,185.0,18.928299999999993,16.52279999999999,17.72554999999999,-1.3782499761871974
12.100000000000037,878.8443786321756,859.8916062894849,52.16676159868541,121.0,140.0,39,39,186.0,184.0,16.52279999999999,16.52279999999999,16.52279999999999,0.0
12.150000000000038,879.3511042699142,860.5440910997743,52.16676159868541,121.0,140.0,39,39,186.0,184.0,16.52279999999999,16.52279999999999,16.52279999999999,0.0
12.200000000000038,879.8578299076529,861.1965759100636,52.16676159868541,120.0,139.0,39,39,184.0,182.0,16.52279999999999,16.52279999999999,16.52279999999999,0.0
12.250000000000039,880.3276692875667,861.8015641637418,52.09784909987604,120.0,138.0,39,38,184.0,180.0,16.52279999999999,14.117299999999986,15.320049999999988,-1.3782499761871974
12.30000000000004,880.7982359770905,862.4059868806518,52.028936601066675,119.0,138.0,39,38,183.0,181.0,16.52279999999999,14.117299999999986,15.320049999999988,-1.3782499761871974
12.35000000000004,881.2695292954992,863.0098431864311,51.96002410225731,119.0,137.0,39,38,183.0,179.0,16.52279999999999,14.117299999999986,15.320049999999988,-1.3782499761871974
12.400000000000041,881.7044911642324,863.5657690546664,51.96002410225731,118.0,136.0,38,38,181.0,179.0,14.117299999999986,14.117299999999986,14.117299999999986,0.0
12.450000000000042,882.1394530329657,864.1216949229016,51.96002410225731,118.0,136.0,38,38,181.0,179.0,14.117299999999986,14.117299999999986,14.117299999999986,0.0
12.500000000000043,882.5744149016989,864.6776207911369,51.96002410225731,117.0,135.0,38,38,178.0,178.0,14.117299999999986,14.117299999999986,14.117299999999986,0.0
12.550000000000043,883.0093767704321,865.2335466593721,51.96002410225731,117.0,135.0,38,38,178.0,178.0,14.117299999999986,14.117299999999986,14.117299999999986,0.0
12.600000000000044,883.3702238455974,865.6947462218662,51.96002410225731,116.0,134.0,37,37,177.0,177.0,11.711799999999997,11.711799999999997,11.711799999999997,0.0
12.650000000000045,883.7310709207626,866.1559457843604,51.96002410225731,116.0,134.0,37,37,177.0,177.0,11.711799999999997,11.711799999999997,11.711799999999997,0.0
12.700000000000045,884.0919179959278,866.6171453468545,51.96002410225731,116.0,133.0,37,37,177.0,175.0,11.711799999999997,11.711799999999997,11.711799999999997,0.0
12.750000000000046,884.452765071093,867.0783449093486,51.96002410225731,115.0,133.0,37,37,175.0,175.0,11.711799999999997,11.711799999999997,11.711799999999997,0.0
12.800000000000047,884.8136121462583,867.5395444718428,51.96002410225731,115.0,132.0,37,37,176.0,174.0,11.711799999999997,11.711799999999997,11.711799999999997,0.0
12.850000000000048,885.1744592214235,868.0007440343369,51.96002410225731,115.0,132.0,37,37,176.0,174.0,11.711799999999997,11.711799999999997,11.711799999999997,0.0
12.900000000000048,885.4982488998047,868.4145804439604,51.89111160344794,114.0,131.0,37,36,174.0,172.0,11.711799999999997,9.306299999999993,10.509049999999995,-1.3782499761871974
12.950000000000049,885.8225360856093,868.8280271163127,51.82219910463857,114.0,131.0,37,36,174.0,172.0,11.711799999999997,9.306299999999993,10.509049999999995,-1.3782499761871974
13.00000000000005,886.147320309721,869.2410834532988,51.7532866058292,114.0,131.0,37,36,174.0,172.0,11.711799999999997,9.306299999999993,10.509049999999995,-1.3782499761871974
13.05000000000005,886.4726011023046,869.6537488573883,51.684374107019835,113.0,130.0,37,36,173.0,171.0,11.711799999999997,9.306299999999993,10.509049999999995,-1.3782499761871974
13.100000000000051,886.7983779928065,870.0660227316165,51.61546160821047,113.0,130.0,37,36,173.0,171.0,11.711799999999997,9.306299999999993,10.509049999999995,-1.3782499761871974
13.150000000000052,887.0873089548196,870.4307650357371,51.61546160821047,113.0,129.0,36,36,172.0,170.0,9.306299999999993,9.306299999999993,9.306299999999993,0.0
13.200000000000053,887.3762399168327,870.7955073398576,51.61546160821047,112.0,129.0,36,36,171.0,169.0,9.306299999999993,9.306299999999993,9.306299999999993,0.0
13.250000000000053,887.6651708788457,871.1602496439782,51.61546160821047,112.0,129.0,36,36,171.0,169.0,9.306299999999993,9.306299999999993,9.306299999999993,0.0
13.300000000000054,887.9541018408588,871.5249919480988,51.61546160821047,112.0,128.0,36,36,171.0,169.0,9.306299999999993,9.306299999999993,9.306299999999993,0.0
13.350000000000055,888.2430328028719,871.8897342522193,51.61546160821047,112.0,128.0,36,36,171.0,169.0,9.306299999999993,9.306299999999993,9.306299999999993,0.0
13.400000000000055,888.531963764885,872.2544765563399,51.61546160821047,111.0,128.0,36,36,170.0,168.0,9.306299999999993,9.306299999999993,9.306299999999993,0.0
13.450000000000056,888.7835531717622,872.5720794166127,51.5465491094011,111.0,127.0,36,35,169.0,167.0,9.306299999999993,6.90079999999999,8.103549999999991,-1.3782499761871974
13.500000000000057,889.0355243934118,872.8893794480759,51.47763661059173,111.0,127.0,36,35,169.0,167.0,9.306299999999993,6.90079999999999,8.103549999999991,-1.3782499761871974
13.550000000000058,889.3253319062522,873.2534256741602,51.47763661059173,110.0,127.0,36,36,168.0,168.0,9.306299999999993,9.306299999999993,9.306299999999993,0.0
13.600000000000058,889.5776845781711,873.5704224178054,51.40872411178236,110.0,126.0,36,35,168.0,166.0,9.306299999999993,6.90079999999999,8.103549999999991,-1.3782499761871974
13.650000000000059,889.8304183353038,873.8871154150627,51.339811612972994,110.0,126.0,36,35,168.0,166.0,9.306299999999993,6.90079999999999,8.103549999999991,-1.3782499761871974
13.70000000000006,890.0835328120438,874.2035042078016,51.270899114163626,110.0,126.0,36,35,168.0,166.0,9.306299999999993,6.90079999999999,8.103549999999991,-1.3782499761871974
13.75000000000006,890.2994032792066,874.4726743083087,51.270899114163626,109.0,125.0,35,35,166.0,164.0,6.90079999999999,6.90079999999999,6.90079999999999,0.0
13.800000000000061,890.5152737463693,874.7418444088157,51.270899114163626,109.0,125.0,35,35,166.0,164.0,6.90079999999999,6.90079999999999,6.90079999999999,0.0
13.850000000000062,890.731144213532,875.0110145093228,51.270899114163626,109.0,125.0,35,35,166.0,164.0,6.90079999999999,6.90079999999999,6.90079999999999,0.0
13.900000000000063,890.9470146806948,875.2801846098298,51.270899114163626,109.0,124.0,35,35,166.0,164.0,6.90079999999999,6.90079999999999,6.90079999999999,0.0
13.950000000000063,891.1628851478575,875.5493547103368,51.270899114163626,109.0,124.0,35,35,166.0,164.0,6.90079999999999,6.90079999999999,6.90079999999999,0.0
14.000000000000064,891.3411312519928,875.7716107808205,51.20198661535426,108.0,124.0,35,34,165.0,163.0,6.90079999999999,4.4953,5.698049999999995,-1.3782499761871891
14.050000000000065,891.5196445456263,875.9936523050956,51.13307411654489,108.0,124.0,35,34,165.0,163.0,6.90079999999999,4.4953,5.698049999999995,-1.3782499761871891
14.100000000000065,891.6984247705194,876.215478961955,51.06416161773552,108.0,124.0,35,34,165.0,163.0,6.90079999999999,4.4953,5.698049999999995,-1.3782499761871891
14.150000000000066,891.8774716680473,876.4370904305027,50.995249118926154,108.0,123.0,35,34,164.0,162.0,6.90079999999999,4.4953,5.698049999999995,-1.3782499761871891
14.200000000000067,892.0189353490649,876.6117539131715,50.995249118926154,108.0,123.0,34,34,163.0,163.0,4.4953,4.4953,4.4953,0.0
14.250000000000068,892.1603990300825,876.7864173958402,50.995249118926154,107.0,123.0,34,34,163.0,163.0,4.4953,4.4953,4.4953,0.0
14.300000000000068,892.3018627111002,876.9610808785089,50.995249118926154,107.0,123.0,34,34,163.0,163.0,4.4953,4.4953,4.4953,0.0
14.350000000000069,892.4433263921178,877.1357443611777,50.995249118926154,107.0,123.0,34,34,163.0,163.0,4.4953,4.4953,4.4953,0.0
14.40000000000007,892.5847900731354,877.3104078438464,50.995249118926154,107.0,122.0,34,34,162.0,162.0,4.4953,4.4953,4.4953,0.0
14.45000000000007,892.726253754153,877.4850713265151,50.995249118926154,107.0,122.0,34,34,162.0,162.0,4.4953,4.4953,4.4953,0.0
14.500000000000071,892.8677174351707,877.6597348091839,50.995249118926154,107.0,122.0,34,34,162.0,162.0,4.4953,4.4953,4.4953,0.0
14.550000000000072,893.0091811161883,877.8343982918526,50.995249118926154,107.0,122.0,34,34,162.0,162.0,4.4953,4.4953,4.4953,0.0
14.600000000000072,893.1506447972059,878.0090617745213,50.995249118926154,106.0,122.0,34,34,161.0,161.0,4.4953,4.4953,4.4953,0.0
14.650000000000073,893.2921084782236,878.1837252571901,50.995249118926154,106.0,121.0,34,34,160.0,160.0,4.4953,4.4953,4.4953,0.0
14.700000000000074,893.4335721592412,878.3583887398588,50.995249118926154,106.0,121.0,34,34,160.0,160.0,4.4953,4.4953,4.4953,0.0
14.750000000000075,893.5750358402588,878.5330522225275,50.995249118926154,106.0,121.0,34,34,160.0,160.0,4.4953,4.4953,4.4953,0.0
14.800000000000075,893.7164995212764,878.7077157051963,50.995249118926154,106.0,121.0,34,34,160.0,160.0,4.4953,4.4953,4.4953,0.0
14.850000000000076,893.8579632022941,878.882379187865,50.995249118926154,106.0,121.0,34,34,160.0,160.0,4.4953,4.4953,4.4953,0.0
14.900000000000077,893.9994268833117,879.0570426705337,50.995249118926154,106.0,121.0,34,34,160.0,160.0,4.4953,4.4953,4.4953,0.0
14.950000000000077,894.1408905643293,879.2317061532025,50.995249118926154,106.0,120.0,34,34,160.0,160.0,4.4953,4.4953,4.4953,0.0
15.000000000000078,894.2823542453469,879.4063696358712,50.995249118926154,105.0,120.0,34,34,159.0,159.0,4.4953,4.4953,4.4953,0.0
15.050000000000079,894.4238179263646,879.58103311854,50.995249118926154,105.0,120.0,34,34,159.0,159.0,4.4953,4.4953,4.4953,0.0
15.10000000000008,894.5652816073822,879.7556966012087,50.995249118926154,105.0,120.0,34,34,159.0,159.0,4.4953,4.4953,4.4953,0.0
15.15000000000008,894.7067452883998,879.9303600838774,50.995249118926154,105.0,120.0,34,34,159.0,159.0,4.4953,4.4953,4.4953,0.0
15.200000000000081,894.8482089694174,880.1050235665462,50.995249118926154,105.0,120.0,34,34,159.0,159.0,4.4953,4.4953,4.4953,0.0
15.250000000000082,894.9139733901659,880.1862220952497,50.995249118926154,105.0,119.0,33,33,158.0,158.0,2.0897999999999968,2.0897999999999968,2.0897999999999968,0.0
15.300000000000082,894.9797378109143,880.2674206239533,50.995249118926154,105.0,119.0,33,33,158.0,158.0,2.0897999999999968,2.0897999999999968,2.0897999999999968,0.0
15.350000000000083,895.0455022316628,880.3486191526569,50.995249118926154,105.0,119.0,33,33,158.0,158.0,2.0897999999999968,2.0897999999999968,2.0897999999999968,0.0
15.400000000000084,895.1112666524112,880.4298176813604,50.995249118926154,104.0,119.0,33,33,158.0,158.0,2.0897999999999968,2.0897999999999968,2.0897999999999968,0.0
15.450000000000085,895.1770310731597,880.511016210064,50.995249118926154,104.0,119.0,33,33,158.0,158.0,2.0897999999999968,2.0897999999999968,2.0897999999999968,0.0
15.500000000000085,895.2427954939081,880.5922147387676,50.995249118926154,104.0,119.0,33,33,158.0,158.0,2.0897999999999968,2.0897999999999968,2.0897999999999968,0.0
15.550000000000086,895.3085599146566,880.6734132674711,50.995249118926154,104.0,119.0,33,33,158.0,158.0,2.0897999999999968,2.0897999999999968,2.0897999999999968,0.0
15.600000000000087,895.374324335405,880.7546117961747,50.995249118926154,104.0,119.0,33,33,158.0,158.0,2.0897999999999968,2.0897999999999968,2.0897999999999968,0.0
15.650000000000087,895.4400887561535,880.8358103248783,50.995249118926154,104.0,119.0,33,33,158.0,158.0,2.0897999999999968,2.0897999999999968,2.0897999999999968,0.0
15.700000000000088,895.505853176902,880.9170088535818,50.995249118926154,104.0,119.0,33,33,158.0,158.0,2.0897999999999968,2.0897999999999968,2.0897999999999968,0.0
15.750000000000089,895.5716175976504,880.9982073822854,50.995249118926154,104.0,119.0,33,33,158.0,158.0,2.0897999999999968,2.0897999999999968,2.0897999999999968,0.0
15.80000000000009,895.6373820183989,881.079405910989,50.995249118926154,104.0,119.0,33,33,158.0,158.0,2.0897999999999968,2.0897999999999968,2.0897999999999968,0.0
15.85000000000009,895.7031464391473,881.1606044396925,50.995249118926154,104.0,118.0,33,33,157.0,157.0,2.0897999999999968,2.0897999999999968,2.0897999999999968,0.0
15.900000000000091,895.7689108598958,881.2418029683961,50.995249118926154,104.0,118.0,33,33,157.0,157.0,2.0897999999999968,2.0897999999999968,2.0897999999999968,0.0
15.950000000000092,895.8346752806442,881.3230014970997,50.995249118926154,104.0,118.0,33,33,157.0,157.0,2.0897999999999968,2.0897999999999968,2.0897999999999968,0.0
16.000000000000092,895.9004397013927,881.4042000258032,50.995249118926154,104.0,118.0,33,33,157.0,157.0,2.0897999999999968,2.0897999999999968,2.0897999999999968,0.0
16.050000000000093,895.9662041221411,881.4853985545068,50.995249118926154,104.0,118.0,33,33,157.0,157.0,2.0897999999999968,2.0897999999999968,2.0897999999999968,0.0
16.100000000000094,896.0319685428896,881.5665970832104,50.995249118926154,104.0,118.0,33,33,157.0,157.0,2.0897999999999968,2.0897999999999968,2.0897999999999968,0.0
16.150000000000095,896.097732963638,881.6477956119139,50.995249118926154,103.0,118.0,33,33,156.0,156.0,2.0897999999999968,2.0897999999999968,2.0897999999999968,0.0
16.200000000000095,896.1634973843865,881.7289941406175,50.995249118926154,103.0,118.0,33,33,156.0,156.0,2.0897999999999968,2.0897999999999968,2.0897999999999968,0.0
16.250000000000096,896.2292618051349,881.810192669321,50.995249118926154,103.0,118.0,33,33,156.0,156.0,2.0897999999999968,2.0897999999999968,2.0897999999999968,0.0
16.300000000000097,896.2950262258834,881.8913911980246,50.995249118926154,103.0,118.0,33,33,156.0,156.0,2.0897999999999968,2.0897999999999968,2.0897999999999968,0.0
16.350000000000097,896.3607906466318,881.9725897267282,50.995249118926154,103.0,118.0,33,33,156.0,156.0,2.0897999999999968,2.0897999999999968,2.0897999999999968,0.0
16.400000000000098,896.4265550673803,882.0537882554318,50.995249118926154,103.0,118.0,33,33,156.0,156.0,2.0897999999999968,2.0897999999999968,2.0897999999999968,0.0
16.4500000000001,896.4923194881287,882.1349867841353,50.995249118926154,103.0,117.0,33,33,155.0,155.0,2.0897999999999968,2.0897999999999968,2.0897999999999968,0.0
16.5000000000001,896.5580839088772,882.2161853128389,50.995249118926154,103.0,117.0,33,33,155.0,155.0,2.0897999999999968,2.0897999999999968,2.0897999999999968,0.0
16.5500000000001,896.6238483296256,882.2973838415425,50.995249118926154,103.0,117.0,33,33,155.0,155.0,2.0897999999999968,2.0897999999999968,2.0897999999999968,0.0
16.6000000000001,896.6896127503741,882.378582370246,50.995249118926154,103.0,117.0,33,33,155.0,155.0,2.0897999999999968,2.0897999999999968,2.0897999999999968,0.0
16.6500000000001,896.7553771711225,882.4597808989496,50.995249118926154,103.0,117.0,33,33,155.0,155.0,2.0897999999999968,2.0897999999999968,2.0897999999999968,0.0
16.700000000000102,896.821141591871,882.5409794276532,50.995249118926154,103.0,117.0,33,33,155.0,155.0,2.0897999999999968,2.0897999999999968,2.0897999999999968,0.0
16.750000000000103,896.8869060126194,882.6221779563567,50.995249118926154,103.0,117.0,33,33,155.0,155.0,2.0897999999999968,2.0897999999999968,2.0897999999999968,0.0
16.800000000000104,896.9526704333679,882.7033764850603,50.995249118926154,103.0,117.0,33,33,155.0,155.0,2.0897999999999968,2.0897999999999968,2.0897999999999968,0.0
16.850000000000104,897.0184348541163,882.7845750137639,50.995249118926154,103.0,117.0,33,33,155.0,155.0,2.0897999999999968,2.0897999999999968,2.0897999999999968,0.0
16.900000000000105,897.0841992748648,882.8657735424674,50.995249118926154,102.0,117.0,33,33,155.0,155.0,2.0897999999999968,2.0897999999999968,2.0897999999999968,0.0
16.950000000000106,897.1499636956132,882.946972071171,50.995249118926154,102.0,117.0,33,33,155.0,155.0,2.0897999999999968,2.0897999999999968,2.0897999999999968,0.0
17.000000000000107,897.2157281163617,883.0281705998746,50.995249118926154,102.0,117.0,33,33,155.0,155.0,2.0897999999999968,2.0897999999999968,2.0897999999999968,0.0
17.050000000000107,897.2814925371101,883.1093691285781,50.995249118926154,102.0,116.0,33,33,154.0,154.0,2.0897999999999968,2.0897999999999968,2.0897999999999968,0.0
17.100000000000108,897.3472569578586,883.1905676572817,50.995249118926154,102.0,116.0,33,33,154.0,154.0,2.0897999999999968,2.0897999999999968,2.0897999999999968,0.0
17.15000000000011,897.413021378607,883.2717661859853,50.995249118926154,102.0,116.0,33,33,154.0,154.0,2.0897999999999968,2.0897999999999968,2.0897999999999968,0.0
17.20000000000011,897.4787857993555,883.3529647146888,50.995249118926154,102.0,116.0,33,33,154.0,154.0,2.0897999999999968,2.0897999999999968,2.0897999999999968,0.0
17.25000000000011,897.5445502201039,883.4341632433924,50.995249118926154,102.0,116.0,33,33,154.0,154.0,2.0897999999999968,2.0897999999999968,2.0897999999999968,0.0
17.30000000000011,897.6103146408524,883.515361772096,50.995249118926154,102.0,116.0,33,33,154.0,154.0,2.0897999999999968,2.0897999999999968,2.0897999999999968,0.0
17.35000000000011,897.6760790616008,883.5965603007995,50.995249118926154,102.0,116.0,33,33,154.0,154.0,2.0897999999999968,2.0897999999999968,2.0897999999999968,0.0
17.400000000000112,897.7418434823493,883.6777588295031,50.995249118926154,102.0,116.0,33,33,154.0,154.0,2.0897999999999968,2.0897999999999968,2.0897999999999968,0.0
17.450000000000113,897.8076079030977,883.7589573582067,50.995249118926154,102.0,116.0,33,33,154.0,154.0,2.0897999999999968,2.0897999999999968,2.0897999999999968,0.0
17.500000000000114,897.8733723238462,883.8401558869102,50.995249118926154,102.0,116.0,33,33,154.0,154.0,2.0897999999999968,2.0897999999999968,2.0897999999999968,0.0
17.550000000000114,897.9391367445946,883.9213544156138,50.995249118926154,102.0,116.0,33,33,154.0,154.0,2.0897999999999968,2.0897999999999968,2.0897999999999968,0.0
17.600000000000115,898.0049011653431,884.0025529443174,50.995249118926154,102.0,116.0,33,33,154.0,154.0,2.0897999999999968,2.0897999999999968,2.0897999999999968,0.0
17.650000000000116,897.9949663258225,883.9902865190558,50.995249118926154,101.0,115.0,32,32,153.0,153.0,-0.31570000000000675,-0.31570000000000675,-0.31570000000000675,0.0
17.700000000000117,898.0607307465709,884.0714850477593,50.995249118926154,102.0,116.0,33,33,154.0,154.0,2.0897999999999968,2.0897999999999968,2.0897999999999968,0.0
17.750000000000117,898.0507959070503,884.0592186224977,50.995249118926154,101.0,115.0,32,32,153.0,153.0,-0.31570000000000675,-0.31570000000000675,-0.31570000000000675,0.0
17.800000000000118,898.0408610675297,884.0469521972361,50.995249118926154,101.0,115.0,32,32,153.0,153.0,-0.31570000000000675,-0.31570000000000675,-0.31570000000000675,0.0
17.85000000000012,898.0309262280091,884.0346857719745,50.995249118926154,101.0,115.0,32,32,153.0,153.0,-0.31570000000000675,-0.31570000000000675,-0.31570000000000675,0.0
17.90000000000012,898.0209913884885,884.0224193467129,50.995249118926154,101.0,115.0,32,32,153.0,153.0,-0.31570000000000675,-0.31570000000000675,-0.31570000000000675,0.0
17.95000000000012,898.0110565489679,884.0101529214513,50.995249118926154,101.0,115.0,32,32,153.0,153.0,-0.31570000000000675,-0.31570000000000675,-0.31570000000000675,0.0
18.00000000000012,898.0011217094473,883.9978864961897,50.995249118926154,101.0,115.0,32,32,153.0,153.0,-0.31570000000000675,-0.31570000000000675,-0.31570000000000675,0.0
18.05000000000012,897.9911868699267,883.9856200709281,50.995249118926154,101.0,116.0,32,32,153.0,153.0,-0.31570000000000675,-0.31570000000000675,-0.31570000000000675,0.0
18.100000000000122,898.0569512906751,884.0668185996317,50.995249118926154,102.0,116.0,33,33,154.0,154.0,2.0897999999999968,2.0897999999999968,2.0897999999999968,0.0
18.150000000000123,898.0470164511545,884.0545521743701,50.995249118926154,101.0,115.0,32,32,153.0,153.0,-0.31570000000000675,-0.31570000000000675,-0.31570000000000675,0.0
18.200000000000124,898.0370816116339,884.0422857491085,50.995249118926154,101.0,115.0,32,32,153.0,153.0,-0.31570000000000675,-0.31570000000000675,-0.31570000000000675,0.0
18.250000000000124,898.0271467721133,884.0300193238469,50.995249118926154,101.0,115.0,32,32,153.0,153.0,-0.31570000000000675,-0.31570000000000675,-0.31570000000000675,0.0
18.300000000000125,898.0172119325927,884.0177528985853,50.995249118926154,101.0,115.0,32,32,153.0,153.0,-0.31570000000000675,-0.31570000000000675,-0.31570000000000675,0.0
18.350000000000126,898.007277093072,884.0054864733237,50.995249118926154,101.0,115.0,32,32,153.0,153.0,-0.31570000000000675,-0.31570000000000675,-0.31570000000000675,0.0
18.400000000000126,897.9973422535514,883.9932200480621,50.995249118926154,101.0,115.0,32,32,153.0,153.0,-0.31570000000000675,-0.31570000000000675,-0.31570000000000675,0.0
18.450000000000127,898.0631066742999,884.0744185767657,50.995249118926154,102.0,116.0,33,33,154.0,154.0,2.0897999999999968,2.0897999999999968,2.0897999999999968,0.0
18.500000000000128,898.0531718347793,884.062152151504,50.995249118926154,101.0,115.0,32,32,153.0,153.0,-0.31570000000000675,-0.31570000000000675,-0.31570000000000675,0.0
18.55000000000013,898.0432369952587,884.0498857262425,50.995249118926154,101.0,115.0,32,32,153.0,153.0,-0.31570000000000675,-0.31570000000000675,-0.31570000000000675,0.0
18.60000000000013,898.033302155738,884.0376193009809,50.995249118926154,101.0,115.0,32,32,153.0,153.0,-0.31570000000000675,-0.31570000000000675,-0.31570000000000675,0.0
18.65000000000013,898.0233673162174,884.0253528757192,50.995249118926154,101.0,115.0,32,32,153.0,153.0,-0.31570000000000675,-0.31570000000000675,-0.31570000000000675,0.0
18.70000000000013,898.0134324766968,884.0130864504576,50.995249118926154,101.0,115.0,32,32,153.0,153.0,-0.31570000000000675,-0.31570000000000675,-0.31570000000000675,0.0
18.75000000000013,898.0034976371762,884.000820025196,50.995249118926154,101.0,115.0,32,32,153.0,153.0,-0.31570000000000675,-0.31570000000000675,-0.31570000000000675,0.0
18.800000000000132,897.9935627976556,883.9885535999344,50.995249118926154,101.0,115.0,32,32,153.0,153.0,-0.31570000000000675,-0.31570000000000675,-0.31570000000000675,0.0
18.850000000000133,898.0593272184041,884.069752128638,50.995249118926154,102.0,116.0,33,33,154.0,154.0,2.0897999999999968,2.0897999999999968,2.0897999999999968,0.0
18.900000000000134,898.0493923788835,884.0574857033764,50.995249118926154,101.0,115.0,32,32,153.0,153.0,-0.31570000000000675,-0.31570000000000675,-0.31570000000000675,0.0
18.950000000000134,898.0394575393628,884.0452192781148,50.995249118926154,101.0,115.0,32,32,153.0,153.0,-0.31570000000000675,-0.31570000000000675,-0.31570000000000675,0.0
19.000000000000135,898.0295226998422,884.0329528528532,50.995249118926154,101.0,115.0,32,32,153.0,153.0,-0.31570000000000675,-0.31570000000000675,-0.31570000000000675,0.0
19.050000000000136,898.0195878603216,884.0206864275916,50.995249118926154,101.0,115.0,32,32,153.0,153.0,-0.31570000000000675,-0.31570000000000675,-0.31570000000000675,0.0
19.100000000000136,898.009653020801,884.00842000233,50.995249118926154,101.0,115.0,32,32,153.0,153.0,-0.31570000000000675,-0.31570000000000675,-0.31570000000000675,0.0
19.150000000000137,897.9997181812804,883.9961535770684,50.995249118926154,101.0,115.0,32,32,153.0,153.0,-0.31570000000000675,-0.31570000000000675,-0.31570000000000675,0.0
19.200000000000138,898.0654826020289,884.077352105772,50.995249118926154,102.0,116.0,33,33,154.0,154.0,2.0897999999999968,2.0897999999999968,2.0897999999999968,0.0
19.25000000000014,898.0555477625082,884.0650856805104,50.995249118926154,101.0,115.0,32,32,153.0,153.0,-0.31570000000000675,-0.31570000000000675,-0.31570000000000675,0.0
19.30000000000014,898.0456129229876,884.0528192552488,50.995249118926154,101.0,115.0,32,32,153.0,153.0,-0.31570000000000675,-0.31570000000000675,-0.31570000000000675,0.0
19.35000000000014,898.035678083467,884.0405528299872,50.995249118926154,101.0,115.0,32,32,153.0,153.0,-0.31570000000000675,-0.31570000000000675,-0.31570000000000675,0.0
19.40000000000014,898.0257432439464,884.0282864047256,50.995249118926154,101.0,115.0,32,32,153.0,153.0,-0.31570000000000675,-0.31570000000000675,-0.31570000000000675,0.0
19.45000000000014,898.0158084044258,884.016019979464,50.995249118926154,101.0,115.0,32,32,153.0,153.0,-0.31570000000000675,-0.31570000000000675,-0.31570000000000675,0.0
19.500000000000142,898.0058735649052,884.0037535542024,50.995249118926154,101.0,115.0,32,32,153.0,153.0,-0.31570000000000675,-0.31570000000000675,-0.31570000000000675,0.0
19.550000000000143,897.9959387253846,883.9914871289408,50.995249118926154,101.0,115.0,32,32,153.0,153.0,-0.31570000000000675,-0.31570000000000675,-0.31570000000000675,0.0
19.600000000000144,898.061703146133,884.0726856576443,50.995249118926154,102.0,116.0,33,33,154.0,154.0,2.0897999999999968,2.0897999999999968,2.0897999999999968,0.0
19.650000000000144,898.0517683066124,884.0604192323827,50.995249118926154,101.0,115.0,32,32,153.0,153.0,-0.31570000000000675,-0.31570000000000675,-0.31570000000000675,0.0
19.700000000000145,898.0418334670918,884.0481528071211,50.995249118926154,101.0,115.0,32,32,153.0,153.0,-0.31570000000000675,-0.31570000000000675,-0.31570000000000675,0.0
19.750000000000146,898.0318986275712,884.0358863818595,50.995249118926154,101.0,115.0,32,32,153.0,153.0,-0.31570000000000675,-0.31570000000000675,-0.31570000000000675,0.0
19.800000000000146,898.0219637880506,884.0236199565979,50.995249118926154,101.0,115.0,32,32,153.0,153.0,-0.31570000000000675,-0.31570000000000675,-0.31570000000000675,0.0
19.850000000000147,898.01202894853,884.0113535313363,50.995249118926154,101.0,115.0,32,32,153.0,153.0,-0.31570000000000675,-0.31570000000000675,-0.31570000000000675,0.0
19.900000000000148,898.0020941090094,883.9990871060747,50.995249118926154,101.0,115.0,32,32,153.0,153.0,-0.31570000000000675,-0.31570000000000675,-0.31570000000000675,0.0
19.95000000000015,897.9921592694888,883.9868206808131,50.995249118926154,101.0,116.0,32,32,153.0,153.0,-0.31570000000000675,-0.31570000000000675,-0.31570000000000675,0.0
20.00000000000015,898.0579236902372,884.0680192095167,50.995249118926154,102.0,116.0,33,33,154.0,154.0,2.0897999999999968,2.0897999999999968,2.0897999999999968,0.0
20.05000000000015,898.0479888507166,884.0557527842551,50.995249118926154,101.0,115.0,32,32,153.0,153.0,-0.31570000000000675,-0.31570000000000675,-0.31570000000000675,0.0
20.10000000000015,898.038054011196,884.0434863589935,50.995249118926154,101.0,115.0,32,32,153.0,153.0,-0.31570000000000675,-0.31570000000000675,-0.31570000000000675,0.0
20.15000000000015,898.0281191716754,884.0312199337319,50.995249118926154,101.0,115.0,32,32,153.0,153.0,-0.31570000000000675,-0.31570000000000675,-0.31570000000000675,0.0
20.200000000000152,898.0181843321548,884.0189535084703,50.995249118926154,101.0,115.0,32,32,153.0,153.0,-0.31570000000000675,-0.31570000000000675,-0.31570000000000675,0.0
20.250000000000153,898.0082494926341,884.0066870832087,50.995249118926154,101.0,115.0,32,32,153.0,153.0,-0.31570000000000675,-0.31570000000000675,-0.31570000000000675,0.0
20.300000000000153,897.9983146531135,883.9944206579471,50.995249118926154,101.0,115.0,32,32,153.0,153.0,-0.31570000000000675,-0.31570000000000675,-0.31570000000000675,0.0
20.350000000000154,898.064079073862,884.0756191866507,50.995249118926154,102.0,116.0,33,33,154.0,154.0,2.0897999999999968,2.0897999999999968,2.0897999999999968,0.0
20.400000000000155,898.0541442343414,884.0633527613891,50.995249118926154,101.0,115.0,32,32,153.0,153.0,-0.31570000000000675,-0.31570000000000675,-0.31570000000000675,0.0
20.450000000000156,898.0442093948208,884.0510863361275,50.995249118926154,101.0,115.0,32,32,153.0,153.0,-0.31570000000000675,-0.31570000000000675,-0.31570000000000675,0.0
20.500000000000156,898.0342745553002,884.0388199108659,50.995249118926154,101.0,115.0,32,32,153.0,153.0,-0.31570000000000675,-0.31570000000000675,-0.31570000000000675,0.0
20.550000000000157,898.0243397157795,884.0265534856043,50.995249118926154,101.0,115.0,32,32,153.0,153.0,-0.31570000000000675,-0.31570000000000675,-0.31570000000000675,0.0
20.600000000000158,898.0144048762589,884.0142870603427,50.995249118926154,101.0,115.0,32,32,153.0,153.0,-0.31570000000000675,-0.31570000000000675,-0.31570000000000675,0.0
20.65000000000016,898.0044700367383,884.0020206350811,50.995249118926154,101.0,115.0,32,32,153.0,153.0,-0.31570000000000675,-0.31570000000000675,-0.31570000000000675,0.0
20.70000000000016,897.9945351972177,883.9897542098195,50.995249118926154,101.0,115.0,32,32,153.0,153.0,-0.31570000000000675,-0.31570000000000675,-0.31570000000000675,0.0
20.75000000000016,898.0602996179662,884.070952738523,50.995249118926154,102.0,116.0,33,33,154.0,154.0,2.0897999999999968,2.0897999999999968,2.0897999999999968,0.0
20.80000000000016,898.0503647784456,884.0586863132614,50.995249118926154,101.0,115.0,32,32,153.0,153.0,-0.31570000000000675,-0.31570000000000675,-0.31570000000000675,0.0
20.85000000000016,898.040429938925,884.0464198879998,50.995249118926154,101.0,115.0,32,32,153.0,153.0,-0.31570000000000675,-0.31570000000000675,-0.31570000000000675,0.0
20.900000000000162,898.0304950994043,884.0341534627382,50.995249118926154,101.0,115.0,32,32,153.0,153.0,-0.31570000000000675,-0.31570000000000675,-0.31570000000000675,0.0
20.950000000000163,898.0205602598837,884.0218870374766,50.995249118926154,101.0,115.0,32,32,153.0,153.0,-0.31570000000000675,-0.31570000000000675,-0.31570000000000675,0.0
21.000000000000163,898.0106254203631,884.009620612215,50.995249118926154,101.0,115.0,32,32,153.0,153.0,-0.31570000000000675,-0.31570000000000675,-0.31570000000000675,0.0
21.050000000000164,898.0006905808425,883.9973541869534,50.995249118926154,101.0,115.0,32,32,153.0,153.0,-0.31570000000000675,-0.31570000000000675,-0.31570000000000675,0.0
21.100000000000165,897.9907557413219,883.9850877616918,50.995249118926154,101.0,116.0,32,32,153.0,153.0,-0.31570000000000675,-0.31570000000000675,-0.31570000000000675,0.0
21.150000000000166,898.0565201620703,884.0662862903954,50.995249118926154,102.0,116.0,33,33,154.0,154.0,2.0897999999999968,2.0897999999999968,2.0897999999999968,0.0
21.200000000000166,898.0465853225497,884.0540198651338,50.995249118926154,101.0,115.0,32,32,153.0,153.0,-0.31570000000000675,-0.31570000000000675,-0.31570000000000675,0.0
21.250000000000167,898.0366504830291,884.0417534398722,50.995249118926154,101.0,115.0,32,32,153.0,153.0,-0.31570000000000675,-0.31570000000000675,-0.31570000000000675,0.0
21.300000000000168,898.0267156435085,884.0294870146106,50.995249118926154,101.0,115.0,32,32,153.0,153.0,-0.31570000000000675,-0.31570000000000675,-0.31570000000000675,0.0
21.35000000000017,898.0167808039879,884.017220589349,50.995249118926154,101.0,115.0,32,32,153.0,153.0,-0.31570000000000675,-0.31570000000000675,-0.31570000000000675,0.0
21.40000000000017,898.0068459644673,884.0049541640874,50.995249118926154,101.0,115.0,32,32,153.0,153.0,-0.31570000000000675,-0.31570000000000675,-0.31570000000000675,0.0
21.45000000000017,897.9969111249467,883.9926877388258,50.995249118926154,101.0,115.0,32,32,153.0,153.0,-0.31570000000000675,-0.31570000000000675,-0.31570000000000675,0.0
21.50000000000017,898.0626755456951,884.0738862675294,50.995249118926154,102.0,116.0,33,33,154.0,154.0,2.0897999999999968,2.0897999999999968,2.0897999999999968,0.0
21.55000000000017,898.0527407061745,884.0616198422678,50.995249118926154,101.0,115.0,32,32,153.0,153.0,-0.31570000000000675,-0.31570000000000675,-0.31570000000000675,0.0
21.600000000000172,898.0428058666539,884.0493534170062,50.995249118926154,101.0,115.0,32,32,153.0,153.0,-0.31570000000000675,-0.31570000000000675,-0.31570000000000675,0.0
21.650000000000173,898.0328710271333,884.0370869917446,50.995249118926154,101.0,115.0,32,32,153.0,153.0,-0.31570000000000675,-0.31570000000000675,-0.31570000000000675,0.0
21.700000000000173,898.0229361876127,884.024820566483,50.995249118926154,101.0,115.0,32,32,153.0,153.0,-0.31570000000000675,-0.31570000000000675,-0.31570000000000675,0.0
21.750000000000174,898.0130013480921,884.0125541412214,50.995249118926154,101.0,115.0,32,32,153.0,153.0,-0.31570000000000675,-0.31570000000000675,-0.31570000000000675,0.0
21.800000000000175,898.0030665085715,884.0002877159598,50.995249118926154,101.0,115.0,32,32,153.0,153.0,-0.31570000000000675,-0.31570000000000675,-0.31570000000000675,0.0
21.850000000000176,897.9931316690509,883.9880212906982,50.995249118926154,101.0,115.0,32,32,153.0,153.0,-0.31570000000000675,-0.31570000000000675,-0.31570000000000675,0.0
21.900000000000176,898.0588960897993,884.0692198194017,50.995249118926154,102.0,116.0,33,33,154.0,154.0,2.0897999999999968,2.0897999999999968,2.0897999999999968,0.0
21.950000000000177,898.0489612502787,884.0569533941401,50.995249118926154,101.0,115.0,32,32,153.0,153.0,-0.31570000000000675,-0.31570000000000675,-0.31570000000000675,0.0
22.000000000000178,898.0390264107581,884.0446869688785,50.995249118926154,101.0,115.0,32,32,153.0,153.0,-0.31570000000000675,-0.31570000000000675,-0.31570000000000675,0.0
22.05000000000018,898.0290915712375,884.0324205436169,50.995249118926154,101.0,115.0,32,32,153.0,153.0,-0.31570000000000675,-0.31570000000000675,-0.31570000000000675,0.0
22.10000000000018,898.0191567317169,884.0201541183553,50.995249118926154,101.0,115.0,32,32,153.0,153.0,-0.31570000000000675,-0.31570000000000675,-0.31570000000000675,0.0
22.15000000000018,898.0092218921963,884.0078876930937,50.995249118926154,101.0,115.0,32,32,153.0,153.0,-0.31570000000000675,-0.31570000000000675,-0.31570000000000675,0.0
22.20000000000018,897.9992870526756,883.9956212678321,50.995249118926154,101.0,115.0,32,32,153.0,153.0,-0.31570000000000675,-0.31570000000000675,-0.31570000000000675,0.0
22.25000000000018,898.0650514734241,884.0768197965357,50.995249118926154,102.0,116.0,33,33,154.0,154.0,2.0897999999999968,2.0897999999999968,2.0897999999999968,0.0
22.300000000000182,898.0551166339035,884.0645533712741,50.995249118926154,101.0,115.0,32,32,153.0,153.0,-0.31570000000000675,-0.31570000000000675,-0.31570000000000675,0.0
22.350000000000183,898.0451817943829,884.0522869460125,50.995249118926154,101.0,115.0,32,32,153.0,153.0,-0.31570000000000675,-0.31570000000000675,-0.31570000000000675,0.0
22.400000000000183,898.0352469548623,884.0400205207509,50.995249118926154,101.0,115.0,32,32,153.0,153.0,-0.31570000000000675,-0.31570000000000675,-0.31570000000000675,0.0
22.450000000000184,898.0253121153416,884.0277540954893,50.995249118926154,101.0,115.0,32,32,153.0,153.0,-0.31570000000000675,-0.31570000000000675,-0.31570000000000675,0.0
22.500000000000185,898.015377275821,884.0154876702277,50.995249118926154,101.0,115.0,32,32,153.0,153.0,-0.31570000000000675,-0.31570000000000675,-0.31570000000000675,0.0
22.550000000000185,898.0054424363004,884.0032212449661,50.995249118926154,101.0,115.0,32,32,153.0,153.0,-0.31570000000000675,-0.31570000000000675,-0.31570000000000675,0.0
22.600000000000186,897.9955075967798,883.9909548197045,50.995249118926154,101.0,115.0,32,32,153.0,153.0,-0.31570000000000675,-0.31570000000000675,-0.31570000000000675,0.0
22.650000000000187,898.0612720175283,884.072153348408,50.995249118926154,102.0,116.0,33,33,154.0,154.0,2.0897999999999968,2.0897999999999968,2.0897999999999968,0.0
22.700000000000188,898.0513371780077,884.0598869231465,50.995249118926154,101.0,115.0,32,32,153.0,153.0,-0.31570000000000675,-0.31570000000000675,-0.31570000000000675,0.0
22.75000000000019,898.041402338487,884.0476204978849,50.995249118926154,101.0,115.0,32,32,153.0,153.0,-0.31570000000000675,-0.31570000000000675,-0.31570000000000675,0.0
22.80000000000019,898.0314674989664,884.0353540726232,50.995249118926154,101.0,115.0,32,32,153.0,153.0,-0.31570000000000675,-0.31570000000000675,-0.31570000000000675,0.0
22.85000000000019,898.0215326594458,884.0230876473616,50.995249118926154,101.0,115.0,32,32,153.0,153.0,-0.31570000000000675,-0.31570000000000675,-0.31570000000000675,0.0
22.90000000000019,898.0115978199252,884.0108212221,50.995249118926154,101.0,115.0,32,32,153.0,153.0,-0.31570000000000675,-0.31570000000000675,-0.31570000000000675,0.0
22.95000000000019,898.0016629804046,883.9985547968384,50.995249118926154,101.0,115.0,32,32,153.0,153.0,-0.31570000000000675,-0.31570000000000675,-0.31570000000000675,0.0
23.000000000000192,897.991728140884,883.9862883715768,50.995249118926154,101.0,116.0,32,32,153.0,153.0,-0.31570000000000675,-0.31570000000000675,-0.31570000000000675,0.0
23.050000000000193,898.0574925616324,884.0674869002804,50.995249118926154,102.0,116.0,33,33,154.0,154.0,2.0897999999999968,2.0897999999999968,2.0897999999999968,0.0
23.100000000000193,898.0475577221118,884.0552204750188,50.995249118926154,101.0,115.0,32,32,153.0,153.0,-0.31570000000000675,-0.31570000000000675,-0.31570000000000675,0.0
23.150000000000194,898.0376228825912,884.0429540497572,50.995249118926154,101.0,115.0,32,32,153.0,153.0,-0.31570000000000675,-0.31570000000000675,-0.31570000000000675,0.0
23.200000000000195,898.0276880430706,884.0306876244956,50.995249118926154,101.0,115.0,32,32,153.0,153.0,-0.31570000000000675,-0.31570000000000675,-0.31570000000000675,0.0
23.250000000000195,898.01775320355,884.018421199234,50.995249118926154,101.0,115.0,32,32,153.0,153.0,-0.31570000000000675,-0.31570000000000675,-0.31570000000000675,0.0
23.300000000000196,898.0078183640294,884.0061547739724,50.995249118926154,101.0,115.0,32,32,153.0,153.0,-0.31570000000000675,-0.31570000000000675,-0.31570000000000675,0.0
23.350000000000197,897.9978835245088,883.9938883487108,50.995249118926154,101.0,115.0,32,32,153.0,153.0,-0.31570000000000675,-0.31570000000000675,-0.31570000000000675,0.0
23.400000000000198,898.0636479452572,884.0750868774144,50.995249118926154,102.0,116.0,33,33,154.0,154.0,2.0897999999999968,2.0897999999999968,2.0897999999999968,0.0
23.4500000000002,898.0537131057366,884.0628204521528,50.995249118926154,101.0,115.0,32,32,153.0,153.0,-0.31570000000000675,-0.31570000000000675,-0.31570000000000675,0.0
23.5000000000002,898.043778266216,884.0505540268912,50.995249118926154,101.0,115.0,32,32,153.0,153.0,-0.31570000000000675,-0.31570000000000675,-0.31570000000000675,0.0
23.5500000000002,898.0338434266954,884.0382876016296,50.995249118926154,101.0,115.0,32,32,153.0,153.0,-0.31570000000000675,-0.31570000000000675,-0.31570000000000675,0.0
23.6000000000002,898.0239085871748,884.026021176368,50.995249118926154,101.0,115.0,32,32,153.0,153.0,-0.31570000000000675,-0.31570000000000675,-0.31570000000000675,0.0
23.6500000000002,898.0139737476542,884.0137547511064,50.995249118926154,101.0,115.0,32,32,153.0,153.0,-0.31570000000000675,-0.31570000000000675,-0.31570000000000675,0.0
23.700000000000202,898.0040389081336,884.0014883258448,50.995249118926154,101.0,115.0,32,32,153.0,153.0,-0.31570000000000675,-0.31570000000000675,-0.31570000000000675,0.0
23.750000000000203,897.994104068613,883.9892219005832,50.995249118926154,101.0,115.0,32,32,153.0,153.0,-0.31570000000000675,-0.31570000000000675,-0.31570000000000675,0.0
23.800000000000203,898.0598684893614,884.0704204292867,50.995249118926154,102.0,116.0,33,33,154.0,154.0,2.0897999999999968,2.0897999999999968,2.0897999999999968,0.0
23.850000000000204,898.0499336498408,884.0581540040251,50.995249118926154,101.0,115.0,32,32,153.0,153.0,-0.31570000000000675,-0.31570000000000675,-0.31570000000000675,0.0
23.900000000000205,898.0399988103202,884.0458875787635,50.995249118926154,101.0,115.0,32,32,153.0,153.0,-0.31570000000000675,-0.31570000000000675,-0.31570000000000675,0.0
23.950000000000205,898.0300639707996,884.0336211535019,50.995249118926154,101.0,115.0,32,32,153.0,153.0,-0.31570000000000675,-0.31570000000000675,-0.31570000000000675,0.0
24.000000000000206,898.020129131279,884.0213547282403,50.995249118926154,101.0,115.0,32,32,153.0,153.0,-0.31570000000000675,-0.31570000000000675,-0.31570000000000675,0.0
24.050000000000207,898.0101942917584,884.0090883029787,50.995249118926154,101.0,115.0,32,32,153.0,153.0,-0.31570000000000675,-0.31570000000000675,-0.31570000000000675,0.0
24.100000000000207,898.0002594522377,883.9968218777171,50.995249118926154,101.0,115.0,32,32,153.0,153.0,-0.31570000000000675,-0.31570000000000675,-0.31570000000000675,0.0
24.150000000000208,897.9903246127171,883.9845554524555,50.995249118926154,101.0,116.0,32,32,153.0,153.0,-0.31570000000000675,-0.31570000000000675,-0.31570000000000675,0.0
24.20000000000021,898.0560890334656,884.0657539811591,50.995249118926154,102.0,116.0,33,33,154.0,154.0,2.0897999999999968,2.0897999999999968,2.0897999999999968,0.0
24.25000000000021,898.046154193945,884.0534875558975,50.995249118926154,101.0,115.0,32,32,153.0,153.0,-0.31570000000000675,-0.31570000000000675,-0.31570000000000675,0.0
24.30000000000021,898.0362193544244,884.0412211306359,50.995249118926154,101.0,115.0,32,32,153.0,153.0,-0.31570000000000675,-0.31570000000000675,-0.31570000000000675,0.0
24.35000000000021,898.0262845149038,884.0289547053743,50.995249118926154,101.0,115.0,32,32,153.0,153.0,-0.31570000000000675,-0.31570000000000675,-0.31570000000000675,0.0
24.40000000000021,898.0163496753831,884.0166882801127,50.995249118926154,101.0,115.0,32,32,153.0,153.0,-0.31570000000000675,-0.31570000000000675,-0.31570000000000675,0.0
24.450000000000212,898.0064148358625,884.0044218548511,50.995249118926154,101.0,115.0,32,32,153.0,153.0,-0.31570000000000675,-0.31570000000000675,-0.31570000000000675,0.0
24.500000000000213,897.9964799963419,883.9921554295895,50.995249118926154,101.0,115.0,32,32,153.0,153.0,-0.31570000000000675,-0.31570000000000675,-0.31570000000000675,0.0
24.550000000000214,898.0622444170904,884.0733539582931,50.995249118926154,102.0,116.0,33,33,154.0,154.0,2.0897999999999968,2.0897999999999968,2.0897999999999968,0.0
24.600000000000215,898.0523095775698,884.0610875330315,50.995249118926154,101.0,115.0,32,32,153.0,153.0,-0.31570000000000675,-0.31570000000000675,-0.31570000000000675,0.0
24.650000000000215,898.0423747380491,884.0488211077699,50.995249118926154,101.0,115.0,32,32,153.0,153.0,-0.31570000000000675,-0.31570000000000675,-0.31570000000000675,0.0
24.700000000000216,898.0324398985285,884.0365546825083,50.995249118926154,101.0,115.0,32,32,153.0,153.0,-0.31570000000000675,-0.31570000000000675,-0.31570000000000675,0.0
24.750000000000217,898.0225050590079,884.0242882572467,50.995249118926154,101.0,115.0,32,32,153.0,153.0,-0.31570000000000675,-0.31570000000000675,-0.31570000000000675,0.0
24.800000000000217,898.0125702194873,884.0120218319851,50.995249118926154,101.0,115.0,32,32,153.0,153.0,-0.31570000000000675,-0.31570000000000675,-0.31570000000000675,0.0
24.850000000000218,898.0026353799667,883.9997554067235,50.995249118926154,101.0,115.0,32,32,153.0,153.0,-0.31570000000000675,-0.31570000000000675,-0.31570000000000675,0.0
24.90000000000022,897.9927005404461,883.9874889814619,50.995249118926154,101.0,116.0,32,32,153.0,153.0,-0.31570000000000675,-0.31570000000000675,-0.31570000000000675,0.0
24.95000000000022,898.0584649611945,884.0686875101654,50.995249118926154,102.0,116.0,33,33,154.0,154.0,2.0897999999999968,2.0897999999999968,2.0897999999999968,0.0
25.00000000000022,898.0485301216739,884.0564210849038,50.995249118926154,101.0,115.0,32,32,153.0,153.0,-0.31570000000000675,-0.31570000000000675,-0.31570000000000675,0.0
25.05000000000022,898.0385952821533,884.0441546596422,50.995249118926154,101.0,115.0,32,32,153.0,153.0,-0.31570000000000675,-0.31570000000000675,-0.31570000000000675,0.0
25.10000000000022,898.0286604426327,884.0318882343806,50.995249118926154,101.0,115.0,32,32,153.0,153.0,-0.31570000000000675,-0.31570000000000675,-0.31570000000000675,0.0
25.150000000000222,898.0187256031121,884.019621809119,50.995249118926154,101.0,115.0,32,32,153.0,153.0,-0.31570000000000675,-0.31570000000000675,-0.31570000000000675,0.0
25.200000000000223,898.0087907635915,884.0073553838574,50.995249118926154,101.0,115.0,32,32,153.0,153.0,-0.31570000000000675,-0.31570000000000675,-0.31570000000000675,0.0
25.250000000000224,897.9988559240709,883.9950889585958,50.995249118926154,101.0,115.0,32,32,153.0,153.0,-0.31570000000000675,-0.31570000000000675,-0.31570000000000675,0.0
25.300000000000225,898.0646203448193,884.0762874872994,50.995249118926154,102.0,116.0,33,33,154.0,154.0,2.0897999999999968,2.0897999999999968,2.0897999999999968,0.0
25.350000000000225,898.0546855052987,884.0640210620378,50.995249118926154,101.0,115.0,32,32,153.0,153.0,-0.31570000000000675,-0.31570000000000675,-0.31570000000000675,0.0
25.400000000000226,898.0447506657781,884.0517546367762,50.995249118926154,101.0,115.0,32,32,153.0,153.0,-0.31570000000000675,-0.31570000000000675,-0.31570000000000675,0.0
25.450000000000227,898.0348158262575,884.0394882115146,50.995249118926154,101.0,115.0,32,32,153.0,153.0,-0.31570000000000675,-0.31570000000000675,-0.31570000000000675,0.0
25.500000000000227,898.0248809867369,884.027221786253,50.995249118926154,101.0,115.0,32,32,153.0,153.0,-0.31570000000000675,-0.31570000000000675,-0.31570000000000675,0.0
25.550000000000228,898.0149461472163,884.0149553609914,50.995249118926154,101.0,115.0,32,32,153.0,153.0,-0.31570000000000675,-0.31570000000000675,-0.31570000000000675,0.0
25.60000000000023,898.0050113076957,884.0026889357298,50.995249118926154,101.0,115.0,32,32,153.0,153.0,-0.31570000000000675,-0.31570000000000675,-0.31570000000000675,0.0
25.65000000000023,897.9950764681751,883.9904225104682,50.995249118926154,101.0,115.0,32,32,153.0,153.0,-0.31570000000000675,-0.31570000000000675,-0.31570000000000675,0.0
25.70000000000023,898.0608408889235,884.0716210391718,50.995249118926154,102.0,116.0,33,33,154.0,154.0,2.0897999999999968,2.0897999999999968,2.0897999999999968,0.0
25.75000000000023,898.0509060494029,884.0593546139102,50.995249118926154,101.0,115.0,32,32,153.0,153.0,-0.31570000000000675,-0.31570000000000675,-0.31570000000000675,0.0
25.80000000000023,898.0409712098823,884.0470881886486,50.995249118926154,101.0,115.0,32,32,153.0,153.0,-0.31570000000000675,-0.31570000000000675,-0.31570000000000675,0.0
25.850000000000232,898.0310363703617,884.034821763387,50.995249118926154,101.0,115.0,32,32,153.0,153.0,-0.31570000000000675,-0.31570000000000675,-0.31570000000000675,0.0
25.900000000000233,898.0211015308411,884.0225553381254,50.995249118926154,101.0,115.0,32,32,153.0,153.0,-0.31570000000000675,-0.31570000000000675,-0.31570000000000675,0.0
25.950000000000234,898.0111666913205,884.0102889128638,50.995249118926154,101.0,115.0,32,32,153.0,153.0,-0.31570000000000675,-0.31570000000000675,-0.31570000000000675,0.0
26.000000000000234,898.0012318517998,883.9980224876022,50.995249118926154,101.0,115.0,32,32,153.0,153.0,-0.31570000000000675,-0.31570000000000675,-0.31570000000000675,0.0
26.050000000000235,897.9912970122792,883.9857560623406,50.995249118926154,101.0,116.0,32,32,153.0,153.0,-0.31570000000000675,-0.31570000000000675,-0.31570000000000675,0.0
26.100000000000236,898.0570614330277,884.0669545910441,50.995249118926154,102.0,116.0,33,33,154.0,154.0,2.0897999999999968,2.0897999999999968,2.0897999999999968,0.0
26.150000000000237,898.0471265935071,884.0546881657825,50.995249118926154,101.0,115.0,32,32,153.0,153.0,-0.31570000000000675,-0.31570000000000675,-0.31570000000000675,0.0
26.200000000000237,898.0371917539865,884.0424217405209,50.995249118926154,101.0,115.0,32,32,153.0,153.0,-0.31570000000000675,-0.31570000000000675,-0.31570000000000675,0.0
26.250000000000238,898.0272569144659,884.0301553152593,50.995249118926154,101.0,115.0,32,32,153.0,153.0,-0.31570000000000675,-0.31570000000000675,-0.31570000000000675,0.0
26.30000000000024,898.0173220749452,884.0178888899977,50.995249118926154,101.0,115.0,32,32,153.0,153.0,-0.31570000000000675,-0.31570000000000675,-0.31570000000000675,0.0
26.35000000000024,898.0073872354246,884.0056224647361,50.995249118926154,101.0,115.0,32,32,153.0,153.0,-0.31570000000000675,-0.31570000000000675,-0.31570000000000675,0.0
26.40000000000024,897.997452395904,883.9933560394745,50.995249118926154,101.0,115.0,32,32,153.0,153.0,-0.31570000000000675,-0.31570000000000675,-0.31570000000000675,0.0
26.45000000000024,898.0632168166525,884.0745545681781,50.995249118926154,102.0,116.0,33,33,154.0,154.0,2.0897999999999968,2.0897999999999968,2.0897999999999968,0.0
26.50000000000024,898.0532819771319,884.0622881429165,50.995249118926154,101.0,115.0,32,32,153.0,153.0,-0.31570000000000675,-0.31570000000000675,-0.31570000000000675,0.0
26.550000000000242,898.0433471376112,884.0500217176549,50.995249118926154,101.0,115.0,32,32,153.0,153.0,-0.31570000000000675,-0.31570000000000675,-0.31570000000000675,0.0
26.600000000000243,898.0334122980906,884.0377552923933,50.995249118926154,101.0,115.0,32,32,153.0,153.0,-0.31570000000000675,-0.31570000000000675,-0.31570000000000675,0.0
26.650000000000244,898.02347745857,884.0254888671317,50.995249118926154,101.0,115.0,32,32,153.0,153.0,-0.31570000000000675,-0.31570000000000675,-0.31570000000000675,0.0
26.700000000000244,898.0135426190494,884.0132224418701,50.995249118926154,101.0,115.0,32,32,153.0,153.0,-0.31570000000000675,-0.31570000000000675,-0.31570000000000675,0.0
26.750000000000245,898.0036077795288,884.0009560166085,50.995249118926154,101.0,115.0,32,32,153.0,153.0,-0.31570000000000675,-0.31570000000000675,-0.31570000000000675,0.0
26.800000000000246,897.9936729400082,883.9886895913469,50.995249118926154,101.0,115.0,32,32,153.0,153.0,-0.31570000000000675,-0.31570000000000675,-0.31570000000000675,0.0
26.850000000000247,898.0594373607566,884.0698881200505,50.995249118926154,102.0,116.0,33,33,154.0,154.0,2.0897999999999968,2.0897999999999968,2.0897999999999968,0.0
26.900000000000247,898.049502521236,884.0576216947888,50.995249118926154,101.0,115.0,32,32,153.0,153.0,-0.31570000000000675,-0.31570000000000675,-0.31570000000000675,0.0
26.950000000000248,898.0395676817154,884.0453552695272,50.995249118926154,101.0,115.0,32,32,153.0,153.0,-0.31570000000000675,-0.31570000000000675,-0.31570000000000675,0.0
27.00000000000025,898.0296328421948,884.0330888442656,50.995249118926154,101.0,115.0,32,32,153.0,153.0,-0.31570000000000675,-0.31570000000000675,-0.31570000000000675,0.0
27.05000000000025,898.0196980026742,884.020822419004,50.995249118926154,101.0,115.0,32,32,153.0,153.0,-0.31570000000000675,-0.31570000000000675,-0.31570000000000675,0.0
27.10000000000025,898.0097631631536,884.0085559937424,50.995249118926154,101.0,115.0,32,32,153.0,153.0,-0.31570000000000675,-0.31570000000000675,-0.31570000000000675,0.0
27.15000000000025,897.999828323633,883.9962895684808,50.995249118926154,101.0,115.0,32,32,153.0,153.0,-0.31570000000000675,-0.31570000000000675,-0.31570000000000675,0.0
27.20000000000025,898.0655927443814,884.0774880971844,50.995249118926154,102.0,116.0,33,33,154.0,154.0,2.0897999999999968,2.0897999999999968,2.0897999999999968,0.0
27.250000000000252,898.0556579048608,884.0652216719228,50.995249118926154,101.0,115.0,32,32,153.0,153.0,-0.31570000000000675,-0.31570000000000675,-0.31570000000000675,0.0
27.300000000000253,898.0457230653402,884.0529552466612,50.995249118926154,101.0,115.0,32,32,153.0,153.0,-0.31570000000000675,-0.31570000000000675,-0.31570000000000675,0.0
27.350000000000254,898.0357882258196,884.0406888213996,50.995249118926154,101.0,115.0,32,32,153.0,153.0,-0.31570000000000675,-0.31570000000000675,-0.31570000000000675,0.0
27.400000000000254,898.025853386299,884.028422396138,50.995249118926154,101.0,115.0,32,32,153.0,153.0,-0.31570000000000675,-0.31570000000000675,-0.31570000000000675,0.0
27.450000000000255,898.0159185467784,884.0161559708764,50.995249118926154,101.0,115.0,32,32,153.0,153.0,-0.31570000000000675,-0.31570000000000675,-0.31570000000000675,0.0
27.500000000000256,898.0059837072578,884.0038895456148,50.995249118926154,101.0,115.0,32,32,153.0,153.0,-0.31570000000000675,-0.31570000000000675,-0.31570000000000675,0.0
27.550000000000257,897.9960488677372,883.9916231203532,50.995249118926154,101.0,115.0,32,32,153.0,153.0,-0.31570000000000675,-0.31570000000000675,-0.31570000000000675,0.0
27.600000000000257,898.0618132884856,884.0728216490568,50.995249118926154,102.0,116.0,33,33,154.0,154.0,2.0897999999999968,2.0897999999999968,2.0897999999999968,0.0
27.650000000000258,898.051878448965,884.0605552237952,50.995249118926154,101.0,115.0,32,32,153.0,153.0,-0.31570000000000675,-0.31570000000000675,-0.31570000000000675,0.0
27.70000000000026,898.0419436094444,884.0482887985336,50.995249118926154,101.0,115.0,32,32,153.0,153.0,-0.31570000000000675,-0.31570000000000675,-0.31570000000000675,0.0
27.75000000000026,898.0320087699238,884.036022373272,50.995249118926154,101.0,115.0,32,32,153.0,153.0,-0.31570000000000675,-0.31570000000000675,-0.31570000000000675,0.0
27.80000000000026,898.0220739304032,884.0237559480104,50.995249118926154,101.0,115.0,32,32,153.0,153.0,-0.31570000000000675,-0.31570000000000675,-0.31570000000000675,0.0
27.85000000000026,898.0121390908826,884.0114895227488,50.995249118926154,101.0,115.0,32,32,153.0,153.0,-0.31570000000000675,-0.31570000000000675,-0.31570000000000675,0.0
27.90000000000026,898.002204251362,883.9992230974872,50.995249118926154,101.0,115.0,32,32,153.0,153.0,-0.31570000000000675,-0.31570000000000675,-0.31570000000000675,0.0
27.950000000000262,897.9922694118413,883.9869566722256,50.995249118926154,101.0,116.0,32,32,153.0,153.0,-0.31570000000000675,-0.31570000000000675,-0.31570000000000675,0.0
28.000000000000263,898.0580338325898,884.0681552009291,50.995249118926154,102.0,116.0,33,33,154.0,154.0,2.0897999999999968,2.0897999999999968,2.0897999999999968,0.0
28.050000000000264,898.0480989930692,884.0558887756675,50.995249118926154,101.0,115.0,32,32,153.0,153.0,-0.31570000000000675,-0.31570000000000675,-0.31570000000000675,0.0
28.100000000000264,898.0381641535486,884.0436223504059,50.995249118926154,101.0,115.0,32,32,153.0,153.0,-0.31570000000000675,-0.31570000000000675,-0.31570000000000675,0.0
28.150000000000265,898.028229314028,884.0313559251443,50.995249118926154,101.0,115.0,32,32,153.0,153.0,-0.31570000000000675,-0.31570000000000675,-0.31570000000000675,0.0
28.200000000000266,898.0182944745073,884.0190894998827,50.995249118926154,101.0,115.0,32,32,153.0,153.0,-0.31570000000000675,-0.31570000000000675,-0.31570000000000675,0.0
28.250000000000266,898.0083596349867,884.0068230746211,50.995249118926154,101.0,115.0,32,32,153.0,153.0,-0.31570000000000675,-0.31570000000000675,-0.31570000000000675,0.0
28.300000000000267,897.9984247954661,883.9945566493595,50.995249118926154,101.0,115.0,32,32,153.0,153.0,-0.31570000000000675,-0.31570000000000675,-0.31570000000000675,0.0
28.350000000000268,898.0641892162146,884.0757551780631,50.995249118926154,102.0,116.0,33,33,154.0,154.0,2.0897999999999968,2.0897999999999968,2.0897999999999968,0.0
28.40000000000027,898.054254376694,884.0634887528015,50.995249118926154,101.0,115.0,32,32,153.0,153.0,-0.31570000000000675,-0.31570000000000675,-0.31570000000000675,0.0
28.45000000000027,898.0443195371734,884.0512223275399,50.995249118926154,101.0,115.0,32,32,153.0,153.0,-0.31570000000000675,-0.31570000000000675,-0.31570000000000675,0.0
28.50000000000027,898.0343846976527,884.0389559022783,50.995249118926154,101.0,115.0,32,32,153.0,153.0,-0.31570000000000675,-0.31570000000000675,-0.31570000000000675,0.0
28.55000000000027,898.0244498581321,884.0266894770167,50.995249118926154,101.0,115.0,32,32,153.0,153.0,-0.31570000000000675,-0.31570000000000675,-0.31570000000000675,0.0
28.60000000000027,898.0145150186115,884.0144230517551,50.995249118926154,101.0,115.0,32,32,153.0,153.0,-0.31570000000000675,-0.31570000000000675,-0.31570000000000675,0.0
28.650000000000272,898.0045801790909,884.0021566264935,50.995249118926154,101.0,115.0,32,32,153.0,153.0,-0.31570000000000675,-0.31570000000000675,-0.31570000000000675,0.0
28.700000000000273,897.9946453395703,883.9898902012319,50.995249118926154,101.0,115.0,32,32,153.0,153.0,-0.31570000000000675,-0.31570000000000675,-0.31570000000000675,0.0
28.750000000000274,898.0604097603187,884.0710887299355,50.995249118926154,102.0,116.0,33,33,154.0,154.0,2.0897999999999968,2.0897999999999968,2.0897999999999968,0.0
28.800000000000274,898.0504749207981,884.0588223046739,50.995249118926154,101.0,115.0,32,32,153.0,153.0,-0.31570000000000675,-0.31570000000000675,-0.31570000000000675,0.0
28.850000000000275,898.0405400812775,884.0465558794123,50.995249118926154,101.0,115.0,32,32,153.0,153.0,-0.31570000000000675,-0.31570000000000675,-0.31570000000000675,0.0
28.900000000000276,898.0306052417569,884.0342894541507,50.995249118926154,101.0,115.0,32,32,153.0,153.0,-0.31570000000000675,-0.31570000000000675,-0.31570000000000675,0.0
28.950000000000276,898.0206704022363,884.0220230288891,50.995249118926154,101.0,115.0,32,32,153.0,153.0,-0.31570000000000675,-0.31570000000000675,-0.31570000000000675,0.0
29.000000000000277,898.0107355627157,884.0097566036275,50.995249118926154,101.0,115.0,32,32,153.0,153.0,-0.31570000000000675,-0.31570000000000675,-0.31570000000000675,0.0
29.050000000000278,898.0008007231951,883.9974901783659,50.995249118926154,101.0,115.0,32,32,153.0,153.0,-0.31570000000000675,-0.31570000000000675,-0.31570000000000675,0.0
29.10000000000028,897.9908658836745,883.9852237531043,50.995249118926154,101.0,116.0,32,32,153.0,153.0,-0.31570000000000675,-0.31570000000000675,-0.31570000000000675,0.0
29.15000000000028,898.0566303044229,884.0664222818078,50.995249118926154,102.0,116.0,33,33,154.0,154.0,2.0897999999999968,2.0897999999999968,2.0897999999999968,0.0
29.20000000000028,898.0466954649023,884.0541558565462,50.995249118926154,101.0,115.0,32,32,153.0,153.0,-0.31570000000000675,-0.31570000000000675,-0.31570000000000675,0.0
29.25000000000028,898.0367606253817,884.0418894312846,50.995249118926154,101.0,115.0,32,32,153.0,153.0,-0.31570000000000675,-0.31570000000000675,-0.31570000000000675,0.0
29.30000000000028,898.0268257858611,884.029623006023,50.995249118926154,101.0,115.0,32,32,153.0,153.0,-0.31570000000000675,-0.31570000000000675,-0.31570000000000675,0.0
29.350000000000282,898.0168909463405,884.0173565807614,50.995249118926154,101.0,115.0,32,32,153.0,153.0,-0.31570000000000675,-0.31570000000000675,-0.31570000000000675,0.0
29.400000000000283,898.0069561068199,884.0050901554998,50.995249118926154,101.0,115.0,32,32,153.0,153.0,-0.31570000000000675,-0.31570000000000675,-0.31570000000000675,0.0
29.450000000000284,897.9970212672993,883.9928237302382,50.995249118926154,101.0,115.0,32,32,153.0,153.0,-0.31570000000000675,-0.31570000000000675,-0.31570000000000675,0.0
29.500000000000284,898.0627856880477,884.0740222589418,50.995249118926154,102.0,116.0,33,33,154.0,154.0,2.0897999999999968,2.0897999999999968,2.0897999999999968,0.0
29.550000000000285,898.0528508485271,884.0617558336802,50.995249118926154,101.0,115.0,32,32,153.0,153.0,-0.31570000000000675,-0.31570000000000675,-0.31570000000000675,0.0
29.600000000000286,898.0429160090065,884.0494894084186,50.995249118926154,101.0,115.0,32,32,153.0,153.0,-0.31570000000000675,-0.31570000000000675,-0.31570000000000675,0.0
29.650000000000286,898.0329811694859,884.037222983157,50.995249118926154,101.0,115.0,32,32,153.0,153.0,-0.31570000000000675,-0.31570000000000675,-0.31570000000000675,0.0
29.700000000000287,898.0230463299653,884.0249565578954,50.995249118926154,101.0,115.0,32,32,153.0,153.0,-0.31570000000000675,-0.31570000000000675,-0.31570000000000675,0.0
29.750000000000288,898.0131114904447,884.0126901326338,50.995249118926154,101.0,115.0,32,32,153.0,153.0,-0.31570000000000675,-0.31570000000000675,-0.31570000000000675,0.0
29.80000000000029,898.003176650924,884.0004237073722,50.995249118926154,101.0,115.0,32,32,153.0,153.0,-0.31570000000000675,-0.31570000000000675,-0.31570000000000675,0.0
29.85000000000029,897.9932418114034,883.9881572821106,50.995249118926154,101.0,115.0,32,32,153.0,153.0,-0.31570000000000675,-0.31570000000000675,-0.31570000000000675,0.0
29.90000000000029,898.0590062321519,884.0693558108142,50.995249118926154,102.0,116.0,33,33,154.0,154.0,2.0897999999999968,2.0897999999999968,2.0897999999999968,0.0
29.95000000000029,898.0490713926313,884.0570893855526,50.995249118926154,101.0,115.0,32,32,153.0,153.0,-0.31570000000000675,-0.31570000000000675,-0.31570000000000675,0.0
30.00000000000029,898.0391365531107,884.044822960291,50.995249118926154,101.0,115.0,32,32,153.0,153.0,-0.31570000000000675,-0.31570000000000675,-0.31570000000000675,0.0
30.050000000000292,898.02920171359,884.0325565350294,50.995249118926154,101.0,115.0,32,32,153.0,153.0,-0.31570000000000675,-0.31570000000000675,-0.31570000000000675,0.0
30.100000000000293,898.0192668740694,884.0202901097678,50.995249118926154,101.0,115.0,32,32,153.0,153.0,-0.31570000000000675,-0.31570000000000675,-0.31570000000000675,0.0
30.150000000000293,898.0093320345488,884.0080236845062,50.995249118926154,101.0,115.0,32,32,153.0,153.0,-0.31570000000000675,-0.31570000000000675,-0.31570000000000675,0.0
30.200000000000294,897.9993971950282,883.9957572592446,50.995249118926154,101.0,115.0,32,32,153.0,153.0,-0.31570000000000675,-0.31570000000000675,-0.31570000000000675,0.0
30.250000000000295,898.0651616157767,884.0769557879481,50.995249118926154,102.0,116.0,33,33,154.0,154.0,2.0897999999999968,2.0897999999999968,2.0897999999999968,0.0
30.300000000000296,898.0552267762561,884.0646893626865,50.995249118926154,101.0,115.0,32,32,153.0,153.0,-0.31570000000000675,-0.31570000000000675,-0.31570000000000675,0.0
30.350000000000296,898.0452919367355,884.0524229374249,50.995249118926154,101.0,115.0,32,32,153.0,153.0,-0.31570000000000675,-0.31570000000000675,-0.31570000000000675,0.0
30.400000000000297,898.0353570972148,884.0401565121633,50.995249118926154,101.0,115.0,32,32,153.0,153.0,-0.31570000000000675,-0.31570000000000675,-0.31570000000000675,0.0
30.450000000000298,898.0254222576942,884.0278900869017,50.995249118926154,101.0,115.0,32,32,153.0,153.0,-0.31570000000000675,-0.31570000000000675,-0.31570000000000675,0.0
30.5000000000003,898.0154874181736,884.0156236616401,50.995249118926154,101.0,115.0,32,32,153.0,153.0,-0.31570000000000675,-0.31570000000000675,-0.31570000000000675,0.0
30.5500000000003,898.005552578653,884.0033572363785,50.995249118926154,101.0,115.0,32,32,153.0,153.0,-0.31570000000000675,-0.31570000000000675,-0.31570000000000675,0.0
30.6000000000003,897.9956177391324,883.9910908111169,50.995249118926154,101.0,115.0,32,32,153.0,153.0,-0.31570000000000675,-0.31570000000000675,-0.31570000000000675,0.0
30.6500000000003,898.0613821598808,884.0722893398205,50.995249118926154,102.0,116.0,33,33,154.0,154.0,2.0897999999999968,2.0897999999999968,2.0897999999999968,0.0
30.7000000000003,898.0514473203602,884.0600229145589,50.995249118926154,101.0,115.0,32,32,153.0,153.0,-0.31570000000000675,-0.31570000000000675,-0.31570000000000675,0.0
30.750000000000302,898.0415124808396,884.0477564892973,50.995249118926154,101.0,115.0,32,32,153.0,153.0,-0.31570000000000675,-0.31570000000000675,-0.31570000000000675,0.0
30.800000000000303,898.031577641319,884.0354900640357,50.995249118926154,101.0,115.0,32,32,153.0,153.0,-0.31570000000000675,-0.31570000000000675,-0.31570000000000675,0.0
30.850000000000303,898.0216428017984,884.0232236387741,50.995249118926154,101.0,115.0,32,32,153.0,153.0,-0.31570000000000675,-0.31570000000000675,-0.31570000000000675,0.0
30.900000000000304,898.0117079622778,884.0109572135125,50.995249118926154,101.0,115.0,32,32,153.0,153.0,-0.31570000000000675,-0.31570000000000675,-0.31570000000000675,0.0
30.950000000000305,898.0017731227572,883.9986907882509,50.995249118926154,101.0,115.0,32,32,153.0,153.0,-0.31570000000000675,-0.31570000000000675,-0.31570000000000675,0.0
31.000000000000306,897.9918382832366,883.9864243629893,50.995249118926154,101.0,116.0,32,32,153.0,153.0,-0.31570000000000675,-0.31570000000000675,-0.31570000000000675,0.0
31.050000000000306,898.057602703985,884.0676228916928,50.995249118926154,102.0,116.0,33,33,154.0,154.0,2.0897999999999968,2.0897999999999968,2.0897999999999968,0.0
31.100000000000307,898.0476678644644,884.0553564664312,50.995249118926154,101.0,115.0,32,32,153.0,153.0,-0.31570000000000675,-0.31570000000000675,-0.31570000000000675,0.0
31.150000000000308,898.0377330249438,884.0430900411696,50.995249118926154,101.0,115.0,32,32,153.0,153.0,-0.31570000000000675,-0.31570000000000675,-0.31570000000000675,0.0
31.20000000000031,898.0277981854232,884.030823615908,50.995249118926154,101.0,115.0,32,32,153.0,153.0,-0.31570000000000675,-0.31570000000000675,-0.31570000000000675,0.0
31.25000000000031,898.0178633459026,884.0185571906464,50.995249118926154,101.0,115.0,32,32,153.0,153.0,-0.31570000000000675,-0.31570000000000675,-0.31570000000000675,0.0
31.30000000000031,898.007928506382,884.0062907653848,50.995249118926154,101.0,115.0,32,32,153.0,153.0,-0.31570000000000675,-0.31570000000000675,-0.31570000000000675,0.0
31.35000000000031,897.9979936668614,883.9940243401232,50.995249118926154,101.0,115.0,32,32,153.0,153.0,-0.31570000000000675,-0.31570000000000675,-0.31570000000000675,0.0
31.40000000000031,898.0637580876098,884.0752228688268,50.995249118926154,102.0,116.0,33,33,154.0,154.0,2.0897999999999968,2.0897999999999968,2.0897999999999968,0.0
31.450000000000312,898.0538232480892,884.0629564435652,50.995249118926154,101.0,115.0,32,32,153.0,153.0,-0.31570000000000675,-0.31570000000000675,-0.31570000000000675,0.0
31.500000000000313,898.0438884085686,884.0506900183036,50.995249118926154,101.0,115.0,32,32,153.0,153.0,-0.31570000000000675,-0.31570000000000675,-0.31570000000000675,0.0
31.550000000000313,898.033953569048,884.038423593042,50.995249118926154,101.0,115.0,32,32,153.0,153.0,-0.31570000000000675,-0.31570000000000675,-0.31570000000000675,0.0
31.600000000000314,898.0240187295274,884.0261571677804,50.995249118926154,101.0,115.0,32,32,153.0,153.0,-0.31570000000000675,-0.31570000000000675,-0.31570000000000675,0.0
31.650000000000315,898.0140838900068,884.0138907425188,50.995249118926154,101.0,115.0,32,32,153.0,153.0,-0.31570000000000675,-0.31570000000000675,-0.31570000000000675,0.0
31.700000000000315,898.0041490504861,884.0016243172572,50.995249118926154,101.0,115.0,32,32,153.0,153.0,-0.31570000000000675,-0.31570000000000675,-0.31570000000000675,0.0
31.750000000000316,897.9942142109655,883.9893578919956,50.995249118926154,101.0,115.0,32,32,153.0,153.0,-0.31570000000000675,-0.31570000000000675,-0.31570000000000675,0.0
31.800000000000317,898.059978631714,884.0705564206992,50.995249118926154,102.0,116.0,33,33,154.0,154.0,2.0897999999999968,2.0897999999999968,2.0897999999999968,0.0
31.850000000000318,898.0500437921934,884.0582899954376,50.995249118926154,101.0,115.0,32,32,153.0,153.0,-0.31570000000000675,-0.31570000000000675,-0.31570000000000675,0.0
31.90000000000032,898.0401089526728,884.046023570176,50.995249118926154,101.0,115.0,32,32,153.0,153.0,-0.31570000000000675,-0.31570000000000675,-0.31570000000000675,0.0
31.95000000000032,898.0301741131522,884.0337571449144,50.995249118926154,101.0,115.0,32,32,153.0,153.0,-0.31570000000000675,-0.31570000000000675,-0.31570000000000675,0.0
32.00000000000032,898.0202392736315,884.0214907196528,50.995249118926154,101.0,115.0,32,32,153.0,153.0,-0.31570000000000675,-0.31570000000000675,-0.31570000000000675,0.0
32.05000000000032,898.0103044341109,884.0092242943912,50.995249118926154,101.0,115.0,32,32,153.0,153.0,-0.31570000000000675,-0.31570000000000675,-0.31570000000000675,0.0
32.100000000000314,898.0003695945903,883.9969578691296,50.995249118926154,101.0,115.0,32,32,153.0,153.0,-0.31570000000000675,-0.31570000000000675,-0.31570000000000675,0.0
32.15000000000031,897.9904347550697,883.984691443868,50.995249118926154,101.0,116.0,32,32,153.0,153.0,-0.31570000000000675,-0.31570000000000675,-0.31570000000000675,0.0
32.20000000000031,898.0561991758182,884.0658899725715,50.995249118926154,102.0,116.0,33,33,154.0,154.0,2.0897999999999968,2.0897999999999968,2.0897999999999968,0.0
32.250000000000306,898.0462643362976,884.0536235473099,50.995249118926154,101.0,115.0,32,32,153.0,153.0,-0.31570000000000675,-0.31570000000000675,-0.31570000000000675,0.0
32.3000000000003,898.036329496777,884.0413571220483,50.995249118926154,101.0,115.0,32,32,153.0,153.0,-0.31570000000000675,-0.31570000000000675,-0.31570000000000675,0.0
32.3500000000003,898.0263946572563,884.0290906967867,50.995249118926154,101.0,115.0,32,32,153.0,153.0,-0.31570000000000675,-0.31570000000000675,-0.31570000000000675,0.0
32.4000000000003,898.0164598177357,884.0168242715251,50.995249118926154,101.0,115.0,32,32,153.0,153.0,-0.31570000000000675,-0.31570000000000675,-0.31570000000000675,0.0
32.450000000000294,898.0065249782151,884.0045578462635,50.995249118926154,101.0,115.0,32,32,153.0,153.0,-0.31570000000000675,-0.31570000000000675,-0.31570000000000675,0.0
32.50000000000029,897.9965901386945,883.9922914210019,50.995249118926154,101.0,115.0,32,32,153.0,153.0,-0.31570000000000675,-0.31570000000000675,-0.31570000000000675,0.0
32.55000000000029,898.062354559443,884.0734899497055,50.995249118926154,102.0,116.0,33,33,154.0,154.0,2.0897999999999968,2.0897999999999968,2.0897999999999968,0.0
32.600000000000286,898.0524197199223,884.0612235244439,50.995249118926154,101.0,115.0,32,32,153.0,153.0,-0.31570000000000675,-0.31570000000000675,-0.31570000000000675,0.0
32.65000000000028,898.0424848804017,884.0489570991823,50.995249118926154,101.0,115.0,32,32,153.0,153.0,-0.31570000000000675,-0.31570000000000675,-0.31570000000000675,0.0
32.70000000000028,898.0325500408811,884.0366906739207,50.995249118926154,101.0,115.0,32,32,153.0,153.0,-0.31570000000000675,-0.31570000000000675,-0.31570000000000675,0.0
32.75000000000028,898.0226152013605,884.0244242486591,50.995249118926154,101.0,115.0,32,32,153.0,153.0,-0.31570000000000675,-0.31570000000000675,-0.31570000000000675,0.0
32.800000000000274,898.0126803618399,884.0121578233975,50.995249118926154,101.0,115.0,32,32,153.0,153.0,-0.31570000000000675,-0.31570000000000675,-0.31570000000000675,0.0
32.85000000000027,898.0027455223193,883.9998913981359,50.995249118926154,101.0,115.0,32,32,153.0,153.0,-0.31570000000000675,-0.31570000000000675,-0.31570000000000675,0.0
32.90000000000027,897.9928106827987,883.9876249728743,50.995249118926154,101.0,116.0,32,32,153.0,153.0,-0.31570000000000675,-0.31570000000000675,-0.31570000000000675,0.0
32.950000000000266,898.0585751035471,884.0688235015779,50.995249118926154,102.0,116.0,33,33,154.0,154.0,2.0897999999999968,2.0897999999999968,2.0897999999999968,0.0
33.00000000000026,898.0486402640265,884.0565570763163,50.995249118926154,101.0,115.0,32,32,153.0,153.0,-0.31570000000000675,-0.31570000000000675,-0.31570000000000675,0.0
33.05000000000026,898.0387054245059,884.0442906510547,50.995249118926154,101.0,115.0,32,32,153.0,153.0,-0.31570000000000675,-0.31570000000000675,-0.31570000000000675,0.0
33.10000000000026,898.0287705849853,884.0320242257931,50.995249118926154,101.0,115.0,32,32,153.0,153.0,-0.31570000000000675,-0.31570000000000675,-0.31570000000000675,0.0
33.150000000000254,898.0188357454647,884.0197578005315,50.995249118926154,101.0,115.0,32,32,153.0,153.0,-0.31570000000000675,-0.31570000000000675,-0.31570000000000675,0.0
33.20000000000025,898.0089009059441,884.0074913752699,50.995249118926154,101.0,115.0,32,32,153.0,153.0,-0.31570000000000675,-0.31570000000000675,-0.31570000000000675,0.0
33.25000000000025,897.9989660664235,883.9952249500083,50.995249118926154,101.0,115.0,32,32,153.0,153.0,-0.31570000000000675,-0.31570000000000675,-0.31570000000000675,0.0
33.300000000000246,898.0647304871719,884.0764234787118,50.995249118926154,102.0,116.0,33,33,154.0,154.0,2.0897999999999968,2.0897999999999968,2.0897999999999968,0.0
33.35000000000024,898.0547956476513,884.0641570534502,50.995249118926154,101.0,115.0,32,32,153.0,153.0,-0.31570000000000675,-0.31570000000000675,-0.31570000000000675,0.0
33.40000000000024,898.0448608081307,884.0518906281886,50.995249118926154,101.0,115.0,32,32,153.0,153.0,-0.31570000000000675,-0.31570000000000675,-0.31570000000000675,0.0
33.45000000000024,898.0349259686101,884.039624202927,50.995249118926154,101.0,115.0,32,32,153.0,153.0,-0.31570000000000675,-0.31570000000000675,-0.31570000000000675,0.0
33.500000000000234,898.0249911290895,884.0273577776654,50.995249118926154,101.0,115.0,32,32,153.0,153.0,-0.31570000000000675,-0.31570000000000675,-0.31570000000000675,0.0
33.55000000000023,898.0150562895689,884.0150913524038,50.995249118926154,101.0,115.0,32,32,153.0,153.0,-0.31570000000000675,-0.31570000000000675,-0.31570000000000675,0.0
33.60000000000023,898.0051214500483,884.0028249271422,50.995249118926154,101.0,115.0,32,32,153.0,153.0,-0.31570000000000675,-0.31570000000000675,-0.31570000000000675,0.0
33.650000000000226,897.9951866105276,883.9905585018806,50.995249118926154,101.0,115.0,32,32,153.0,153.0,-0.31570000000000675,-0.31570000000000675,-0.31570000000000675,0.0
33.70000000000022,898.0609510312761,884.0717570305842,50.995249118926154,102.0,116.0,33,33,154.0,154.0,2.0897999999999968,2.0897999999999968,2.0897999999999968,0.0
33.75000000000022,898.0510161917555,884.0594906053226,50.995249118926154,101.0,115.0,32,32,153.0,153.0,-0.31570000000000675,-0.31570000000000675,-0.31570000000000675,0.0
33.80000000000022,898.0410813522349,884.047224180061,50.995249118926154,101.0,115.0,32,32,153.0,153.0,-0.31570000000000675,-0.31570000000000675,-0.31570000000000675,0.0
33.850000000000215,898.0311465127143,884.0349577547994,50.995249118926154,101.0,115.0,32,32,153.0,153.0,-0.31570000000000675,-0.31570000000000675,-0.31570000000000675,0.0
33.90000000000021,898.0212116731936,884.0226913295378,50.995249118926154,101.0,115.0,32,32,153.0,153.0,-0.31570000000000675,-0.31570000000000675,-0.31570000000000675,0.0
33.95000000000021,898.011276833673,884.0104249042762,50.995249118926154,101.0,115.0,32,32,153.0,153.0,-0.31570000000000675,-0.31570000000000675,-0.31570000000000675,0.0
34.000000000000206,898.0013419941524,883.9981584790146,50.995249118926154,101.0,115.0,32,32,153.0,153.0,-0.31570000000000675,-0.31570000000000675,-0.31570000000000675,0.0
34.0500000000002,897.9914071546318,883.985892053753,50.995249118926154,101.0,116.0,32,32,153.0,153.0,-0.31570000000000675,-0.31570000000000675,-0.31570000000000675,0.0
34.1000000000002,898.0571715753803,884.0670905824566,50.995249118926154,102.0,116.0,33,33,154.0,154.0,2.0897999999999968,2.0897999999999968,2.0897999999999968,0.0
34.1500000000002,898.0472367358597,884.054824157195,50.995249118926154,101.0,115.0,32,32,153.0,153.0,-0.31570000000000675,-0.31570000000000675,-0.31570000000000675,0.0
34.200000000000195,898.037301896339,884.0425577319334,50.995249118926154,101.0,115.0,32,32,153.0,153.0,-0.31570000000000675,-0.31570000000000675,-0.31570000000000675,0.0
34.25000000000019,898.0273670568184,884.0302913066718,50.995249118926154,101.0,115.0,32,32,153.0,153.0,-0.31570000000000675,-0.31570000000000675,-0.31570000000000675,0.0
34.30000000000019,898.0174322172978,884.0180248814102,50.995249118926154,101.0,115.0,32,32,153.0,153.0,-0.31570000000000675,-0.31570000000000675,-0.31570000000000675,0.0
34.350000000000186,898.0074973777772,884.0057584561486,50.995249118926154,101.0,115.0,32,32,153.0,153.0,-0.31570000000000675,-0.31570000000000675,-0.31570000000000675,0.0
34.40000000000018,897.9975625382566,883.993492030887,50.995249118926154,101.0,115.0,32,32,153.0,153.0,-0.31570000000000675,-0.31570000000000675,-0.31570000000000675,0.0
34.45000000000018,898.063326959005,884.0746905595905,50.995249118926154,102.0,116.0,33,33,154.0,154.0,2.0897999999999968,2.0897999999999968,2.0897999999999968,0.0
34.50000000000018,898.0533921194844,884.0624241343289,50.995249118926154,101.0,115.0,32,32,153.0,153.0,-0.31570000000000675,-0.31570000000000675,-0.31570000000000675,0.0
34.550000000000175,898.0434572799638,884.0501577090673,50.995249118926154,101.0,115.0,32,32,153.0,153.0,-0.31570000000000675,-0.31570000000000675,-0.31570000000000675,0.0
34.60000000000017,898.0335224404432,884.0378912838057,50.995249118926154,101.0,115.0,32,32,153.0,153.0,-0.31570000000000675,-0.31570000000000675,-0.31570000000000675,0.0
34.65000000000017,898.0235876009226,884.0256248585441,50.995249118926154,101.0,115.0,32,32,153.0,153.0,-0.31570000000000675,-0.31570000000000675,-0.31570000000000675,0.0
34.700000000000166,898.013652761402,884.0133584332825,50.995249118926154,101.0,115.0,32,32,153.0,153.0,-0.31570000000000675,-0.31570000000000675,-0.31570000000000675,0.0
34.75000000000016,898.0037179218814,884.0010920080209,50.995249118926154,101.0,115.0,32,32,153.0,153.0,-0.31570000000000675,-0.31570000000000675,-0.31570000000000675,0.0
34.80000000000016,897.9937830823608,883.9888255827593,50.995249118926154,101.0,115.0,32,32,153.0,153.0,-0.31570000000000675,-0.31570000000000675,-0.31570000000000675,0.0
34.85000000000016,898.0595475031092,884.0700241114629,50.995249118926154,102.0,116.0,33,33,154.0,154.0,2.0897999999999968,2.0897999999999968,2.0897999999999968,0.0
34.900000000000155,898.0496126635886,884.0577576862013,50.995249118926154,101.0,115.0,32,32,153.0,153.0,-0.31570000000000675,-0.31570000000000675,-0.31570000000000675,0.0
34.95000000000015,898.039677824068,884.0454912609397,50.995249118926154,101.0,115.0,32,32,153.0,153.0,-0.31570000000000675,-0.31570000000000675,-0.31570000000000675,0.0
35.00000000000015,898.0297429845474,884.0332248356781,50.995249118926154,101.0,115.0,32,32,153.0,153.0,-0.31570000000000675,-0.31570000000000675,-0.31570000000000675,0.0
35.050000000000146,898.0198081450268,884.0209584104165,50.995249118926154,101.0,115.0,32,32,153.0,153.0,-0.31570000000000675,-0.31570000000000675,-0.31570000000000675,0.0
35.10000000000014,898.0098733055062,884.0086919851549,50.995249118926154,101.0,115.0,32,32,153.0,153.0,-0.31570000000000675,-0.31570000000000675,-0.31570000000000675,0.0
35.15000000000014,897.9999384659856,883.9964255598933,50.995249118926154,101.0,115.0,32,32,153.0,153.0,-0.31570000000000675,-0.31570000000000675,-0.31570000000000675,0.0
35.20000000000014,898.065702886734,884.0776240885968,50.995249118926154,102.0,116.0,33,33,154.0,154.0,2.0897999999999968,2.0897999999999968,2.0897999999999968,0.0
35.250000000000135,898.0557680472134,884.0653576633352,50.995249118926154,101.0,115.0,32,32,153.0,153.0,-0.31570000000000675,-0.31570000000000675,-0.31570000000000675,0.0
35.30000000000013,898.0458332076928,884.0530912380736,50.995249118926154,101.0,115.0,32,32,153.0,153.0,-0.31570000000000675,-0.31570000000000675,-0.31570000000000675,0.0
35.35000000000013,898.0358983681722,884.040824812812,50.995249118926154,101.0,115.0,32,32,153.0,153.0,-0.31570000000000675,-0.31570000000000675,-0.31570000000000675,0.0
35.40000000000013,898.0259635286516,884.0285583875504,50.995249118926154,101.0,115.0,32,32,153.0,153.0,-0.31570000000000675,-0.31570000000000675,-0.31570000000000675,0.0
35.450000000000124,898.016028689131,884.0162919622888,50.995249118926154,101.0,115.0,32,32,153.0,153.0,-0.31570000000000675,-0.31570000000000675,-0.31570000000000675,0.0
35.50000000000012,898.0060938496104,884.0040255370272,50.995249118926154,101.0,115.0,32,32,153.0,153.0,-0.31570000000000675,-0.31570000000000675,-0.31570000000000675,0.0
35.55000000000012,897.9961590100897,883.9917591117656,50.995249118926154,101.0,115.0,32,32,153.0,153.0,-0.31570000000000675,-0.31570000000000675,-0.31570000000000675,0.0
35.600000000000115,898.0619234308382,884.0729576404692,50.995249118926154,102.0,116.0,33,33,154.0,154.0,2.0897999999999968,2.0897999999999968,2.0897999999999968,0.0
35.65000000000011,898.0519885913176,884.0606912152076,50.995249118926154,101.0,115.0,32,32,153.0,153.0,-0.31570000000000675,-0.31570000000000675,-0.31570000000000675,0.0
35.70000000000011,898.042053751797,884.048424789946,50.995249118926154,101.0,115.0,32,32,153.0,153.0,-0.31570000000000675,-0.31570000000000675,-0.31570000000000675,0.0
35.75000000000011,898.0321189122764,884.0361583646844,50.995249118926154,101.0,115.0,32,32,153.0,153.0,-0.31570000000000675,-0.31570000000000675,-0.31570000000000675,0.0
35.800000000000104,898.0221840727557,884.0238919394228,50.995249118926154,101.0,115.0,32,32,153.0,153.0,-0.31570000000000675,-0.31570000000000675,-0.31570000000000675,0.0
35.8500000000001,898.0122492332351,884.0116255141612,50.995249118926154,101.0,115.0,32,32,153.0,153.0,-0.31570000000000675,-0.31570000000000675,-0.31570000000000675,0.0
35.9000000000001,898.0023143937145,883.9993590888996,50.995249118926154,101.0,115.0,32,32,153.0,153.0,-0.31570000000000675,-0.31570000000000675,-0.31570000000000675,0.0
35.950000000000095,897.9923795541939,883.987092663638,50.995249118926154,101.0,116.0,32,32,153.0,153.0,-0.31570000000000675,-0.31570000000000675,-0.31570000000000675,0.0
36.00000000000009,898.0581439749424,884.0682911923416,50.995249118926154,102.0,116.0,33,33,154.0,154.0,2.0897999999999968,2.0897999999999968,2.0897999999999968,0.0
36.05000000000009,898.0482091354218,884.05602476708,50.995249118926154,101.0,115.0,32,32,153.0,153.0,-0.31570000000000675,-0.31570000000000675,-0.31570000000000675,0.0
36.10000000000009,898.0382742959011,884.0437583418184,50.995249118926154,101.0,115.0,32,32,153.0,153.0,-0.31570000000000675,-0.31570000000000675,-0.31570000000000675,0.0
36.150000000000084,898.0283394563805,884.0314919165568,50.995249118926154,101.0,115.0,32,32,153.0,153.0,-0.31570000000000675,-0.31570000000000675,-0.31570000000000675,0.0
36.20000000000008,898.0184046168599,884.0192254912952,50.995249118926154,101.0,115.0,32,32,153.0,153.0,-0.31570000000000675,-0.31570000000000675,-0.31570000000000675,0.0
36.25000000000008,898.0084697773393,884.0069590660336,50.995249118926154,101.0,115.0,32,32,153.0,153.0,-0.31570000000000675,-0.31570000000000675,-0.31570000000000675,0.0
36.300000000000075,897.9985349378187,883.994692640772,50.995249118926154,101.0,115.0,32,32,153.0,153.0,-0.31570000000000675,-0.31570000000000675,-0.31570000000000675,0.0
36.35000000000007,898.0642993585672,884.0758911694755,50.995249118926154,102.0,116.0,33,33,154.0,154.0,2.0897999999999968,2.0897999999999968,2.0897999999999968,0.0
36.40000000000007,898.0543645190465,884.0636247442139,50.995249118926154,101.0,115.0,32,32,153.0,153.0,-0.31570000000000675,-0.31570000000000675,-0.31570000000000675,0.0
36.45000000000007,898.0444296795259,884.0513583189523,50.995249118926154,101.0,115.0,32,32,153.0,153.0,-0.31570000000000675,-0.31570000000000675,-0.31570000000000675,0.0
36.500000000000064,898.0344948400053,884.0390918936907,50.995249118926154,101.0,115.0,32,32,153.0,153.0,-0.31570000000000675,-0.31570000000000675,-0.31570000000000675,0.0
36.55000000000006,898.0245600004847,884.0268254684291,50.995249118926154,101.0,115.0,32,32,153.0,153.0,-0.31570000000000675,-0.31570000000000675,-0.31570000000000675,0.0
36.60000000000006,898.0146251609641,884.0145590431675,50.995249118926154,101.0,115.0,32,32,153.0,153.0,-0.31570000000000675,-0.31570000000000675,-0.31570000000000675,0.0
36.650000000000055,898.0046903214435,884.0022926179059,50.995249118926154,101.0,115.0,32,32,153.0,153.0,-0.31570000000000675,-0.31570000000000675,-0.31570000000000675,0.0
36.70000000000005,897.9947554819229,883.9900261926443,50.995249118926154,101.0,115.0,32,32,153.0,153.0,-0.31570000000000675,-0.31570000000000675,-0.31570000000000675,0.0
36.75000000000005,898.0605199026713,884.0712247213479,50.995249118926154,102.0,116.0,33,33,154.0,154.0,2.0897999999999968,2.0897999999999968,2.0897999999999968,0.0
36.80000000000005,898.0505850631507,884.0589582960863,50.995249118926154,101.0,115.0,32,32,153.0,153.0,-0.31570000000000675,-0.31570000000000675,-0.31570000000000675,0.0
36.850000000000044,898.0406502236301,884.0466918708247,50.995249118926154,101.0,115.0,32,32,153.0,153.0,-0.31570000000000675,-0.31570000000000675,-0.31570000000000675,0.0
36.90000000000004,898.0307153841095,884.0344254455631,50.995249118926154,101.0,115.0,32,32,153.0,153.0,-0.31570000000000675,-0.31570000000000675,-0.31570000000000675,0.0
36.95000000000004,898.0207805445889,884.0221590203015,50.995249118926154,101.0,115.0,32,32,153.0,153.0,-0.31570000000000675,-0.31570000000000675,-0.31570000000000675,0.0
37.000000000000036,898.0108457050683,884.0098925950399,50.995249118926154,101.0,115.0,32,32,153.0,153.0,-0.31570000000000675,-0.31570000000000675,-0.31570000000000675,0.0
37.05000000000003,898.0009108655477,883.9976261697783,50.995249118926154,101.0,115.0,32,32,153.0,153.0,-0.31570000000000675,-0.31570000000000675,-0.31570000000000675,0.0
37.10000000000003,897.990976026027,883.9853597445167,50.995249118926154,101.0,116.0,32,32,153.0,153.0,-0.31570000000000675,-0.31570000000000675,-0.31570000000000675,0.0
37.15000000000003,898.0567404467755,884.0665582732203,50.995249118926154,102.0,116.0,33,33,154.0,154.0,2.0897999999999968,2.0897999999999968,2.0897999999999968,0.0
37.200000000000024,898.0468056072549,884.0542918479587,50.995249118926154,101.0,115.0,32,32,153.0,153.0,-0.31570000000000675,-0.31570000000000675,-0.31570000000000675,0.0
37.25000000000002,898.0368707677343,884.0420254226971,50.995249118926154,101.0,115.0,32,32,153.0,153.0,-0.31570000000000675,-0.31570000000000675,-0.31570000000000675,0.0
37.30000000000002,898.0269359282137,884.0297589974355,50.995249118926154,101.0,115.0,32,32,153.0,153.0,-0.31570000000000675,-0.31570000000000675,-0.31570000000000675,0.0
37.350000000000016,898.0170010886931,884.0174925721739,50.995249118926154,101.0,115.0,32,32,153.0,153.0,-0.31570000000000675,-0.31570000000000675,-0.31570000000000675,0.0
37.40000000000001,898.0070662491725,884.0052261469123,50.995249118926154,101.0,115.0,32,32,153.0,153.0,-0.31570000000000675,-0.31570000000000675,-0.31570000000000675,0.0
37.45000000000001,897.9971314096518,883.9929597216507,50.995249118926154,101.0,115.0,32,32,153.0,153.0,-0.31570000000000675,-0.31570000000000675,-0.31570000000000675,0.0
37.50000000000001,898.0628958304003,884.0741582503542,50.995249118926154,102.0,116.0,33,33,154.0,154.0,2.0897999999999968,2.0897999999999968,2.0897999999999968,0.0
37.550000000000004,898.0529609908797,884.0618918250926,50.995249118926154,101.0,115.0,32,32,153.0,153.0,-0.31570000000000675,-0.31570000000000675,-0.31570000000000675,0.0
37.6,898.0430261513591,884.049625399831,50.995249118926154,101.0,115.0,32,32,153.0,153.0,-0.31570000000000675,-0.31570000000000675,-0.31570000000000675,0.0
37.65,898.0330913118385,884.0373589745694,50.995249118926154,101.0,115.0,32,32,153.0,153.0,-0.31570000000000675,-0.31570000000000675,-0.31570000000000675,0.0
37.699999999999996,898.0231564723179,884.0250925493078,50.995249118926154,101.0,115.0,32,32,153.0,153.0,-0.31570000000000675,-0.31570000000000675,-0.31570000000000675,0.0
37.74999999999999,898.0132216327972,884.0128261240462,50.995249118926154,101.0,115.0,32,32,153.0,153.0,-0.31570000000000675,-0.31570000000000675,-0.31570000000000675,0.0
37.79999999999999,898.0032867932766,884.0005596987846,50.995249118926154,101.0,115.0,32,32,153.0,153.0,-0.31570000000000675,-0.31570000000000675,-0.31570000000000675,0.0
37.84999999999999,897.993351953756,883.988293273523,50.995249118926154,101.0,115.0,32,32,153.0,153.0,-0.31570000000000675,-0.31570000000000675,-0.31570000000000675,0.0
37.899999999999984,898.0591163745045,884.0694918022266,50.995249118926154,102.0,116.0,33,33,154.0,154.0,2.0897999999999968,2.0897999999999968,2.0897999999999968,0.0
37.94999999999998,898.0491815349839,884.057225376965,50.995249118926154,101.0,115.0,32,32,153.0,153.0,-0.31570000000000675,-0.31570000000000675,-0.31570000000000675,0.0
37.99999999999998,898.0392466954632,884.0449589517034,50.995249118926154,101.0,115.0,32,32,153.0,153.0,-0.31570000000000675,-0.31570000000000675,-0.31570000000000675,0.0
38.049999999999976,898.0293118559426,884.0326925264418,50.995249118926154,101.0,115.0,32,32,153.0,153.0,-0.31570000000000675,-0.31570000000000675,-0.31570000000000675,0.0
38.09999999999997,898.019377016422,884.0204261011802,50.995249118926154,101.0,115.0,32,32,153.0,153.0,-0.31570000000000675,-0.31570000000000675,-0.31570000000000675,0.0
38.14999999999997,898.0094421769014,884.0081596759186,50.995249118926154,101.0,115.0,32,32,153.0,153.0,-0.31570000000000675,-0.31570000000000675,-0.31570000000000675,0.0
38.19999999999997,897.9995073373808,883.995893250657,50.995249118926154,101.0,115.0,32,32,153.0,153.0,-0.31570000000000675,-0.31570000000000675,-0.31570000000000675,0.0
38.249999999999964,898.0652717581293,884.0770917793606,50.995249118926154,102.0,116.0,33,33,154.0,154.0,2.0897999999999968,2.0897999999999968,2.0897999999999968,0.0
38.29999999999996,898.0553369186086,884.064825354099,50.995249118926154,101.0,115.0,32,32,153.0,153.0,-0.31570000000000675,-0.31570000000000675,-0.31570000000000675,0.0
38.34999999999996,898.045402079088,884.0525589288374,50.995249118926154,101.0,115.0,32,32,153.0,153.0,-0.31570000000000675,-0.31570000000000675,-0.31570000000000675,0.0
38.399999999999956,898.0354672395674,884.0402925035758,50.995249118926154,101.0,115.0,32,32,153.0,153.0,-0.31570000000000675,-0.31570000000000675,-0.31570000000000675,0.0
38.44999999999995,898.0255324000468,884.0280260783142,50.995249118926154,101.0,115.0,32,32,153.0,153.0,-0.31570000000000675,-0.31570000000000675,-0.31570000000000675,0.0
38.49999999999995,898.0155975605262,884.0157596530526,50.995249118926154,101.0,115.0,32,32,153.0,153.0,-0.31570000000000675,-0.31570000000000675,-0.31570000000000675,0.0
38.54999999999995,898.0056627210056,884.003493227791,50.995249118926154,101.0,115.0,32,32,153.0,153.0,-0.31570000000000675,-0.31570000000000675,-0.31570000000000675,0.0
38.599999999999945,897.995727881485,883.9912268025294,50.995249118926154,101.0,115.0,32,32,153.0,153.0,-0.31570000000000675,-0.31570000000000675,-0.31570000000000675,0.0
38.64999999999994,898.0614923022334,884.0724253312329,50.995249118926154,102.0,116.0,33,33,154.0,154.0,2.0897999999999968,2.0897999999999968,2.0897999999999968,0.0
38.69999999999994,898.0515574627128,884.0601589059713,50.995249118926154,101.0,115.0,32,32,153.0,153.0,-0.31570000000000675,-0.31570000000000675,-0.31570000000000675,0.0
38.749999999999936,898.0416226231922,884.0478924807097,50.995249118926154,101.0,115.0,32,32,153.0,153.0,-0.31570000000000675,-0.31570000000000675,-0.31570000000000675,0.0
38.79999999999993,898.0316877836716,884.0356260554481,50.995249118926154,101.0,115.0,32,32,153.0,153.0,-0.31570000000000675,-0.31570000000000675,-0.31570000000000675,0.0
38.84999999999993,898.021752944151,884.0233596301865,50.995249118926154,101.0,115.0,32,32,153.0,153.0,-0.31570000000000675,-0.31570000000000675,-0.31570000000000675,0.0
38.89999999999993,898.0118181046304,884.0110932049249,50.995249118926154,101.0,115.0,32,32,153.0,153.0,-0.31570000000000675,-0.31570000000000675,-0.31570000000000675,0.0
38.949999999999925,898.0018832651098,883.9988267796633,50.995249118926154,101.0,115.0,32,32,153.0,153.0,-0.31570000000000675,-0.31570000000000675,-0.31570000000000675,0.0
38.99999999999992,897.9919484255892,883.9865603544017,50.995249118926154,101.0,116.0,32,32,153.0,153.0,-0.31570000000000675,-0.31570000000000675,-0.31570000000000675,0.0
39.04999999999992,898.0577128463376,884.0677588831053,50.995249118926154,102.0,116.0,33,33,154.0,154.0,2.0897999999999968,2.0897999999999968,2.0897999999999968,0.0
39.099999999999916,898.047778006817,884.0554924578437,50.995249118926154,101.0,115.0,32,32,153.0,153.0,-0.31570000000000675,-0.31570000000000675,-0.31570000000000675,0.0
39.14999999999991,898.0378431672964,884.0432260325821,50.995249118926154,101.0,115.0,32,32,153.0,153.0,-0.31570000000000675,-0.31570000000000675,-0.31570000000000675,0.0
39.19999999999991,898.0279083277758,884.0309596073205,50.995249118926154,101.0,115.0,32,32,153.0,153.0,-0.31570000000000675,-0.31570000000000675,-0.31570000000000675,0.0
39.24999999999991,898.0179734882552,884.0186931820589,50.995249118926154,101.0,115.0,32,32,153.0,153.0,-0.31570000000000675,-0.31570000000000675,-0.31570000000000675,0.0
39.299999999999905,898.0080386487346,884.0064267567973,50.995249118926154,101.0,115.0,32,32,153.0,153.0,-0.31570000000000675,-0.31570000000000675,-0.31570000000000675,0.0
39.3499999999999,897.998103809214,883.9941603315357,50.995249118926154,101.0,115.0,32,32,153.0,153.0,-0.31570000000000675,-0.31570000000000675,-0.31570000000000675,0.0
39.3999999999999,898.0638682299624,884.0753588602392,50.995249118926154,102.0,116.0,33,33,154.0,154.0,2.0897999999999968,2.0897999999999968,2.0897999999999968,0.0
39.449999999999896,898.0539333904418,884.0630924349776,50.995249118926154,101.0,115.0,32,32,153.0,153.0,-0.31570000000000675,-0.31570000000000675,-0.31570000000000675,0.0
39.49999999999989,898.0439985509212,884.050826009716,50.995249118926154,101.0,115.0,32,32,153.0,153.0,-0.31570000000000675,-0.31570000000000675,-0.31570000000000675,0.0
39.54999999999989,898.0340637114006,884.0385595844544,50.995249118926154,101.0,115.0,32,32,153.0,153.0,-0.31570000000000675,-0.31570000000000675,-0.31570000000000675,0.0
39.59999999999989,898.02412887188,884.0262931591928,50.995249118926154,101.0,115.0,32,32,153.0,153.0,-0.31570000000000675,-0.31570000000000675,-0.31570000000000675,0.0
39.649999999999885,898.0141940323593,884.0140267339312,50.995249118926154,101.0,115.0,32,32,153.0,153.0,-0.31570000000000675,-0.31570000000000675,-0.31570000000000675,0.0
39.69999999999988,898.0042591928387,884.0017603086696,50.995249118926154,101.0,115.0,32,32,153.0,153.0,-0.31570000000000675,-0.31570000000000675,-0.31570000000000675,0.0
39.74999999999988,897.9943243533181,883.989493883408,50.995249118926154,101.0,115.0,32,32,153.0,153.0,-0.31570000000000675,-0.31570000000000675,-0.31570000000000675,0.0
39.799999999999876,898.0600887740666,884.0706924121116,50.995249118926154,102.0,116.0,33,33,154.0,154.0,2.0897999999999968,2.0897999999999968,2.0897999999999968,0.0
39.84999999999987,898.050153934546,884.05842598685,50.995249118926154,101.0,115.0,32,32,153.0,153.0,-0.31570000000000675,-0.31570000000000675,-0.31570000000000675,0.0
39.89999999999987,898.0402190950253,884.0461595615884,50.995249118926154,101.0,115.0,32,32,153.0,153.0,-0.31570000000000675,-0.31570000000000675,-0.31570000000000675,0.0
39.94999999999987,898.0302842555047,884.0338931363268,50.995249118926154,101.0,115.0,32,32,153.0,153.0,-0.31570000000000675,-0.31570000000000675,-0.31570000000000675,0.0
39.999999999999865,898.0203494159841,884.0216267110652,50.995249118926154,101.0,115.0,32,32,153.0,153.0,-0.31570000000000675,-0.31570000000000675,-0.31570000000000675,0.0
40.04999999999986,898.0104145764635,884.0093602858036,50.995249118926154,101.0,115.0,32,32,153.0,153.0,-0.31570000000000675,-0.31570000000000675,-0.31570000000000675,0.0
40.09999999999986,898.0004797369429,883.997093860542,50.995249118926154,101.0,115.0,32,32,153.0,153.0,-0.31570000000000675,-0.31570000000000675,-0.31570000000000675,0.0
40.14999999999986,897.9905448974223,883.9848274352804,50.995249118926154,101.0,116.0,32,32,153.0,153.0,-0.31570000000000675,-0.31570000000000675,-0.31570000000000675,0.0
40.199999999999854,898.0563093181707,884.066025963984,50.995249118926154,102.0,116.0,33,33,154.0,154.0,2.0897999999999968,2.0897999999999968,2.0897999999999968,0.0
40.24999999999985,898.0463744786501,884.0537595387224,50.995249118926154,101.0,115.0,32,32,153.0,153.0,-0.31570000000000675,-0.31570000000000675,-0.31570000000000675,0.0
40.29999999999985,898.0364396391295,884.0414931134608,50.995249118926154,101.0,115.0,32,32,153.0,153.0,-0.31570000000000675,-0.31570000000000675,-0.31570000000000675,0.0
40.349999999999845,898.0265047996089,884.0292266881992,50.995249118926154,101.0,115.0,32,32,153.0,153.0,-0.31570000000000675,-0.31570000000000675,-0.31570000000000675,0.0
40.39999999999984,898.0165699600883,884.0169602629376,50.995249118926154,101.0,115.0,32,32,153.0,153.0,-0.31570000000000675,-0.31570000000000675,-0.31570000000000675,0.0
40.44999999999984,898.0066351205677,884.004693837676,50.995249118926154,101.0,115.0,32,32,153.0,153.0,-0.31570000000000675,-0.31570000000000675,-0.31570000000000675,0.0
40.49999999999984,897.9967002810471,883.9924274124144,50.995249118926154,101.0,115.0,32,32,153.0,153.0,-0.31570000000000675,-0.31570000000000675,-0.31570000000000675,0.0
40.549999999999834,898.0624647017955,884.0736259411179,50.995249118926154,102.0,116.0,33,33,154.0,154.0,2.0897999999999968,2.0897999999999968,2.0897999999999968,0.0
40.59999999999983,898.0525298622749,884.0613595158563,50.995249118926154,101.0,115.0,32,32,153.0,153.0,-0.31570000000000675,-0.31570000000000675,-0.31570000000000675,0.0
40.64999999999983,898.0425950227543,884.0490930905947,50.995249118926154,101.0,115.0,32,32,153.0,153.0,-0.31570000000000675,-0.31570000000000675,-0.31570000000000675,0.0
40.699999999999825,898.0326601832337,884.0368266653331,50.995249118926154,101.0,115.0,32,32,153.0,153.0,-0.31570000000000675,-0.31570000000000675,-0.31570000000000675,0.0
40.74999999999982,898.0227253437131,884.0245602400715,50.995249118926154,101.0,115.0,32,32,153.0,153.0,-0.31570000000000675,-0.31570000000000675,-0.31570000000000675,0.0
40.79999999999982,898.0127905041925,884.0122938148099,50.995249118926154,101.0,115.0,32,32,153.0,153.0,-0.31570000000000675,-0.31570000000000675,-0.31570000000000675,0.0
40.84999999999982,898.0028556646719,884.0000273895483,50.995249118926154,101.0,115.0,32,32,153.0,153.0,-0.31570000000000675,-0.31570000000000675,-0.31570000000000675,0.0
40.899999999999814,897.9929208251513,883.9877609642867,50.995249118926154,101.0,115.0,32,32,153.0,153.0,-0.31570000000000675,-0.31570000000000675,-0.31570000000000675,0.0
40.94999999999981,898.0586852458997,884.0689594929903,50.995249118926154,102.0,116.0,33,33,154.0,154.0,2.0897999999999968,2.0897999999999968,2.0897999999999968,0.0
40.99999999999981,898.0487504063791,884.0566930677287,50.995249118926154,101.0,115.0,32,32,153.0,153.0,-0.31570000000000675,-0.31570000000000675,-0.31570000000000675,0.0
41.049999999999805,898.0388155668585,884.0444266424671,50.995249118926154,101.0,115.0,32,32,153.0,153.0,-0.31570000000000675,-0.31570000000000675,-0.31570000000000675,0.0
41.0999999999998,898.0288807273379,884.0321602172055,50.995249118926154,101.0,115.0,32,32,153.0,153.0,-0.31570000000000675,-0.31570000000000675,-0.31570000000000675,0.0
41.1499999999998,898.0189458878173,884.0198937919439,50.995249118926154,101.0,115.0,32,32,153.0,153.0,-0.31570000000000675,-0.31570000000000675,-0.31570000000000675,0.0
41.1999999999998,898.0090110482967,884.0076273666823,50.995249118926154,101.0,115.0,32,32,153.0,153.0,-0.31570000000000675,-0.31570000000000675,-0.31570000000000675,0.0
41.249999999999794,897.999076208776,883.9953609414207,50.995249118926154,101.0,115.0,32,32,153.0,153.0,-0.31570000000000675,-0.31570000000000675,-0.31570000000000675,0.0
41.29999999999979,898.0648406295245,884.0765594701243,50.995249118926154,102.0,116.0,33,33,154.0,154.0,2.0897999999999968,2.0897999999999968,2.0897999999999968,0.0
41.34999999999979,898.0549057900039,884.0642930448627,50.995249118926154,101.0,115.0,32,32,153.0,153.0,-0.31570000000000675,-0.31570000000000675,-0.31570000000000675,0.0
41.399999999999785,898.0449709504833,884.0520266196011,50.995249118926154,101.0,115.0,32,32,153.0,153.0,-0.31570000000000675,-0.31570000000000675,-0.31570000000000675,0.0
41.44999999999978,898.0350361109627,884.0397601943395,50.995249118926154,101.0,115.0,32,32,153.0,153.0,-0.31570000000000675,-0.31570000000000675,-0.31570000000000675,0.0
41.49999999999978,898.025101271442,884.0274937690779,50.995249118926154,101.0,115.0,32,32,153.0,153.0,-0.31570000000000675,-0.31570000000000675,-0.31570000000000675,0.0
41.54999999999978,898.0151664319214,884.0152273438163,50.995249118926154,101.0,115.0,32,32,153.0,153.0,-0.31570000000000675,-0.31570000000000675,-0.31570000000000675,0.0
41.599999999999774,898.0052315924008,884.0029609185547,50.995249118926154,101.0,115.0,32,32,153.0,153.0,-0.31570000000000675,-0.31570000000000675,-0.31570000000000675,0.0
41.64999999999977,897.9952967528802,883.9906944932931,50.995249118926154,101.0,115.0,32,32,153.0,153.0,-0.31570000000000675,-0.31570000000000675,-0.31570000000000675,0.0
41.69999999999977,898.0610611736287,884.0718930219966,50.995249118926154,102.0,116.0,33,33,154.0,154.0,2.0897999999999968,2.0897999999999968,2.0897999999999968,0.0
41.749999999999766,898.0511263341081,884.059626596735,50.995249118926154,101.0,115.0,32,32,153.0,153.0,-0.31570000000000675,-0.31570000000000675,-0.31570000000000675,0.0
41.79999999999976,898.0411914945875,884.0473601714734,50.995249118926154,101.0,115.0,32,32,153.0,153.0,-0.31570000000000675,-0.31570000000000675,-0.31570000000000675,0.0
41.84999999999976,898.0312566550668,884.0350937462118,50.995249118926154,101.0,115.0,32,32,153.0,153.0,-0.31570000000000675,-0.31570000000000675,-0.31570000000000675,0.0
41.89999999999976,898.0213218155462,884.0228273209502,50.995249118926154,101.0,115.0,32,32,153.0,153.0,-0.31570000000000675,-0.31570000000000675,-0.31570000000000675,0.0
41.949999999999754,898.0113869760256,884.0105608956886,50.995249118926154,101.0,115.0,32,32,153.0,153.0,-0.31570000000000675,-0.31570000000000675,-0.31570000000000675,0.0
41.99999999999975,898.001452136505,883.998294470427,50.995249118926154,101.0,115.0,32,32,153.0,153.0,-0.31570000000000675,-0.31570000000000675,-0.31570000000000675,0.0
42.04999999999975,897.9915172969844,883.9860280451654,50.995249118926154,101.0,116.0,32,32,153.0,153.0,-0.31570000000000675,-0.31570000000000675,-0.31570000000000675,0.0
42.099999999999746,898.0572817177328,884.067226573869,50.995249118926154,102.0,116.0,33,33,154.0,154.0,2.0897999999999968,2.0897999999999968,2.0897999999999968,0.0
42.14999999999974,898.0473468782122,884.0549601486074,50.995249118926154,101.0,115.0,32,32,153.0,153.0,-0.31570000000000675,-0.31570000000000675,-0.31570000000000675,0.0
42.19999999999974,898.0374120386916,884.0426937233458,50.995249118926154,101.0,115.0,32,32,153.0,153.0,-0.31570000000000675,-0.31570000000000675,-0.31570000000000675,0.0
42.24999999999974,898.027477199171,884.0304272980842,50.995249118926154,101.0,115.0,32,32,153.0,153.0,-0.31570000000000675,-0.31570000000000675,-0.31570000000000675,0.0
42.299999999999734,898.0175423596504,884.0181608728226,50.995249118926154,101.0,115.0,32,32,153.0,153.0,-0.31570000000000675,-0.31570000000000675,-0.31570000000000675,0.0
42.34999999999973,898.0076075201298,884.005894447561,50.995249118926154,101.0,115.0,32,32,153.0,153.0,-0.31570000000000675,-0.31570000000000675,-0.31570000000000675,0.0
42.39999999999973,897.9976726806092,883.9936280222994,50.995249118926154,101.0,115.0,32,32,153.0,153.0,-0.31570000000000675,-0.31570000000000675,-0.31570000000000675,0.0
42.449999999999726,898.0634371013576,884.074826551003,50.995249118926154,102.0,116.0,33,33,154.0,154.0,2.0897999999999968,2.0897999999999968,2.0897999999999968,0.0
42.49999999999972,898.053502261837,884.0625601257414,50.995249118926154,101.0,115.0,32,32,153.0,153.0,-0.31570000000000675,-0.31570000000000675,-0.31570000000000675,0.0
42.54999999999972,898.0435674223164,884.0502937004798,50.995249118926154,101.0,115.0,32,32,153.0,153.0,-0.31570000000000675,-0.31570000000000675,-0.31570000000000675,0.0
42.59999999999972,898.0336325827958,884.0380272752182,50.995249118926154,101.0,115.0,32,32,153.0,153.0,-0.31570000000000675,-0.31570000000000675,-0.31570000000000675,0.0
42.649999999999714,898.0236977432752,884.0257608499566,50.995249118926154,101.0,115.0,32,32,153.0,153.0,-0.31570000000000675,-0.31570000000000675,-0.31570000000000675,0.0
42.69999999999971,898.0137629037546,884.013494424695,50.995249118926154,101.0,115.0,32,32,153.0,153.0,-0.31570000000000675,-0.31570000000000675,-0.31570000000000675,0.0
42.74999999999971,898.003828064234,884.0012279994334,50.995249118926154,101.0,115.0,32,32,153.0,153.0,-0.31570000000000675,-0.31570000000000675,-0.31570000000000675,0.0
42.799999999999706,897.9938932247134,883.9889615741718,50.995249118926154,101.0,115.0,32,32,153.0,153.0,-0.31570000000000675,-0.31570000000000675,-0.31570000000000675,0.0
42.8499999999997,898.0596576454618,884.0701601028753,50.995249118926154,102.0,116.0,33,33,154.0,154.0,2.0897999999999968,2.0897999999999968,2.0897999999999968,0.0
42.8999999999997,898.0497228059412,884.0578936776137,50.995249118926154,101.0,115.0,32,32,153.0,153.0,-0.31570000000000675,-0.31570000000000675,-0.31570000000000675,0.0
42.9499999999997,898.0397879664206,884.0456272523521,50.995249118926154,101.0,115.0,32,32,153.0,153.0,-0.31570000000000675,-0.31570000000000675,-0.31570000000000675,0.0
42.999999999999694,898.0298531269,884.0333608270905,50.995249118926154,101.0,115.0,32,32,153.0,153.0,-0.31570000000000675,-0.31570000000000675,-0.31570000000000675,0.0
43.04999999999969,898.0199182873794,884.0210944018289,50.995249118926154,101.0,115.0,32,32,153.0,153.0,-0.31570000000000675,-0.31570000000000675,-0.31570000000000675,0.0
43.09999999999969,898.0099834478588,884.0088279765673,50.995249118926154,101.0,115.0,32,32,153.0,153.0,-0.31570000000000675,-0.31570000000000675,-0.31570000000000675,0.0
43.149999999999686,898.0000486083381,883.9965615513057,50.995249118926154,101.0,115.0,32,32,153.0,153.0,-0.31570000000000675,-0.31570000000000675,-0.31570000000000675,0.0
43.19999999999968,897.9901137688175,883.9842951260441,50.995249118926154,101.0,116.0,32,32,153.0,153.0,-0.31570000000000675,-0.31570000000000675,-0.31570000000000675,0.0
43.24999999999968,898.055878189566,884.0654936547477,50.995249118926154,102.0,116.0,33,33,154.0,154.0,2.0897999999999968,2.0897999999999968,2.0897999999999968,0.0
43.29999999999968,898.0459433500454,884.0532272294861,50.995249118926154,101.0,115.0,32,32,153.0,153.0,-0.31570000000000675,-0.31570000000000675,-0.31570000000000675,0.0
43.349999999999675,898.0360085105248,884.0409608042245,50.995249118926154,101.0,115.0,32,32,153.0,153.0,-0.31570000000000675,-0.31570000000000675,-0.31570000000000675,0.0
43.39999999999967,898.0260736710042,884.0286943789629,50.995249118926154,101.0,115.0,32,32,153.0,153.0,-0.31570000000000675,-0.31570000000000675,-0.31570000000000675,0.0
43.44999999999967,898.0161388314835,884.0164279537013,50.995249118926154,101.0,115.0,32,32,153.0,153.0,-0.31570000000000675,-0.31570000000000675,-0.31570000000000675,0.0
43.499999999999666,898.0062039919629,884.0041615284397,50.995249118926154,101.0,115.0,32,32,153.0,153.0,-0.31570000000000675,-0.31570000000000675,-0.31570000000000675,0.0
43.54999999999966,897.9962691524423,883.9918951031781,50.995249118926154,101.0,115.0,32,32,153.0,153.0,-0.31570000000000675,-0.31570000000000675,-0.31570000000000675,0.0
43.59999999999966,898.0620335731908,884.0730936318816,50.995249118926154,102.0,116.0,33,33,154.0,154.0,2.0897999999999968,2.0897999999999968,2.0897999999999968,0.0
43.64999999999966,898.0520987336702,884.06082720662,50.995249118926154,101.0,115.0,32,32,153.0,153.0,-0.31570000000000675,-0.31570000000000675,-0.31570000000000675,0.0
43.699999999999655,898.0421638941496,884.0485607813584,50.995249118926154,101.0,115.0,32,32,153.0,153.0,-0.31570000000000675,-0.31570000000000675,-0.31570000000000675,0.0
43.74999999999965,898.0322290546289,884.0362943560968,50.995249118926154,101.0,115.0,32,32,153.0,153.0,-0.31570000000000675,-0.31570000000000675,-0.31570000000000675,0.0
43.79999999999965,898.0222942151083,884.0240279308352,50.995249118926154,101.0,115.0,32,32,153.0,153.0,-0.31570000000000675,-0.31570000000000675,-0.31570000000000675,0.0
43.849999999999646,898.0123593755877,884.0117615055736,50.995249118926154,101.0,115.0,32,32,153.0,153.0,-0.31570000000000675,-0.31570000000000675,-0.31570000000000675,0.0
43.89999999999964,898.0024245360671,883.999495080312,50.995249118926154,101.0,115.0,32,32,153.0,153.0,-0.31570000000000675,-0.31570000000000675,-0.31570000000000675,0.0
43.94999999999964,897.9924896965465,883.9872286550504,50.995249118926154,101.0,116.0,32,32,153.0,153.0,-0.31570000000000675,-0.31570000000000675,-0.31570000000000675,0.0
43.99999999999964,898.058254117295,884.068427183754,50.995249118926154,102.0,116.0,33,33,154.0,154.0,2.0897999999999968,2.0897999999999968,2.0897999999999968,0.0
44.049999999999635,898.0483192777743,884.0561607584924,50.995249118926154,101.0,115.0,32,32,153.0,153.0,-0.31570000000000675,-0.31570000000000675,-0.31570000000000675,0.0
44.09999999999963,898.0383844382537,884.0438943332308,50.995249118926154,101.0,115.0,32,32,153.0,153.0,-0.31570000000000675,-0.31570000000000675,-0.31570000000000675,0.0
44.14999999999963,898.0284495987331,884.0316279079692,50.995249118926154,101.0,115.0,32,32,153.0,153.0,-0.31570000000000675,-0.31570000000000675,-0.31570000000000675,0.0
44.199999999999626,898.0185147592125,884.0193614827076,50.995249118926154,101.0,115.0,32,32,153.0,153.0,-0.31570000000000675,-0.31570000000000675,-0.31570000000000675,0.0
44.24999999999962,898.0085799196919,884.007095057446,50.995249118926154,101.0,115.0,32,32,153.0,153.0,-0.31570000000000675,-0.31570000000000675,-0.31570000000000675,0.0
44.29999999999962,897.9986450801713,883.9948286321844,50.995249118926154,101.0,115.0,32,32,153.0,153.0,-0.31570000000000675,-0.31570000000000675,-0.31570000000000675,0.0
44.34999999999962,898.0644095009197,884.076027160888,50.995249118926154,102.0,116.0,33,33,154.0,154.0,2.0897999999999968,2.0897999999999968,2.0897999999999968,0.0
44.399999999999615,898.0544746613991,884.0637607356264,50.995249118926154,101.0,115.0,32,32,153.0,153.0,-0.31570000000000675,-0.31570000000000675,-0.31570000000000675,0.0
44.44999999999961,898.0445398218785,884.0514943103648,50.995249118926154,101.0,115.0,32,32,153.0,153.0,-0.31570000000000675,-0.31570000000000675,-0.31570000000000675,0.0
44.49999999999961,898.0346049823579,884.0392278851032,50.995249118926154,101.0,115.0,32,32,153.0,153.0,-0.31570000000000675,-0.31570000000000675,-0.31570000000000675,0.0
44.549999999999606,898.0246701428373,884.0269614598416,50.995249118926154,101.0,115.0,32,32,153.0,153.0,-0.31570000000000675,-0.31570000000000675,-0.31570000000000675,0.0
44.5999999999996,898.0147353033167,884.01469503458,50.995249118926154,101.0,115.0,32,32,153.0,153.0,-0.31570000000000675,-0.31570000000000675,-0.31570000000000675,0.0
44.6499999999996,898.0048004637961,884.0024286093184,50.995249118926154,101.0,115.0,32,32,153.0,153.0,-0.31570000000000675,-0.31570000000000675,-0.31570000000000675,0.0
44.6999999999996,897.9948656242755,883.9901621840568,50.995249118926154,101.0,115.0,32,32,153.0,153.0,-0.31570000000000675,-0.31570000000000675,-0.31570000000000675,0.0
44.749999999999595,898.0606300450239,884.0713607127603,50.995249118926154,102.0,116.0,33,33,154.0,154.0,2.0897999999999968,2.0897999999999968,2.0897999999999968,0.0
44.79999999999959,898.0506952055033,884.0590942874987,50.995249118926154,101.0,115.0,32,32,153.0,153.0,-0.31570000000000675,-0.31570000000000675,-0.31570000000000675,0.0
44.84999999999959,898.0407603659827,884.0468278622371,50.995249118926154,101.0,115.0,32,32,153.0,153.0,-0.31570000000000675,-0.31570000000000675,-0.31570000000000675,0.0
44.89999999999959,898.0308255264621,884.0345614369755,50.995249118926154,101.0,115.0,32,32,153.0,153.0,-0.31570000000000675,-0.31570000000000675,-0.31570000000000675,0.0
44.949999999999584,898.0208906869415,884.0222950117139,50.995249118926154,101.0,115.0,32,32,153.0,153.0,-0.31570000000000675,-0.31570000000000675,-0.31570000000000675,0.0
44.99999999999958,898.0109558474209,884.0100285864523,50.995249118926154,101.0,115.0,32,32,153.0,153.0,-0.31570000000000675,-0.31570000000000675,-0.31570000000000675,0.0
45.04999999999958,898.0010210079002,883.9977621611907,50.995249118926154,101.0,115.0,32,32,153.0,153.0,-0.31570000000000675,-0.31570000000000675,-0.31570000000000675,0.0
45.099999999999575,897.9910861683796,883.9854957359291,50.995249118926154,101.0,116.0,32,32,153.0,153.0,-0.31570000000000675,-0.31570000000000675,-0.31570000000000675,0.0
45.14999999999957,898.0568505891281,884.0666942646327,50.995249118926154,102.0,116.0,33,33,154.0,154.0,2.0897999999999968,2.0897999999999968,2.0897999999999968,0.0
45.19999999999957,898.0469157496075,884.0544278393711,50.995249118926154,101.0,115.0,32,32,153.0,153.0,-0.31570000000000675,-0.31570000000000675,-0.31570000000000675,0.0
45.24999999999957,898.0369809100869,884.0421614141095,50.995249118926154,101.0,115.0,32,32,153.0,153.0,-0.31570000000000675,-0.31570000000000675,-0.31570000000000675,0.0
45.299999999999564,898.0270460705663,884.0298949888479,50.995249118926154,101.0,115.0,32,32,153.0,153.0,-0.31570000000000675,-0.31570000000000675,-0.31570000000000675,0.0
45.34999999999956,898.0171112310456,884.0176285635863,50.995249118926154,101.0,115.0,32,32,153.0,153.0,-0.31570000000000675,-0.31570000000000675,-0.31570000000000675,0.0
45.39999999999956,898.007176391525,884.0053621383247,50.995249118926154,101.0,115.0,32,32,153.0,153.0,-0.31570000000000675,-0.31570000000000675,-0.31570000000000675,0.0
45.449999999999555,897.9972415520044,883.9930957130631,50.995249118926154,101.0,115.0,32,32,153.0,153.0,-0.31570000000000675,-0.31570000000000675,-0.31570000000000675,0.0
45.49999999999955,898.0630059727529,884.0742942417667,50.995249118926154,102.0,116.0,33,33,154.0,154.0,2.0897999999999968,2.0897999999999968,2.0897999999999968,0.0
45.54999999999955,898.0530711332323,884.0620278165051,50.995249118926154,101.0,115.0,32,32,153.0,153.0,-0.31570000000000675,-0.31570000000000675,-0.31570000000000675,0.0
45.59999999999955,898.0431362937117,884.0497613912435,50.995249118926154,101.0,115.0,32,32,153.0,153.0,-0.31570000000000675,-0.31570000000000675,-0.31570000000000675,0.0
45.649999999999544,898.033201454191,884.0374949659819,50.995249118926154,101.0,115.0,32,32,153.0,153.0,-0.31570000000000675,-0.31570000000000675,-0.31570000000000675,0.0
45.69999999999954,898.0232666146704,884.0252285407203,50.995249118926154,101.0,115.0,32,32,153.0,153.0,-0.31570000000000675,-0.31570000000000675,-0.31570000000000675,0.0
45.74999999999954,898.0133317751498,884.0129621154587,50.995249118926154,101.0,115.0,32,32,153.0,153.0,-0.31570000000000675,-0.31570000000000675,-0.31570000000000675,0.0
45.799999999999535,898.0033969356292,884.0006956901971,50.995249118926154,101.0,115.0,32,32,153.0,153.0,-0.31570000000000675,-0.31570000000000675,-0.31570000000000675,0.0
45.84999999999953,897.9934620961086,883.9884292649355,50.995249118926154,101.0,115.0,32,32,153.0,153.0,-0.31570000000000675,-0.31570000000000675,-0.31570000000000675,0.0
45.89999999999953,898.059226516857,884.069627793639,50.995249118926154,102.0,116.0,33,33,154.0,154.0,2.0897999999999968,2.0897999999999968,2.0897999999999968,0.0
45.94999999999953,898.0492916773364,884.0573613683774,50.995249118926154,101.0,115.0,32,32,153.0,153.0,-0.31570000000000675,-0.31570000000000675,-0.31570000000000675,0.0
45.999999999999524,898.0393568378158,884.0450949431158,50.995249118926154,101.0,115.0,32,32,153.0,153.0,-0.31570000000000675,-0.31570000000000675,-0.31570000000000675,0.0
46.04999999999952,898.0294219982952,884.0328285178542,50.995249118926154,101.0,115.0,32,32,153.0,153.0,-0.31570000000000675,-0.31570000000000675,-0.31570000000000675,0.0
46.09999999999952,898.0194871587746,884.0205620925926,50.995249118926154,101.0,115.0,32,32,153.0,153.0,-0.31570000000000675,-0.31570000000000675,-0.31570000000000675,0.0
46.149999999999515,898.009552319254,884.008295667331,50.995249118926154,101.0,115.0,32,32,153.0,153.0,-0.31570000000000675,-0.31570000000000675,-0.31570000000000675,0.0
46.19999999999951,897.9996174797334,883.9960292420694,50.995249118926154,101.0,115.0,32,32,153.0,153.0,-0.31570000000000675,-0.31570000000000675,-0.31570000000000675,0.0
46.24999999999951,898.0653819004818,884.077227770773,50.995249118926154,102.0,116.0,33,33,154.0,154.0,2.0897999999999968,2.0897999999999968,2.0897999999999968,0.0
46.29999999999951,898.0554470609612,884.0649613455114,50.995249118926154,101.0,115.0,32,32,153.0,153.0,-0.31570000000000675,-0.31570000000000675,-0.31570000000000675,0.0
46.349999999999504,898.0455122214406,884.0526949202498,50.995249118926154,101.0,115.0,32,32,153.0,153.0,-0.31570000000000675,-0.31570000000000675,-0.31570000000000675,0.0
46.3999999999995,898.03557738192,884.0404284949882,50.995249118926154,101.0,115.0,32,32,153.0,153.0,-0.31570000000000675,-0.31570000000000675,-0.31570000000000675,0.0
46.4499999999995,898.0256425423994,884.0281620697266,50.995249118926154,101.0,115.0,32,32,153.0,153.0,-0.31570000000000675,-0.31570000000000675,-0.31570000000000675,0.0
46.499999999999496,898.0157077028788,884.015895644465,50.995249118926154,101.0,115.0,32,32,153.0,153.0,-0.31570000000000675,-0.31570000000000675,-0.31570000000000675,0.0
46.54999999999949,898.0057728633582,884.0036292192034,50.995249118926154,101.0,115.0,32,32,153.0,153.0,-0.31570000000000675,-0.31570000000000675,-0.31570000000000675,0.0
46.59999999999949,897.9958380238376,883.9913627939418,50.995249118926154,101.0,115.0,32,32,153.0,153.0,-0.31570000000000675,-0.31570000000000675,-0.31570000000000675,0.0
46.64999999999949,898.061602444586,884.0725613226454,50.995249118926154,102.0,116.0,33,33,154.0,154.0,2.0897999999999968,2.0897999999999968,2.0897999999999968,0.0
46.699999999999484,898.0516676050654,884.0602948973838,50.995249118926154,101.0,115.0,32,32,153.0,153.0,-0.31570000000000675,-0.31570000000000675,-0.31570000000000675,0.0
46.74999999999948,898.0417327655448,884.0480284721222,50.995249118926154,101.0,115.0,32,32,153.0,153.0,-0.31570000000000675,-0.31570000000000675,-0.31570000000000675,0.0
46.79999999999948,898.0317979260242,884.0357620468606,50.995249118926154,101.0,115.0,32,32,153.0,153.0,-0.31570000000000675,-0.31570000000000675,-0.31570000000000675,0.0
46.849999999999476,898.0218630865036,884.023495621599,50.995249118926154,101.0,115.0,32,32,153.0,153.0,-0.31570000000000675,-0.31570000000000675,-0.31570000000000675,0.0
46.89999999999947,898.011928246983,884.0112291963374,50.995249118926154,101.0,115.0,32,32,153.0,153.0,-0.31570000000000675,-0.31570000000000675,-0.31570000000000675,0.0
46.94999999999947,898.0019934074624,883.9989627710758,50.995249118926154,101.0,115.0,32,32,153.0,153.0,-0.31570000000000675,-0.31570000000000675,-0.31570000000000675,0.0
46.99999999999947,897.9920585679417,883.9866963458142,50.995249118926154,101.0,116.0,32,32,153.0,153.0,-0.31570000000000675,-0.31570000000000675,-0.31570000000000675,0.0
47.049999999999464,898.0578229886902,884.0678948745177,50.995249118926154,102.0,116.0,33,33,154.0,154.0,2.0897999999999968,2.0897999999999968,2.0897999999999968,0.0
47.09999999999946,898.0478881491696,884.0556284492561,50.995249118926154,101.0,115.0,32,32,153.0,153.0,-0.31570000000000675,-0.31570000000000675,-0.31570000000000675,0.0
47.14999999999946,898.037953309649,884.0433620239945,50.995249118926154,101.0,115.0,32,32,153.0,153.0,-0.31570000000000675,-0.31570000000000675,-0.31570000000000675,0.0
47.199999999999456,898.0280184701284,884.0310955987329,50.995249118926154,101.0,115.0,32,32,153.0,153.0,-0.31570000000000675,-0.31570000000000675,-0.31570000000000675,0.0
47.24999999999945,898.0180836306077,884.0188291734713,50.995249118926154,101.0,115.0,32,32,153.0,153.0,-0.31570000000000675,-0.31570000000000675,-0.31570000000000675,0.0
47.29999999999945,898.0081487910871,884.0065627482097,50.995249118926154,101.0,115.0,32,32,153.0,153.0,-0.31570000000000675,-0.31570000000000675,-0.31570000000000675,0.0
47.34999999999945,897.9982139515665,883.9942963229481,50.995249118926154,101.0,115.0,32,32,153.0,153.0,-0.31570000000000675,-0.31570000000000675,-0.31570000000000675,0.0
47.399999999999444,898.063978372315,884.0754948516517,50.995249118926154,102.0,116.0,33,33,154.0,154.0,2.0897999999999968,2.0897999999999968,2.0897999999999968,0.0
47.44999999999944,898.0540435327944,884.0632284263901,50.995249118926154,101.0,115.0,32,32,153.0,153.0,-0.31570000000000675,-0.31570000000000675,-0.31570000000000675,0.0
47.49999999999944,898.0441086932738,884.0509620011285,50.995249118926154,101.0,115.0,32,32,153.0,153.0,-0.31570000000000675,-0.31570000000000675,-0.31570000000000675,0.0
47.549999999999436,898.0341738537531,884.0386955758669,50.995249118926154,101.0,115.0,32,32,153.0,153.0,-0.31570000000000675,-0.31570000000000675,-0.31570000000000675,0.0
47.59999999999943,898.0242390142325,884.0264291506053,50.995249118926154,101.0,115.0,32,32,153.0,153.0,-0.31570000000000675,-0.31570000000000675,-0.31570000000000675,0.0
47.64999999999943,898.0143041747119,884.0141627253437,50.995249118926154,101.0,115.0,32,32,153.0,153.0,-0.31570000000000675,-0.31570000000000675,-0.31570000000000675,0.0
47.69999999999943,898.0043693351913,884.0018963000821,50.995249118926154,101.0,115.0,32,32,153.0,153.0,-0.31570000000000675,-0.31570000000000675,-0.31570000000000675,0.0
47.749999999999424,897.9944344956707,883.9896298748205,50.995249118926154,101.0,115.0,32,32,153.0,153.0,-0.31570000000000675,-0.31570000000000675,-0.31570000000000675,0.0
47.79999999999942,898.0601989164192,884.070828403524,50.995249118926154,102.0,116.0,33,33,154.0,154.0,2.0897999999999968,2.0897999999999968,2.0897999999999968,0.0
47.84999999999942,898.0502640768985,884.0585619782624,50.995249118926154,101.0,115.0,32,32,153.0,153.0,-0.31570000000000675,-0.31570000000000675,-0.31570000000000675,0.0
47.899999999999416,898.0403292373779,884.0462955530008,50.995249118926154,101.0,115.0,32,32,153.0,153.0,-0.31570000000000675,-0.31570000000000675,-0.31570000000000675,0.0
47.94999999999941,898.0303943978573,884.0340291277392,50.995249118926154,101.0,115.0,32,32,153.0,153.0,-0.31570000000000675,-0.31570000000000675,-0.31570000000000675,0.0
47.99999999999941,898.0204595583367,884.0217627024776,50.995249118926154,101.0,115.0,32,32,153.0,153.0,-0.31570000000000675,-0.31570000000000675,-0.31570000000000675,0.0
48.04999999999941,898.0105247188161,884.009496277216,50.995249118926154,101.0,115.0,32,32,153.0,153.0,-0.31570000000000675,-0.31570000000000675,-0.31570000000000675,0.0
48.099999999999405,898.0005898792955,883.9972298519544,50.995249118926154,101.0,115.0,32,32,153.0,153.0,-0.31570000000000675,-0.31570000000000675,-0.31570000000000675,0.0
48.1499999999994,897.9906550397749,883.9849634266928,50.995249118926154,101.0,116.0,32,32,153.0,153.0,-0.31570000000000675,-0.31570000000000675,-0.31570000000000675,0.0
48.1999999999994,898.0564194605233,884.0661619553964,50.995249118926154,102.0,116.0,33,33,154.0,154.0,2.0897999999999968,2.0897999999999968,2.0897999999999968,0.0
48.249999999999396,898.0464846210027,884.0538955301348,50.995249118926154,101.0,115.0,32,32,153.0,153.0,-0.31570000000000675,-0.31570000000000675,-0.31570000000000675,0.0
48.29999999999939,898.0365497814821,884.0416291048732,50.995249118926154,101.0,115.0,32,32,153.0,153.0,-0.31570000000000675,-0.31570000000000675,-0.31570000000000675,0.0
48.34999999999939,898.0266149419615,884.0293626796116,50.995249118926154,101.0,115.0,32,32,153.0,153.0,-0.31570000000000675,-0.31570000000000675,-0.31570000000000675,0.0
48.39999999999939,898.0166801024409,884.01709625435,50.995249118926154,101.0,115.0,32,32,153.0,153.0,-0.31570000000000675,-0.31570000000000675,-0.31570000000000675,0.0
48.449999999999385,898.0067452629203,884.0048298290884,50.995249118926154,101.0,115.0,32,32,153.0,153.0,-0.31570000000000675,-0.31570000000000675,-0.31570000000000675,0.0
48.49999999999938,897.9968104233997,883.9925634038268,50.995249118926154,101.0,115.0,32,32,153.0,153.0,-0.31570000000000675,-0.31570000000000675,-0.31570000000000675,0.0
48.54999999999938,898.0625748441481,884.0737619325304,50.995249118926154,102.0,116.0,33,33,154.0,154.0,2.0897999999999968,2.0897999999999968,2.0897999999999968,0.0
48.599999999999376,898.0526400046275,884.0614955072688,50.995249118926154,101.0,115.0,32,32,153.0,153.0,-0.31570000000000675,-0.31570000000000675,-0.31570000000000675,0.0
48.64999999999937,898.0427051651069,884.0492290820072,50.995249118926154,101.0,115.0,32,32,153.0,153.0,-0.31570000000000675,-0.31570000000000675,-0.31570000000000675,0.0
48.69999999999937,898.0327703255863,884.0369626567456,50.995249118926154,101.0,115.0,32,32,153.0,153.0,-0.31570000000000675,-0.31570000000000675,-0.31570000000000675,0.0
48.74999999999937,898.0228354860657,884.024696231484,50.995249118926154,101.0,115.0,32,32,153.0,153.0,-0.31570000000000675,-0.31570000000000675,-0.31570000000000675,0.0
48.799999999999365,898.0129006465451,884.0124298062224,50.995249118926154,101.0,115.0,32,32,153.0,153.0,-0.31570000000000675,-0.31570000000000675,-0.31570000000000675,0.0
48.84999999999936,898.0029658070245,884.0001633809608,50.995249118926154,101.0,115.0,32,32,153.0,153.0,-0.31570000000000675,-0.31570000000000675,-0.31570000000000675,0.0
48.89999999999936,897.9930309675038,883.9878969556992,50.995249118926154,101.0,115.0,32,32,153.0,153.0,-0.31570000000000675,-0.31570000000000675,-0.31570000000000675,0.0
48.949999999999356,898.0587953882523,884.0690954844027,50.995249118926154,102.0,116.0,33,33,154.0,154.0,2.0897999999999968,2.0897999999999968,2.0897999999999968,0.0
48.99999999999935,898.0488605487317,884.0568290591411,50.995249118926154,101.0,115.0,32,32,153.0,153.0,-0.31570000000000675,-0.31570000000000675,-0.31570000000000675,0.0
49.04999999999935,898.0389257092111,884.0445626338795,50.995249118926154,101.0,115.0,32,32,153.0,153.0,-0.31570000000000675,-0.31570000000000675,-0.31570000000000675,0.0
49.09999999999935,898.0289908696905,884.0322962086179,50.995249118926154,101.0,115.0,32,32,153.0,153.0,-0.31570000000000675,-0.31570000000000675,-0.31570000000000675,0.0
49.149999999999345,898.0190560301698,884.0200297833563,50.995249118926154,101.0,115.0,32,32,153.0,153.0,-0.31570000000000675,-0.31570000000000675,-0.31570000000000675,0.0
49.19999999999934,898.0091211906492,884.0077633580947,50.995249118926154,101.0,115.0,32,32,153.0,153.0,-0.31570000000000675,-0.31570000000000675,-0.31570000000000675,0.0
49.24999999999934,897.9991863511286,883.9954969328331,50.995249118926154,101.0,115.0,32,32,153.0,153.0,-0.31570000000000675,-0.31570000000000675,-0.31570000000000675,0.0
49.299999999999336,898.0649507718771,884.0766954615367,50.995249118926154,102.0,116.0,33,33,154.0,154.0,2.0897999999999968,2.0897999999999968,2.0897999999999968,0.0
49.34999999999933,898.0550159323565,884.0644290362751,50.995249118926154,101.0,115.0,32,32,153.0,153.0,-0.31570000000000675,-0.31570000000000675,-0.31570000000000675,0.0
49.39999999999933,898.0450810928359,884.0521626110135,50.995249118926154,101.0,115.0,32,32,153.0,153.0,-0.31570000000000675,-0.31570000000000675,-0.31570000000000675,0.0
49.44999999999933,898.0351462533152,884.0398961857519,50.995249118926154,101.0,115.0,32,32,153.0,153.0,-0.31570000000000675,-0.31570000000000675,-0.31570000000000675,0.0
49.499999999999325,898.0252114137946,884.0276297604903,50.995249118926154,101.0,115.0,32,32,153.0,153.0,-0.31570000000000675,-0.31570000000000675,-0.31570000000000675,0.0
49.54999999999932,898.015276574274,884.0153633352287,50.995249118926154,101.0,115.0,32,32,153.0,153.0,-0.31570000000000675,-0.31570000000000675,-0.31570000000000675,0.0
49.59999999999932,898.0053417347534,884.0030969099671,50.995249118926154,101.0,115.0,32,32,153.0,153.0,-0.31570000000000675,-0.31570000000000675,-0.31570000000000675,0.0
49.64999999999932,897.9954068952328,883.9908304847055,50.995249118926154,101.0,115.0,32,32,153.0,153.0,-0.31570000000000675,-0.31570000000000675,-0.31570000000000675,0.0
49.699999999999314,898.0611713159813,884.0720290134091,50.995249118926154,102.0,116.0,33,33,154.0,154.0,2.0897999999999968,2.0897999999999968,2.0897999999999968,0.0
49.74999999999931,898.0512364764606,884.0597625881475,50.995249118926154,101.0,115.0,32,32,153.0,153.0,-0.31570000000000675,-0.31570000000000675,-0.31570000000000675,0.0
49.79999999999931,898.04130163694,884.0474961628859,50.995249118926154,101.0,115.0,32,32,153.0,153.0,-0.31570000000000675,-0.31570000000000675,-0.31570000000000675,0.0
49.849999999999305,898.0313667974194,884.0352297376243,50.995249118926154,101.0,115.0,32,32,153.0,153.0,-0.31570000000000675,-0.31570000000000675,-0.31570000000000675,0.0
49.8999999999993,898.0214319578988,884.0229633123627,50.995249118926154,101.0,115.0,32,32,153.0,153.0,-0.31570000000000675,-0.31570000000000675,-0.31570000000000675,0.0
49.9499999999993,898.0114971183782,884.0106968871011,50.995249118926154,101.0,115.0,32,32,153.0,153.0,-0.31570000000000675,-0.31570000000000675,-0.31570000000000675,0.0
49.9999999999993,898.0015622788576,883.9984304618395,50.995249118926154,101.0,115.0,32,32,153.0,153.0,-0.31570000000000675,-0.31570000000000675,-0.31570000000000675,0.0
50.049999999999294,897.991627439337,883.9861640365779,50.995249118926154,101.0,116.0,32,32,153.0,153.0,-0.31570000000000675,-0.31570000000000675,-0.31570000000000675,0.0
50.09999999999929,898.0573918600854,884.0673625652814,50.995249118926154,102.0,116.0,33,33,154.0,154.0,2.0897999999999968,2.0897999999999968,2.0897999999999968,0.0
50.14999999999929,898.0474570205648,884.0550961400198,50.995249118926154,101.0,115.0,32,32,153.0,153.0,-0.31570000000000675,-0.31570000000000675,-0.31570000000000675,0.0
50.199999999999285,898.0375221810442,884.0428297147582,50.995249118926154,101.0,115.0,32,32,153.0,153.0,-0.31570000000000675,-0.31570000000000675,-0.31570000000000675,0.0
50.24999999999928,898.0275873415236,884.0305632894966,50.995249118926154,101.0,115.0,32,32,153.0,153.0,-0.31570000000000675,-0.31570000000000675,-0.31570000000000675,0.0
50.29999999999928,898.017652502003,884.018296864235,50.995249118926154,101.0,115.0,32,32,153.0,153.0,-0.31570000000000675,-0.31570000000000675,-0.31570000000000675,0.0
50.34999999999928,898.0077176624824,884.0060304389734,50.995249118926154,101.0,115.0,32,32,153.0,153.0,-0.31570000000000675,-0.31570000000000675,-0.31570000000000675,0.0
50.399999999999274,897.9977828229618,883.9937640137118,50.995249118926154,101.0,115.0,32,32,153.0,153.0,-0.31570000000000675,-0.31570000000000675,-0.31570000000000675,0.0
50.44999999999927,898.0635472437102,884.0749625424154,50.995249118926154,102.0,116.0,33,33,154.0,154.0,2.0897999999999968,2.0897999999999968,2.0897999999999968,0.0
50.49999999999927,898.0536124041896,884.0626961171538,50.995249118926154,101.0,115.0,32,32,153.0,153.0,-0.31570000000000675,-0.31570000000000675,-0.31570000000000675,0.0
50.549999999999265,898.043677564669,884.0504296918922,50.995249118926154,101.0,115.0,32,32,153.0,153.0,-0.31570000000000675,-0.31570000000000675,-0.31570000000000675,0.0
50.59999999999926,898.0337427251484,884.0381632666306,50.995249118926154,101.0,115.0,32,32,153.0,153.0,-0.31570000000000675,-0.31570000000000675,-0.31570000000000675,0.0
50.64999999999926,898.0238078856278,884.025896841369,50.995249118926154,101.0,115.0,32,32,153.0,153.0,-0.31570000000000675,-0.31570000000000675,-0.31570000000000675,0.0
50.69999999999926,898.0138730461072,884.0136304161074,50.995249118926154,101.0,115.0,32,32,153.0,153.0,-0.31570000000000675,-0.31570000000000675,-0.31570000000000675,0.0
50.749999999999254,898.0039382065866,884.0013639908458,50.995249118926154,101.0,115.0,32,32,153.0,153.0,-0.31570000000000675,-0.31570000000000675,-0.31570000000000675,0.0
50.79999999999925,897.994003367066,883.9890975655842,50.995249118926154,101.0,115.0,32,32,153.0,153.0,-0.31570000000000675,-0.31570000000000675,-0.31570000000000675,0.0
50.84999999999925,898.0597677878144,884.0702960942878,50.995249118926154,102.0,116.0,33,33,154.0,154.0,2.0897999999999968,2.0897999999999968,2.0897999999999968,0.0
50.899999999999245,898.0498329482938,884.0580296690262,50.995249118926154,101.0,115.0,32,32,153.0,153.0,-0.31570000000000675,-0.31570000000000675,-0.31570000000000675,0.0
50.94999999999924,898.0398981087732,884.0457632437646,50.995249118926154,101.0,115.0,32,32,153.0,153.0,-0.31570000000000675,-0.31570000000000675,-0.31570000000000675,0.0
50.99999999999924,898.0299632692526,884.033496818503,50.995249118926154,101.0,115.0,32,32,153.0,153.0,-0.31570000000000675,-0.31570000000000675,-0.31570000000000675,0.0
51.04999999999924,898.020028429732,884.0212303932414,50.995249118926154,101.0,115.0,32,32,153.0,153.0,-0.31570000000000675,-0.31570000000000675,-0.31570000000000675,0.0
51.099999999999234,898.0100935902113,884.0089639679798,50.995249118926154,101.0,115.0,32,32,153.0,153.0,-0.31570000000000675,-0.31570000000000675,-0.31570000000000675,0.0
51.14999999999923,898.0001587506907,883.9966975427182,50.995249118926154,101.0,115.0,32,32,153.0,153.0,-0.31570000000000675,-0.31570000000000675,-0.31570000000000675,0.0
51.19999999999923,897.9902239111701,883.9844311174566,50.995249118926154,101.0,116.0,32,32,153.0,153.0,-0.31570000000000675,-0.31570000000000675,-0.31570000000000675,0.0
51.249999999999226,898.0559883319186,884.0656296461601,50.995249118926154,102.0,116.0,33,33,154.0,154.0,2.0897999999999968,2.0897999999999968,2.0897999999999968,0.0
51.29999999999922,898.046053492398,884.0533632208985,50.995249118926154,101.0,115.0,32,32,153.0,153.0,-0.31570000000000675,-0.31570000000000675,-0.31570000000000675,0.0
51.34999999999922,898.0361186528773,884.0410967956369,50.995249118926154,101.0,115.0,32,32,153.0,153.0,-0.31570000000000675,-0.31570000000000675,-0.31570000000000675,0.0
51.39999999999922,898.0261838133567,884.0288303703753,50.995249118926154,101.0,115.0,32,32,153.0,153.0,-0.31570000000000675,-0.31570000000000675,-0.31570000000000675,0.0
51.449999999999214,898.0162489738361,884.0165639451137,50.995249118926154,101.0,115.0,32,32,153.0,153.0,-0.31570000000000675,-0.31570000000000675,-0.31570000000000675,0.0
51.49999999999921,898.0063141343155,884.0042975198521,50.995249118926154,101.0,115.0,32,32,153.0,153.0,-0.31570000000000675,-0.31570000000000675,-0.31570000000000675,0.0
51.54999999999921,897.9963792947949,883.9920310945905,50.995249118926154,101.0,115.0,32,32,153.0,153.0,-0.31570000000000675,-0.31570000000000675,-0.31570000000000675,0.0
51.599999999999206,898.0621437155434,884.0732296232941,50.995249118926154,102.0,116.0,33,33,154.0,154.0,2.0897999999999968,2.0897999999999968,2.0897999999999968,0.0
51.6499999999992,898.0522088760227,884.0609631980325,50.995249118926154,101.0,115.0,32,32,153.0,153.0,-0.31570000000000675,-0.31570000000000675,-0.31570000000000675,0.0
51.6999999999992,898.0422740365021,884.0486967727709,50.995249118926154,101.0,115.0,32,32,153.0,153.0,-0.31570000000000675,-0.31570000000000675,-0.31570000000000675,0.0
51.7499999999992,898.0323391969815,884.0364303475093,50.995249118926154,101.0,115.0,32,32,153.0,153.0,-0.31570000000000675,-0.31570000000000675,-0.31570000000000675,0.0
51.799999999999194,898.0224043574609,884.0241639222477,50.995249118926154,101.0,115.0,32,32,153.0,153.0,-0.31570000000000675,-0.31570000000000675,-0.31570000000000675,0.0
51.84999999999919,898.0124695179403,884.0118974969861,50.995249118926154,101.0,115.0,32,32,153.0,153.0,-0.31570000000000675,-0.31570000000000675,-0.31570000000000675,0.0
51.89999999999919,898.0025346784197,883.9996310717245,50.995249118926154,101.0,115.0,32,32,153.0,153.0,-0.31570000000000675,-0.31570000000000675,-0.31570000000000675,0.0
51.949999999999186,897.9925998388991,883.9873646464629,50.995249118926154,101.0,116.0,32,32,153.0,153.0,-0.31570000000000675,-0.31570000000000675,-0.31570000000000675,0.0
51.99999999999918,898.0583642596475,884.0685631751664,50.995249118926154,102.0,116.0,33,33,154.0,154.0,2.0897999999999968,2.0897999999999968,2.0897999999999968,0.0
52.04999999999918,898.0484294201269,884.0562967499048,50.995249118926154,101.0,115.0,32,32,153.0,153.0,-0.31570000000000675,-0.31570000000000675,-0.31570000000000675,0.0
52.09999999999918,898.0384945806063,884.0440303246432,50.995249118926154,101.0,115.0,32,32,153.0,153.0,-0.31570000000000675,-0.31570000000000675,-0.31570000000000675,0.0
52.149999999999174,898.0285597410857,884.0317638993816,50.995249118926154,101.0,115.0,32,32,153.0,153.0,-0.31570000000000675,-0.31570000000000675,-0.31570000000000675,0.0
52.19999999999917,898.0186249015651,884.01949747412,50.995249118926154,101.0,115.0,32,32,153.0,153.0,-0.31570000000000675,-0.31570000000000675,-0.31570000000000675,0.0
52.24999999999917,898.0086900620445,884.0072310488584,50.995249118926154,101.0,115.0,32,32,153.0,153.0,-0.31570000000000675,-0.31570000000000675,-0.31570000000000675,0.0
52.299999999999166,897.9987552225239,883.9949646235968,50.995249118926154,101.0,115.0,32,32,153.0,153.0,-0.31570000000000675,-0.31570000000000675,-0.31570000000000675,0.0
52.34999999999916,898.0645196432723,884.0761631523004,50.995249118926154,102.0,116.0,33,33,154.0,154.0,2.0897999999999968,2.0897999999999968,2.0897999999999968,0.0
52.39999999999916,898.0545848037517,884.0638967270388,50.995249118926154,101.0,115.0,32,32,153.0,153.0,-0.31570000000000675,-0.31570000000000675,-0.31570000000000675,0.0
52.44999999999916,898.0446499642311,884.0516303017772,50.995249118926154,101.0,115.0,32,32,153.0,153.0,-0.31570000000000675,-0.31570000000000675,-0.31570000000000675,0.0
52.499999999999154,898.0347151247105,884.0393638765156,50.995249118926154,101.0,115.0,32,32,153.0,153.0,-0.31570000000000675,-0.31570000000000675,-0.31570000000000675,0.0
52.54999999999915,898.0247802851899,884.027097451254,50.995249118926154,101.0,115.0,32,32,153.0,153.0,-0.31570000000000675,-0.31570000000000675,-0.31570000000000675,0.0
52.59999999999915,898.0148454456693,884.0148310259924,50.995249118926154,101.0,115.0,32,32,153.0,153.0,-0.31570000000000675,-0.31570000000000675,-0.31570000000000675,0.0
52.649999999999146,898.0049106061487,884.0025646007308,50.995249118926154,101.0,115.0,32,32,153.0,153.0,-0.31570000000000675,-0.31570000000000675,-0.31570000000000675,0.0
52.69999999999914,897.994975766628,883.9902981754692,50.995249118926154,101.0,115.0,32,32,153.0,153.0,-0.31570000000000675,-0.31570000000000675,-0.31570000000000675,0.0
52.74999999999914,898.0607401873765,884.0714967041728,50.995249118926154,102.0,116.0,33,33,154.0,154.0,2.0897999999999968,2.0897999999999968,2.0897999999999968,0.0
52.79999999999914,898.0508053478559,884.0592302789112,50.995249118926154,101.0,115.0,32,32,153.0,153.0,-0.31570000000000675,-0.31570000000000675,-0.31570000000000675,0.0
52.849999999999135,898.0408705083353,884.0469638536496,50.995249118926154,101.0,115.0,32,32,153.0,153.0,-0.31570000000000675,-0.31570000000000675,-0.31570000000000675,0.0
52.89999999999913,898.0309356688147,884.034697428388,50.995249118926154,101.0,115.0,32,32,153.0,153.0,-0.31570000000000675,-0.31570000000000675,-0.31570000000000675,0.0
52.94999999999913,898.021000829294,884.0224310031264,50.995249118926154,101.0,115.0,32,32,153.0,153.0,-0.31570000000000675,-0.31570000000000675,-0.31570000000000675,0.0
52.999999999999126,898.0110659897734,884.0101645778648,50.995249118926154,101.0,115.0,32,32,153.0,153.0,-0.31570000000000675,-0.31570000000000675,-0.31570000000000675,0.0
53.04999999999912,898.0011311502528,883.9978981526032,50.995249118926154,101.0,115.0,32,32,153.0,153.0,-0.31570000000000675,-0.31570000000000675,-0.31570000000000675,0.0
53.09999999999912,897.9911963107322,883.9856317273416,50.995249118926154,101.0,116.0,32,32,153.0,153.0,-0.31570000000000675,-0.31570000000000675,-0.31570000000000675,0.0
53.14999999999912,898.0569607314807,884.0668302560451,50.995249118926154,102.0,116.0,33,33,154.0,154.0,2.0897999999999968,2.0897999999999968,2.0897999999999968,0.0
53.199999999999115,898.0470258919601,884.0545638307835,50.995249118926154,101.0,115.0,32,32,153.0,153.0,-0.31570000000000675,-0.31570000000000675,-0.31570000000000675,0.0
53.24999999999911,898.0370910524395,884.0422974055219,50.995249118926154,101.0,115.0,32,32,153.0,153.0,-0.31570000000000675,-0.31570000000000675,-0.31570000000000675,0.0
53.29999999999911,898.0271562129188,884.0300309802603,50.995249118926154,101.0,115.0,32,32,153.0,153.0,-0.31570000000000675,-0.31570000000000675,-0.31570000000000675,0.0
53.349999999999106,898.0172213733982,884.0177645549987,50.995249118926154,101.0,115.0,32,32,153.0,153.0,-0.31570000000000675,-0.31570000000000675,-0.31570000000000675,0.0
53.3999999999991,898.0072865338776,884.0054981297371,50.995249118926154,101.0,115.0,32,32,153.0,153.0,-0.31570000000000675,-0.31570000000000675,-0.31570000000000675,0.0
53.4499999999991,897.997351694357,883.9932317044755,50.995249118926154,101.0,115.0,32,32,153.0,153.0,-0.31570000000000675,-0.31570000000000675,-0.31570000000000675,0.0
53.4999999999991,898.0631161151055,884.0744302331791,50.995249118926154,102.0,116.0,33,33,154.0,154.0,2.0897999999999968,2.0897999999999968,2.0897999999999968,0.0
53.549999999999095,898.0531812755848,884.0621638079175,50.995249118926154,101.0,115.0,32,32,153.0,153.0,-0.31570000000000675,-0.31570000000000675,-0.31570000000000675,0.0
53.59999999999909,898.0432464360642,884.0498973826559,50.995249118926154,101.0,115.0,32,32,153.0,153.0,-0.31570000000000675,-0.31570000000000675,-0.31570000000000675,0.0
53.64999999999909,898.0333115965436,884.0376309573943,50.995249118926154,101.0,115.0,32,32,153.0,153.0,-0.31570000000000675,-0.31570000000000675,-0.31570000000000675,0.0
53.699999999999086,898.023376757023,884.0253645321327,50.995249118926154,101.0,115.0,32,32,153.0,153.0,-0.31570000000000675,-0.31570000000000675,-0.31570000000000675,0.0
53.74999999999908,898.0134419175024,884.0130981068711,50.995249118926154,101.0,115.0,32,32,153.0,153.0,-0.31570000000000675,-0.31570000000000675,-0.31570000000000675,0.0
53.79999999999908,898.0035070779818,884.0008316816095,50.995249118926154,101.0,115.0,32,32,153.0,153.0,-0.31570000000000675,-0.31570000000000675,-0.31570000000000675,0.0
53.84999999999908,897.9935722384612,883.9885652563479,50.995249118926154,101.0,115.0,32,32,153.0,153.0,-0.31570000000000675,-0.31570000000000675,-0.31570000000000675,0.0
53.899999999999075,898.0593366592096,884.0697637850515,50.995249118926154,102.0,116.0,33,33,154.0,154.0,2.0897999999999968,2.0897999999999968,2.0897999999999968,0.0
53.94999999999907,898.049401819689,884.0574973597899,50.995249118926154,101.0,115.0,32,32,153.0,153.0,-0.31570000000000675,-0.31570000000000675,-0.31570000000000675,0.0
53.99999999999907,898.0394669801684,884.0452309345283,50.995249118926154,101.0,115.0,32,32,153.0,153.0,-0.31570000000000675,-0.31570000000000675,-0.31570000000000675,0.0
54.049999999999066,898.0295321406478,884.0329645092667,50.995249118926154,101.0,115.0,32,32,153.0,153.0,-0.31570000000000675,-0.31570000000000675,-0.31570000000000675,0.0
54.09999999999906,898.0195973011272,884.0206980840051,50.995249118926154,101.0,115.0,32,32,153.0,153.0,-0.31570000000000675,-0.31570000000000675,-0.31570000000000675,0.0
54.14999999999906,898.0096624616066,884.0084316587435,50.995249118926154,101.0,115.0,32,32,153.0,153.0,-0.31570000000000675,-0.31570000000000675,-0.31570000000000675,0.0
54.19999999999906,897.999727622086,883.9961652334819,50.995249118926154,101.0,115.0,32,32,153.0,153.0,-0.31570000000000675,-0.31570000000000675,-0.31570000000000675,0.0
54.249999999999055,898.0654920428344,884.0773637621854,50.995249118926154,102.0,116.0,33,33,154.0,154.0,2.0897999999999968,2.0897999999999968,2.0897999999999968,0.0
54.29999999999905,898.0555572033138,884.0650973369238,50.995249118926154,101.0,115.0,32,32,153.0,153.0,-0.31570000000000675,-0.31570000000000675,-0.31570000000000675,0.0
54.34999999999905,898.0456223637932,884.0528309116622,50.995249118926154,101.0,115.0,32,32,153.0,153.0,-0.31570000000000675,-0.31570000000000675,-0.31570000000000675,0.0
54.39999999999905,898.0356875242726,884.0405644864006,50.995249118926154,101.0,115.0,32,32,153.0,153.0,-0.31570000000000675,-0.31570000000000675,-0.31570000000000675,0.0
54.449999999999044,898.025752684752,884.028298061139,50.995249118926154,101.0,115.0,32,32,153.0,153.0,-0.31570000000000675,-0.31570000000000675,-0.31570000000000675,0.0
54.49999999999904,898.0158178452314,884.0160316358774,50.995249118926154,101.0,115.0,32,32,153.0,153.0,-0.31570000000000675,-0.31570000000000675,-0.31570000000000675,0.0
54.54999999999904,898.0058830057108,884.0037652106158,50.995249118926154,101.0,115.0,32,32,153.0,153.0,-0.31570000000000675,-0.31570000000000675,-0.31570000000000675,0.0
54.599999999999035,897.9959481661901,883.9914987853542,50.995249118926154,101.0,115.0,32,32,153.0,153.0,-0.31570000000000675,-0.31570000000000675,-0.31570000000000675,0.0
54.64999999999903,898.0617125869386,884.0726973140578,50.995249118926154,102.0,116.0,33,33,154.0,154.0,2.0897999999999968,2.0897999999999968,2.0897999999999968,0.0
54.69999999999903,898.051777747418,884.0604308887962,50.995249118926154,101.0,115.0,32,32,153.0,153.0,-0.31570000000000675,-0.31570000000000675,-0.31570000000000675,0.0
54.74999999999903,898.0418429078974,884.0481644635346,50.995249118926154,101.0,115.0,32,32,153.0,153.0,-0.31570000000000675,-0.31570000000000675,-0.31570000000000675,0.0
54.799999999999024,898.0319080683768,884.035898038273,50.995249118926154,101.0,115.0,32,32,153.0,153.0,-0.31570000000000675,-0.31570000000000675,-0.31570000000000675,0.0
54.84999999999902,898.0219732288562,884.0236316130114,50.995249118926154,101.0,115.0,32,32,153.0,153.0,-0.31570000000000675,-0.31570000000000675,-0.31570000000000675,0.0
54.89999999999902,898.0120383893355,884.0113651877498,50.995249118926154,101.0,115.0,32,32,153.0,153.0,-0.31570000000000675,-0.31570000000000675,-0.31570000000000675,0.0
54.949999999999015,898.0021035498149,883.9990987624882,50.995249118926154,101.0,115.0,32,32,153.0,153.0,-0.31570000000000675,-0.31570000000000675,-0.31570000000000675,0.0
54.99999999999901,897.9921687102943,883.9868323372266,50.995249118926154,101.0,116.0,32,32,153.0,153.0,-0.31570000000000675,-0.31570000000000675,-0.31570000000000675,0.0
55.04999999999901,898.0579331310428,884.0680308659302,50.995249118926154,102.0,116.0,33,33,154.0,154.0,2.0897999999999968,2.0897999999999968,2.0897999999999968,0.0
55.09999999999901,898.0479982915222,884.0557644406686,50.995249118926154,101.0,115.0,32,32,153.0,153.0,-0.31570000000000675,-0.31570000000000675,-0.31570000000000675,0.0
55.149999999999004,898.0380634520016,884.043498015407,50.995249118926154,101.0,115.0,32,32,153.0,153.0,-0.31570000000000675,-0.31570000000000675,-0.31570000000000675,0.0
55.199999999999,898.0281286124809,884.0312315901454,50.995249118926154,101.0,115.0,32,32,153.0,153.0,-0.31570000000000675,-0.31570000000000675,-0.31570000000000675,0.0
55.249999999999,898.0181937729603,884.0189651648838,50.995249118926154,101.0,115.0,32,32,153.0,153.0,-0.31570000000000675,-0.31570000000000675,-0.31570000000000675,0.0
55.299999999998995,898.0082589334397,884.0066987396222,50.995249118926154,101.0,115.0,32,32,153.0,153.0,-0.31570000000000675,-0.31570000000000675,-0.31570000000000675,0.0
55.34999999999899,897.9983240939191,883.9944323143606,50.995249118926154,101.0,115.0,32,32,153.0,153.0,-0.31570000000000675,-0.31570000000000675,-0.31570000000000675,0.0
55.39999999999899,898.0640885146676,884.0756308430641,50.995249118926154,102.0,116.0,33,33,154.0,154.0,2.0897999999999968,2.0897999999999968,2.0897999999999968,0.0
55.44999999999899,898.054153675147,884.0633644178025,50.995249118926154,101.0,115.0,32,32,153.0,153.0,-0.31570000000000675,-0.31570000000000675,-0.31570000000000675,0.0
55.499999999998984,898.0442188356263,884.0510979925409,50.995249118926154,101.0,115.0,32,32,153.0,153.0,-0.31570000000000675,-0.31570000000000675,-0.31570000000000675,0.0
55.54999999999898,898.0342839961057,884.0388315672793,50.995249118926154,101.0,115.0,32,32,153.0,153.0,-0.31570000000000675,-0.31570000000000675,-0.31570000000000675,0.0
55.59999999999898,898.0243491565851,884.0265651420177,50.995249118926154,101.0,115.0,32,32,153.0,153.0,-0.31570000000000675,-0.31570000000000675,-0.31570000000000675,0.0
55.649999999998975,898.0144143170645,884.0142987167561,50.995249118926154,101.0,115.0,32,32,153.0,153.0,-0.31570000000000675,-0.31570000000000675,-0.31570000000000675,0.0
55.69999999999897,898.0044794775439,884.0020322914945,50.995249118926154,101.0,115.0,32,32,153.0,153.0,-0.31570000000000675,-0.31570000000000675,-0.31570000000000675,0.0
55.74999999999897,897.9945446380233,883.9897658662329,50.995249118926154,101.0,115.0,32,32,153.0,153.0,-0.31570000000000675,-0.31570000000000675,-0.31570000000000675,0.0
55.79999999999897,898.0603090587717,884.0709643949365,50.995249118926154,102.0,116.0,33,33,154.0,154.0,2.0897999999999968,2.0897999999999968,2.0897999999999968,0.0
55.849999999998964,898.0503742192511,884.0586979696749,50.995249118926154,101.0,115.0,32,32,153.0,153.0,-0.31570000000000675,-0.31570000000000675,-0.31570000000000675,0.0
55.89999999999896,898.0404393797305,884.0464315444133,50.995249118926154,101.0,115.0,32,32,153.0,153.0,-0.31570000000000675,-0.31570000000000675,-0.31570000000000675,0.0
55.94999999999896,898.0305045402099,884.0341651191517,50.995249118926154,101.0,115.0,32,32,153.0,153.0,-0.31570000000000675,-0.31570000000000675,-0.31570000000000675,0.0
55.999999999998956,898.0205697006893,884.0218986938901,50.995249118926154,101.0,115.0,32,32,153.0,153.0,-0.31570000000000675,-0.31570000000000675,-0.31570000000000675,0.0
56.04999999999895,898.0106348611687,884.0096322686285,50.995249118926154,101.0,115.0,32,32,153.0,153.0,-0.31570000000000675,-0.31570000000000675,-0.31570000000000675,0.0
56.09999999999895,898.0007000216481,883.9973658433669,50.995249118926154,101.0,115.0,32,32,153.0,153.0,-0.31570000000000675,-0.31570000000000675,-0.31570000000000675,0.0
56.14999999999895,897.9907651821275,883.9850994181053,50.995249118926154,101.0,116.0,32,32,153.0,153.0,-0.31570000000000675,-0.31570000000000675,-0.31570000000000675,0.0
56.199999999998944,898.0565296028759,884.0662979468088,50.995249118926154,102.0,116.0,33,33,154.0,154.0,2.0897999999999968,2.0897999999999968,2.0897999999999968,0.0
56.24999999999894,898.0465947633553,884.0540315215472,50.995249118926154,101.0,115.0,32,32,153.0,153.0,-0.31570000000000675,-0.31570000000000675,-0.31570000000000675,0.0
56.29999999999894,898.0366599238347,884.0417650962856,50.995249118926154,101.0,115.0,32,32,153.0,153.0,-0.31570000000000675,-0.31570000000000675,-0.31570000000000675,0.0
56.349999999998936,898.0267250843141,884.029498671024,50.995249118926154,101.0,115.0,32,32,153.0,153.0,-0.31570000000000675,-0.31570000000000675,-0.31570000000000675,0.0
56.39999999999893,898.0167902447935,884.0172322457624,50.995249118926154,101.0,115.0,32,32,153.0,153.0,-0.31570000000000675,-0.31570000000000675,-0.31570000000000675,0.0
56.44999999999893,898.0068554052729,884.0049658205008,50.995249118926154,101.0,115.0,32,32,153.0,153.0,-0.31570000000000675,-0.31570000000000675,-0.31570000000000675,0.0
56.49999999999893,897.9969205657522,883.9926993952392,50.995249118926154,101.0,115.0,32,32,153.0,153.0,-0.31570000000000675,-0.31570000000000675,-0.31570000000000675,0.0
56.549999999998924,898.0626849865007,884.0738979239428,50.995249118926154,102.0,116.0,33,33,154.0,154.0,2.0897999999999968,2.0897999999999968,2.0897999999999968,0.0
56.59999999999892,898.0527501469801,884.0616314986812,50.995249118926154,101.0,115.0,32,32,153.0,153.0,-0.31570000000000675,-0.31570000000000675,-0.31570000000000675,0.0
56.64999999999892,898.0428153074595,884.0493650734196,50.995249118926154,101.0,115.0,32,32,153.0,153.0,-0.31570000000000675,-0.31570000000000675,-0.31570000000000675,0.0
56.699999999998916,898.0328804679389,884.037098648158,50.995249118926154,101.0,115.0,32,32,153.0,153.0,-0.31570000000000675,-0.31570000000000675,-0.31570000000000675,0.0
56.74999999999891,898.0229456284183,884.0248322228964,50.995249118926154,101.0,115.0,32,32,153.0,153.0,-0.31570000000000675,-0.31570000000000675,-0.31570000000000675,0.0
56.79999999999891,898.0130107888976,884.0125657976348,50.995249118926154,101.0,115.0,32,32,153.0,153.0,-0.31570000000000675,-0.31570000000000675,-0.31570000000000675,0.0
56.84999999999891,898.003075949377,884.0002993723732,50.995249118926154,101.0,115.0,32,32,153.0,153.0,-0.31570000000000675,-0.31570000000000675,-0.31570000000000675,0.0
56.899999999998904,897.9931411098564,883.9880329471116,50.995249118926154,101.0,115.0,32,32,153.0,153.0,-0.31570000000000675,-0.31570000000000675,-0.31570000000000675,0.0
56.9499999999989,898.0589055306049,884.0692314758152,50.995249118926154,102.0,116.0,33,33,154.0,154.0,2.0897999999999968,2.0897999999999968,2.0897999999999968,0.0
56.9999999999989,898.0489706910843,884.0569650505536,50.995249118926154,101.0,115.0,32,32,153.0,153.0,-0.31570000000000675,-0.31570000000000675,-0.31570000000000675,0.0
57.049999999998896,898.0390358515637,884.044698625292,50.995249118926154,101.0,115.0,32,32,153.0,153.0,-0.31570000000000675,-0.31570000000000675,-0.31570000000000675,0.0
57.09999999999889,898.029101012043,884.0324322000304,50.995249118926154,101.0,115.0,32,32,153.0,153.0,-0.31570000000000675,-0.31570000000000675,-0.31570000000000675,0.0
57.14999999999889,898.0191661725224,884.0201657747688,50.995249118926154,101.0,115.0,32,32,153.0,153.0,-0.31570000000000675,-0.31570000000000675,-0.31570000000000675,0.0
57.19999999999889,898.0092313330018,884.0078993495072,50.995249118926154,101.0,115.0,32,32,153.0,153.0,-0.31570000000000675,-0.31570000000000675,-0.31570000000000675,0.0
57.249999999998884,897.9992964934812,883.9956329242456,50.995249118926154,101.0,115.0,32,32,153.0,153.0,-0.31570000000000675,-0.31570000000000675,-0.31570000000000675,0.0
57.29999999999888,898.0650609142297,884.0768314529491,50.995249118926154,102.0,116.0,33,33,154.0,154.0,2.0897999999999968,2.0897999999999968,2.0897999999999968,0.0
57.34999999999888,898.055126074709,884.0645650276875,50.995249118926154,101.0,115.0,32,32,153.0,153.0,-0.31570000000000675,-0.31570000000000675,-0.31570000000000675,0.0
57.399999999998876,898.0451912351884,884.0522986024259,50.995249118926154,101.0,115.0,32,32,153.0,153.0,-0.31570000000000675,-0.31570000000000675,-0.31570000000000675,0.0
57.44999999999887,898.0352563956678,884.0400321771643,50.995249118926154,101.0,115.0,32,32,153.0,153.0,-0.31570000000000675,-0.31570000000000675,-0.31570000000000675,0.0
57.49999999999887,898.0253215561472,884.0277657519027,50.995249118926154,101.0,115.0,32,32,153.0,153.0,-0.31570000000000675,-0.31570000000000675,-0.31570000000000675,0.0
57.54999999999887,898.0153867166266,884.0154993266411,50.995249118926154,101.0,115.0,32,32,153.0,153.0,-0.31570000000000675,-0.31570000000000675,-0.31570000000000675,0.0
57.599999999998865,898.005451877106,884.0032329013795,50.995249118926154,101.0,115.0,32,32,153.0,153.0,-0.31570000000000675,-0.31570000000000675,-0.31570000000000675,0.0
57.64999999999886,897.9955170375854,883.9909664761179,50.995249118926154,101.0,115.0,32,32,153.0,153.0,-0.31570000000000675,-0.31570000000000675,-0.31570000000000675,0.0
57.69999999999886,898.0612814583338,884.0721650048215,50.995249118926154,102.0,116.0,33,33,154.0,154.0,2.0897999999999968,2.0897999999999968,2.0897999999999968,0.0
57.749999999998856,898.0513466188132,884.0598985795599,50.995249118926154,101.0,115.0,32,32,153.0,153.0,-0.31570000000000675,-0.31570000000000675,-0.31570000000000675,0.0
57.79999999999885,898.0414117792926,884.0476321542983,50.995249118926154,101.0,115.0,32,32,153.0,153.0,-0.31570000000000675,-0.31570000000000675,-0.31570000000000675,0.0
57.84999999999885,898.031476939772,884.0353657290367,50.995249118926154,101.0,115.0,32,32,153.0,153.0,-0.31570000000000675,-0.31570000000000675,-0.31570000000000675,0.0
57.89999999999885,898.0215421002514,884.0230993037751,50.995249118926154,101.0,115.0,32,32,153.0,153.0,-0.31570000000000675,-0.31570000000000675,-0.31570000000000675,0.0
57.949999999998845,898.0116072607308,884.0108328785135,50.995249118926154,101.0,115.0,32,32,153.0,153.0,-0.31570000000000675,-0.31570000000000675,-0.31570000000000675,0.0
57.99999999999884,898.0016724212102,883.9985664532519,50.995249118926154,101.0,115.0,32,32,153.0,153.0,-0.31570000000000675,-0.31570000000000675,-0.31570000000000675,0.0
58.04999999999884,897.9917375816896,883.9863000279903,50.995249118926154,101.0,116.0,32,32,153.0,153.0,-0.31570000000000675,-0.31570000000000675,-0.31570000000000675,0.0
58.099999999998836,898.057502002438,884.0674985566939,50.995249118926154,102.0,116.0,33,33,154.0,154.0,2.0897999999999968,2.0897999999999968,2.0897999999999968,0.0
58.14999999999883,898.0475671629174,884.0552321314323,50.995249118926154,101.0,115.0,32,32,153.0,153.0,-0.31570000000000675,-0.31570000000000675,-0.31570000000000675,0.0
58.19999999999883,898.0376323233968,884.0429657061707,50.995249118926154,101.0,115.0,32,32,153.0,153.0,-0.31570000000000675,-0.31570000000000675,-0.31570000000000675,0.0
58.24999999999883,898.0276974838762,884.0306992809091,50.995249118926154,101.0,115.0,32,32,153.0,153.0,-0.31570000000000675,-0.31570000000000675,-0.31570000000000675,0.0
58.299999999998825,898.0177626443556,884.0184328556475,50.995249118926154,101.0,115.0,32,32,153.0,153.0,-0.31570000000000675,-0.31570000000000675,-0.31570000000000675,0.0
58.34999999999882,898.007827804835,884.0061664303859,50.995249118926154,101.0,115.0,32,32,153.0,153.0,-0.31570000000000675,-0.31570000000000675,-0.31570000000000675,0.0
58.39999999999882,897.9978929653143,883.9939000051243,50.995249118926154,101.0,115.0,32,32,153.0,153.0,-0.31570000000000675,-0.31570000000000675,-0.31570000000000675,0.0
58.449999999998816,898.0636573860628,884.0750985338278,50.995249118926154,102.0,116.0,33,33,154.0,154.0,2.0897999999999968,2.0897999999999968,2.0897999999999968,0.0
58.49999999999881,898.0537225465422,884.0628321085662,50.995249118926154,101.0,115.0,32,32,153.0,153.0,-0.31570000000000675,-0.31570000000000675,-0.31570000000000675,0.0
58.54999999999881,898.0437877070216,884.0505656833046,50.995249118926154,101.0,115.0,32,32,153.0,153.0,-0.31570000000000675,-0.31570000000000675,-0.31570000000000675,0.0
58.59999999999881,898.033852867501,884.038299258043,50.995249118926154,101.0,115.0,32,32,153.0,153.0,-0.31570000000000675,-0.31570000000000675,-0.31570000000000675,0.0
58.649999999998805,898.0239180279804,884.0260328327814,50.995249118926154,101.0,115.0,32,32,153.0,153.0,-0.31570000000000675,-0.31570000000000675,-0.31570000000000675,0.0
58.6999999999988,898.0139831884597,884.0137664075198,50.995249118926154,101.0,115.0,32,32,153.0,153.0,-0.31570000000000675,-0.31570000000000675,-0.31570000000000675,0.0
58.7499999999988,898.0040483489391,884.0014999822582,50.995249118926154,101.0,115.0,32,32,153.0,153.0,-0.31570000000000675,-0.31570000000000675,-0.31570000000000675,0.0
58.799999999998796,897.9941135094185,883.9892335569966,50.995249118926154,101.0,115.0,32,32,153.0,153.0,-0.31570000000000675,-0.31570000000000675,-0.31570000000000675,0.0
58.84999999999879,898.059877930167,884.0704320857002,50.995249118926154,102.0,116.0,33,33,154.0,154.0,2.0897999999999968,2.0897999999999968,2.0897999999999968,0.0
58.89999999999879,898.0499430906464,884.0581656604386,50.995249118926154,101.0,115.0,32,32,153.0,153.0,-0.31570000000000675,-0.31570000000000675,-0.31570000000000675,0.0
58.94999999999879,898.0400082511258,884.045899235177,50.995249118926154,101.0,115.0,32,32,153.0,153.0,-0.31570000000000675,-0.31570000000000675,-0.31570000000000675,0.0
58.999999999998785,898.0300734116051,884.0336328099154,50.995249118926154,101.0,115.0,32,32,153.0,153.0,-0.31570000000000675,-0.31570000000000675,-0.31570000000000675,0.0
59.04999999999878,898.0201385720845,884.0213663846538,50.995249118926154,101.0,115.0,32,32,153.0,153.0,-0.31570000000000675,-0.31570000000000675,-0.31570000000000675,0.0
59.09999999999878,898.0102037325639,884.0090999593922,50.995249118926154,101.0,115.0,32,32,153.0,153.0,-0.31570000000000675,-0.31570000000000675,-0.31570000000000675,0.0
59.149999999998776,898.0002688930433,883.9968335341306,50.995249118926154,101.0,115.0,32,32,153.0,153.0,-0.31570000000000675,-0.31570000000000675,-0.31570000000000675,0.0
59.199999999998774,897.9903340535227,883.984567108869,50.995249118926154,101.0,116.0,32,32,153.0,153.0,-0.31570000000000675,-0.31570000000000675,-0.31570000000000675,0.0
59.24999999999877,898.0560984742712,884.0657656375726,50.995249118926154,102.0,116.0,33,33,154.0,154.0,2.0897999999999968,2.0897999999999968,2.0897999999999968,0.0
59.29999999999877,898.0461636347505,884.053499212311,50.995249118926154,101.0,115.0,32,32,153.0,153.0,-0.31570000000000675,-0.31570000000000675,-0.31570000000000675,0.0
59.349999999998765,898.0362287952299,884.0412327870494,50.995249118926154,101.0,115.0,32,32,153.0,153.0,-0.31570000000000675,-0.31570000000000675,-0.31570000000000675,0.0
59.39999999999876,898.0262939557093,884.0289663617878,50.995249118926154,101.0,115.0,32,32,153.0,153.0,-0.31570000000000675,-0.31570000000000675,-0.31570000000000675,0.0
59.44999999999876,898.0163591161887,884.0166999365262,50.995249118926154,101.0,115.0,32,32,153.0,153.0,-0.31570000000000675,-0.31570000000000675,-0.31570000000000675,0.0
59.49999999999876,898.0064242766681,884.0044335112646,50.995249118926154,101.0,115.0,32,32,153.0,153.0,-0.31570000000000675,-0.31570000000000675,-0.31570000000000675,0.0
59.549999999998754,897.9964894371475,883.992167086003,50.995249118926154,101.0,115.0,32,32,153.0,153.0,-0.31570000000000675,-0.31570000000000675,-0.31570000000000675,0.0
59.59999999999875,898.0622538578959,884.0733656147065,50.995249118926154,102.0,116.0,33,33,154.0,154.0,2.0897999999999968,2.0897999999999968,2.0897999999999968,0.0
59.64999999999875,898.0523190183753,884.0610991894449,50.995249118926154,101.0,115.0,32,32,153.0,153.0,-0.31570000000000675,-0.31570000000000675,-0.31570000000000675,0.0
59.699999999998745,898.0423841788547,884.0488327641833,50.995249118926154,101.0,115.0,32,32,153.0,153.0,-0.31570000000000675,-0.31570000000000675,-0.31570000000000675,0.0
59.74999999999874,898.0324493393341,884.0365663389217,50.995249118926154,101.0,115.0,32,32,153.0,153.0,-0.31570000000000675,-0.31570000000000675,-0.31570000000000675,0.0
59.79999999999874,898.0225144998135,884.0242999136601,50.995249118926154,101.0,115.0,32,32,153.0,153.0,-0.31570000000000675,-0.31570000000000675,-0.31570000000000675,0.0
59.84999999999874,898.0125796602929,884.0120334883985,50.995249118926154,101.0,115.0,32,32,153.0,153.0,-0.31570000000000675,-0.31570000000000675,-0.31570000000000675,0.0
59.899999999998734,898.0026448207723,883.9997670631369,50.995249118926154,101.0,115.0,32,32,153.0,153.0,-0.31570000000000675,-0.31570000000000675,-0.31570000000000675,0.0
59.94999999999873,897.9927099812517,883.9875006378753,50.995249118926154,101.0,116.0,32,32,153.0,153.0,-0.31570000000000675,-0.31570000000000675,-0.31570000000000675,0.0
59.99999999999873,898.0584744020001,884.0686991665789,50.995249118926154,102.0,116.0,33,33,154.0,154.0,2.0897999999999968,2.0897999999999968,2.0897999999999968,0.0
