t,x,y,theta,pwm_l,pwm_r,v_true,v_exp,apf_vx,apf_vy
0.0,6.900027499999999,0.0,-4.2036624273709435,120,59,138.00054999999998,138.00054999999998,-141.44271570014143,-141.44271570014143
0.05,13.901443937970383,-0.5146018398960068,-8.26949985712318,120,61,140.40605,140.40605,-142.33473980309424,-140.64697609001408
0.1,20.908265018452745,-1.5329774777173195,-12.266424788066047,120,62,141.60879999999997,141.60879999999997,-143.4965034965035,-139.58041958041957
0.15000000000000002,27.944589437948743,-3.0628255665252526,-16.125524721390207,120,64,144.0143,144.0143,-144.44444444444446,-138.33333333333334
0.2,34.91976745599764,-5.079473935300431,-19.915712155905,120,65,145.21704999999997,145.21704999999997,-145.78146611341631,-137.2060857538036
0.25,41.80292381706056,-7.573276872434627,-23.636987091610422,120,66,146.41979999999998,146.41979999999998,-146.9050894085282,-135.9009628610729
0.3,48.564804943413996,-10.532669851462831,-27.289349528506477,120,67,147.62255,147.62255,-148.01641586867305,-134.61012311901504
0.35,55.231319901674695,-13.971945615092809,-30.803886967783825,120,69,150.02804999999998,150.02804999999998,-149.31880108991825,-133.2425068119891
0.39999999999999997,61.726116839148396,-17.844218837966192,-34.249511908251804,120,70,151.2308,151.2308,-150.61058344640435,-131.88602442333786
0.44999999999999996,68.02615387315069,-22.133682823618216,-37.626224349910444,120,71,152.43355,152.43355,-151.82679296346413,-130.446549391069
0.49999999999999994,74.11023044644006,-26.823490276443593,-40.934024292759716,120,72,153.63629999999998,153.63629999999998,-153.306342780027,-128.74493927125505
0.5499999999999999,79.95900093219397,-31.895936660313033,-44.17291173679962,120,73,154.83905,154.83905,-154.50874831763122,-127.32166890982504
0.6,85.5549729999293,-37.33263648513562,-47.342886682030155,120,74,156.0418,156.0418,-155.6451612903226,-125.80645161290323
0.65,90.88249215053413,-43.11469156630659,-50.44394912845135,120,75,157.24454999999998,157.24454999999998,-157.04697986577182,-124.02684563758389
0.7000000000000001,95.92771383576162,-49.22285048206306,-53.47609907606318,120,76,158.44729999999998,158.44729999999998,-158.38926174496643,-122.41610738255034
0.7500000000000001,100.67856456738272,-55.637658623259604,-56.43933652486564,120,77,159.65005,159.65005,-159.51742627345845,-120.64343163538874
0.8000000000000002,105.12469339588685,-62.3395983879803,-59.33366147485876,120,78,160.85279999999997,160.85279999999997,-160.85790884718497,-119.0348525469169
0.8500000000000002,109.25741510028551,-69.30921921902258,-62.15907392604251,120,79,162.05554999999998,162.05554999999998,-162.19839142091152,-117.15817694369973
0.9000000000000002,113.06964638125832,-76.52725731518122,-64.9155738784169,120,80,163.2583,163.2583,-163.48993288590603,-115.43624161073825
0.9500000000000003,116.53034080238258,-83.92027939149239,-67.67207383079128,120,80,163.2583,163.2583,-164.78494623655914,-113.70967741935483
1.0000000000000002,119.654336542888,-91.52680573609018,-70.3596612843563,120,81,164.46104999999997,164.46104999999997,-165.81426648721398,-111.97846567967699
1.0500000000000003,122.43843876209338,-99.32808841326037,-72.97833623911198,120,82,165.66379999999998,165.66379999999998,-167.07152496626182,-110.12145748987854
1.1000000000000003,124.86320402722264,-107.24842615764493,-75.59701119386766,120,82,165.66379999999998,165.66379999999998,-168.33558863328824,-108.25439783491204
1.1500000000000004,126.95348537767003,-115.3877718243553,-78.07786115100461,120,84,168.0693,168.0693,-169.56521739130434,-106.52173913043478
1.2000000000000004,128.70191552478653,-123.66880794905977,-80.4897986093322,120,85,169.27204999999998,169.27204999999998,-170.57220708446866,-104.63215258855585
1.2500000000000004,130.10029909190558,-132.01608838505913,-82.90173606765978,120,85,169.27204999999998,169.27204999999998,-171.81942544459645,-102.87277701778386
1.3000000000000005,131.15358965305927,-140.47449973597986,-85.24476102717801,120,86,170.4748,170.4748,-172.8395061728395,-100.68587105624142
1.3500000000000005,131.86518735047244,-149.0288308993171,-87.51887348788689,120,87,171.67755,171.67755,-174.06896551724137,-99.03448275862068
1.4000000000000006,132.23678593127835,-157.60466132148318,-89.79298594859577,120,87,171.67755,171.67755,-175.03467406380028,-97.0873786407767
1.4500000000000006,132.26801735333862,-166.24861990065864,-91.99818591049528,120,88,172.88029999999998,172.88029999999998,-176.04456824512536,-95.26462395543176
1.5000000000000007,131.96661909915397,-174.88737874742588,-94.20338587239479,120,88,172.88029999999998,172.88029999999998,-177.03081232492997,-93.27731092436974
1.5500000000000007,131.32862967639588,-183.56811836105933,-96.33967333548495,120,89,174.08305,174.08305,-177.9971791255289,-91.67842031029619
1.6000000000000008,130.36085457078153,-192.2788123947775,-98.40704829976573,120,90,175.2858,175.2858,-179.00709219858157,-89.64539007092199
1.6500000000000008,129.07947397185964,-200.94892444508034,-100.47442326404652,120,90,175.2858,175.2858,-180.0,-87.71428571428571
1.7000000000000008,127.47522319593958,-209.6263030901964,-102.47288572951796,120,91,176.48854999999998,176.48854999999998,-180.7471264367816,-85.91954022988506
1.7500000000000009,125.55635640169183,-218.30117746768212,-104.40243569618002,120,92,177.69129999999998,177.69129999999998,-181.7391304347826,-84.05797101449275
1.800000000000001,123.34648911117385,-226.90652358492363,-106.3319856628421,120,92,177.69129999999998,177.69129999999998,-182.4817518248175,-82.04379562043796
1.850000000000001,120.83121657291152,-235.4902935534031,-108.19262313069481,120,93,178.89405,178.89405,-183.23529411764707,-80.29411764705883
1.900000000000001,118.01979200632142,-244.04500192552038,-109.98434809973817,120,94,180.09679999999997,180.09679999999997,-184.24962852897474,-78.45468053491828
1.950000000000001,114.94226701956443,-252.50762465027222,-111.77607306878153,120,94,180.09679999999997,180.09679999999997,-185.02994011976048,-76.34730538922156
2.000000000000001,111.6016508997367,-260.86988674647245,-113.56779803782489,120,94,180.09679999999997,180.09679999999997,-185.77912254160364,-74.73524962178517
2.0500000000000007,107.97716517764042,-269.17873265464925,-115.29061050805888,120,95,181.29954999999998,181.29954999999998,-186.28048780487805,-72.86585365853658
2.1000000000000005,104.07882754682379,-277.42922885059915,-116.94451047948351,120,96,182.5023,182.5023,-187.05701078582433,-70.87827426810478
2.1500000000000004,99.94398818984368,-285.56377415167117,-118.59841045090815,120,96,182.5023,182.5023,-187.86936236391912,-69.05132192846034
2.2,95.5473063388643,-293.6283914513342,-120.18339792352342,120,97,183.70504999999997,183.70504999999997,-188.36477987421384,-67.29559748427673
2.25,90.92924160118837,-301.56831220455274,-121.76838539613868,120,97,183.70504999999997,183.70504999999997,-189.1891891891892,-65.50079491255961
2.3,86.09332775043463,-309.37746073155904,-123.35337286875395,120,97,183.70504999999997,183.70504999999997,-189.71061093247587,-63.665594855305464
2.3499999999999996,81.01020159246798,-317.1000940074757,-124.86944784255986,120,98,184.90779999999998,184.90779999999998,-190.25974025974025,-61.688311688311686
2.3999999999999995,75.72453393352214,-324.68553754436095,-126.38552281636578,120,98,184.90779999999998,184.90779999999998,-191.1184210526316,-59.86842105263158
2.4499999999999993,70.2043508638679,-332.17689395897366,-127.83268529136234,120,99,186.11055,186.11055,-191.3477537437604,-58.23627287853577
2.499999999999999,64.49673382212731,-339.5264483507779,-129.2798477663589,120,99,186.11055,186.11055,-192.24283305227655,-56.323777403035415
2.549999999999999,58.60532381147979,-346.72951229188646,-130.72701024135546,120,99,186.11055,186.11055,-192.49146757679182,-54.60750853242321
2.5999999999999988,52.494642023900845,-353.8270646152706,-132.10526021754265,120,100,187.3133,187.3133,-193.07958477508652,-52.94117647058823
2.6499999999999986,46.215012946597895,-360.77558528831435,-133.48351019372984,120,100,187.3133,187.3133,-193.68421052631578,-51.228070175438596
2.6999999999999984,39.72868670087289,-367.61468790510736,-134.79284767110767,120,101,188.51604999999998,188.51604999999998,-193.96092362344584,-49.37833037300177
2.7499999999999982,33.0877787632478,-374.30379057534606,-136.1021851484855,120,101,188.51604999999998,188.51604999999998,-194.58483754512636,-47.65342960288809
2.799999999999998,26.252423300357197,-380.88109803201337,-137.34261012705397,120,102,189.7188,189.7188,-194.88117001828152,-45.703839122486286
2.849999999999998,19.276285348791525,-387.3088936856045,-138.58303510562246,120,102,189.7188,189.7188,-195.17625231910947,-44.15584415584416
2.8999999999999977,12.162634502632024,-393.58416494050135,-139.82346008419094,120,102,189.7188,189.7188,-195.8490566037736,-42.264150943396224
2.9499999999999975,4.91480480585318,-399.7039706866089,-141.06388506275943,120,102,189.7188,189.7188,-196.16858237547893,-40.61302681992337
2.9999999999999973,-2.510584594676442,-405.7032362988742,-142.23539754251854,120,103,190.92155,190.92155,-196.49122807017545,-38.98635477582846
3.049999999999997,-10.057078821764948,-411.54943339754664,-143.40691002227766,120,103,190.92155,190.92155,-196.83168316831683,-37.227722772277225
3.099999999999997,-17.76980678544084,-417.2759676011079,-144.5095100032274,120,104,192.12429999999998,192.12429999999998,-197.17741935483872,-35.483870967741936
3.149999999999997,-25.591301282488473,-422.8530269031844,-145.61210998417715,120,104,192.12429999999998,192.12429999999998,-197.54098360655738,-33.60655737704918
3.1999999999999966,-33.518665856226036,-428.2785460065768,-146.7147099651269,120,104,192.12429999999998,192.12429999999998,-197.5,-32.083333333333336
3.2499999999999964,-41.54896484415355,-433.55051573246817,-147.81730994607665,120,104,192.12429999999998,192.12429999999998,-197.87685774946922,-30.148619957537154
3.2999999999999963,-49.67922446508773,-438.6669837644637,-148.9199099270264,120,104,192.12429999999998,192.12429999999998,-198.26839826839827,-28.571428571428573
3.349999999999996,-57.95793847331119,-443.65710049900014,-149.9535974091668,120,105,193.32704999999999,193.32704999999999,-198.23788546255506,-26.87224669603524
3.399999999999996,-66.3253282722206,-448.4970549003724,-150.9872848913072,120,105,193.32704999999999,193.32704999999999,-198.65168539325842,-25.168539325842698
3.4499999999999957,-74.77867046158006,-453.1852716705156,-152.02097237344762,120,105,193.32704999999999,193.32704999999999,-199.08045977011494,-23.448275862068964
3.4999999999999956,-83.368322257126,-457.74843830689593,-152.98574735677866,120,106,194.5298,194.5298,-199.0632318501171,-21.54566744730679
3.5499999999999954,-92.03358959809626,-462.1663280327282,-153.9505223401097,120,106,194.5298,194.5298,-199.04306220095694,-20.095693779904305
3.599999999999995,-100.77201563525367,-466.4376882508823,-154.91529732344074,120,106,194.5298,194.5298,-199.50980392156862,-18.137254901960784
3.649999999999995,-109.58112277679423,-470.5613079095025,-155.88007230677178,120,106,194.5298,194.5298,-199.5,-16.5
3.699999999999995,-118.51330041216575,-474.56059290984007,-156.77593479129345,120,107,195.73255,195.73255,-199.48849104859335,-14.83375959079284
3.7499999999999947,-127.50691548776997,-478.41973344830467,-157.67179727581512,120,107,195.73255,195.73255,-200.0,-13.123359580052494
3.7999999999999945,-136.55976931926392,-482.13778607425843,-158.5676597603368,120,107,195.73255,195.73255,-200.0,-11.290322580645162
3.8499999999999943,-145.66964874010537,-485.713841829065,-159.46352224485847,120,107,195.73255,195.73255,-200.0,-9.366391184573002
3.899999999999994,-154.83432664260954,-489.1470264683042,-160.35938472938014,120,107,195.73255,195.73255,-200.0,-7.909604519774011
3.949999999999994,-164.1082011880544,-492.45671404881307,-161.18633471509244,120,108,196.93529999999998,196.93529999999998,-200.0,-5.797101449275362
3.999999999999994,-173.42887688536382,-495.63221172804555,-162.01328470080475,120,108,196.93529999999998,196.93529999999998,-200.0,-4.17910447761194
4.049999999999994,-182.7944121644094,-498.6728580248347,-162.84023468651705,120,108,196.93529999999998,196.93529999999998,-200.0,-2.4539877300613497
4.099999999999993,-192.20285611045878,-501.57801954861816,-163.66718467222935,120,108,196.93529999999998,196.93529999999998,-200.0,-0.6309148264984227
4.149999999999993,-201.65224887056635,-504.3470911313786,-164.49413465794166,120,108,196.93529999999998,196.93529999999998,-200.0,0.6514657980456026
4.199999999999993,-211.14062206182624,-506.9794959537047,-165.32108464365396,120,108,196.93529999999998,196.93529999999998,-200.0,2.684563758389262
4.249999999999993,-220.724173857707,-509.4899246262977,-166.07912213055693,120,109,198.13805,198.13805,-200.0,4.166666666666667
4.299999999999993,-230.3400995456981,-511.8733445027649,-166.8371596174599,120,109,198.13805,198.13805,-200.0,6.451612903225806
4.3499999999999925,-239.98671598338186,-514.1293383965324,-167.59519710436285,120,109,198.13805,198.13805,-200.0,8.178438661710038
4.399999999999992,-249.6623346563249,-516.257511425283,-168.35323459126582,120,109,198.13805,198.13805,-200.0,10.76923076923077
4.449999999999992,-259.3652619736308,-518.2574910800757,-169.11127207816878,120,109,198.13805,198.13805,-200.0,12.8
4.499999999999992,-269.093799564381,-520.1289272905478,-169.86930956507175,120,109,198.13805,198.13805,-200.0,15.0
4.549999999999992,-278.8462445749125,-521.8714924861908,-170.6273470519747,120,109,198.13805,198.13805,-200.0,17.391304347826086
4.599999999999992,-288.62088996688,-523.484881653687,-171.38538453887767,120,109,198.13805,198.13805,-200.0,19.004524886877828
4.6499999999999915,-298.4160248160511,-524.9688123902982,-172.14342202578064,120,109,198.13805,198.13805,-199.0566037735849,21.69811320754717
4.699999999999991,-308.229934611781,-526.3230249532969,-172.9014595126836,120,109,198.13805,198.13805,-199.009900990099,23.762376237623762
4.749999999999991,-317.76251880091314,-527.5101244871747,-173.7284094983959,118,106,192.1243,192.1243,-191.0,26.0
4.799999999999991,-326.83302221279257,-528.5069653061165,-174.5553594841082,114,102,182.5023,182.5023,-182.0,27.0
4.849999999999991,-335.5577707196473,-529.3385557679645,-175.3823094698205,111,99,175.2858,175.2858,-173.0,28.0
4.899999999999991,-343.87401635331327,-530.010249398117,-176.14034695672348,107,96,166.86655000000002,166.86655000000002,-164.0,29.0
4.94999999999999,-351.71841174713063,-530.539477295353,-176.89838444362644,103,92,157.24455,157.24455,-156.0,30.0
4.99999999999999,-359.26887518806626,-530.9486093017937,-177.72533442933874,101,89,151.2308,151.2308,-148.0,30.0
5.04999999999999,-366.40382621631846,-531.2320186487628,-178.4833719162417,97,86,142.81154999999998,142.81154999999998,-140.0,30.0
5.09999999999999,-373.1812036736924,-531.4114587823349,-179.24140940314467,94,83,135.59505,135.59505,-133.0,31.0
5.14999999999999,-379.59956857881167,-531.4964422806696,-179.99944689004764,91,80,128.37855,128.37855,-126.0,31.0
5.1999999999999895,-385.77794607852377,-531.4965019241915,179.24251562304937,89,78,123.56754999999998,123.56754999999998,-120.0,31.0
5.249999999999989,-391.65512242242295,-531.4187976205037,178.5533906349558,86,76,117.5538,117.5538,-114.0,31.0
5.299999999999989,-397.23034744107355,-531.2780038833617,177.9331781456716,83,74,111.54005,111.54005,-108.0,31.0
5.349999999999989,-402.56332828748566,-531.0855445979068,177.3129656563874,81,72,106.72904999999999,106.72904999999999,-102.0,31.0
5.399999999999989,-407.59355651052226,-530.84946588351,176.62384066829384,79,69,100.7153,100.7153,-97.0,31.0
5.449999999999989,-412.3804490254194,-530.5670708639949,175.93471568020027,77,67,95.90429999999999,95.90429999999999,-92.0,30.0
5.4999999999999885,-416.98364031475717,-530.2399133059721,175.31450319091607,75,66,92.29605,92.29605,-87.0,30.0
5.549999999999988,-421.40321100843505,-529.877684710078,174.6253782028225,74,64,88.6878,88.6878,-83.0,30.0
5.599999999999988,-425.51873989471744,-529.4904918063702,174.0051657135383,71,62,82.67405,82.67405,-78.0,29.0
5.649999999999988,-425.51873989471744,-529.4904918063702,174.0051657135383,0,0,0.0,-77.2917,0.0,0.0
5.699999999999988,-425.51873989471744,-529.4904918063702,174.0051657135383,0,0,0.0,-77.2917,0.0,0.0
5.749999999999988,-425.51873989471744,-529.4904918063702,174.0051657135383,0,0,0.0,-77.2917,0.0,0.0
5.799999999999987,-425.51873989471744,-529.4904918063702,174.0051657135383,0,0,0.0,-77.2917,0.0,0.0
5.849999999999987,-425.51873989471744,-529.4904918063702,174.0051657135383,0,0,0.0,-77.2917,0.0,0.0
5.899999999999987,-425.51873989471744,-529.4904918063702,174.0051657135383,0,0,0.0,-77.2917,0.0,0.0
5.949999999999987,-425.51873989471744,-529.4904918063702,174.0051657135383,0,0,0.0,-77.2917,0.0,0.0
5.999999999999987,-425.51873989471744,-529.4904918063702,174.0051657135383,0,0,0.0,-77.2917,0.0,0.0
6.0499999999999865,-425.51873989471744,-529.4904918063702,174.0051657135383,0,0,0.0,-77.2917,0.0,0.0
6.099999999999986,-425.51873989471744,-529.4904918063702,174.0051657135383,0,0,0.0,-77.2917,0.0,0.0
6.149999999999986,-425.51873989471744,-529.4904918063702,174.0051657135383,0,0,0.0,-77.2917,0.0,0.0
6.199999999999986,-425.51873989471744,-529.4904918063702,174.0051657135383,0,0,0.0,-77.2917,0.0,0.0
6.249999999999986,-425.51873989471744,-529.4904918063702,174.0051657135383,0,0,0.0,-77.2917,0.0,0.0
6.299999999999986,-425.51873989471744,-529.4904918063702,174.0051657135383,0,0,0.0,-77.2917,0.0,0.0
6.349999999999985,-425.51873989471744,-529.4904918063702,174.0051657135383,0,0,0.0,-77.2917,0.0,0.0
6.399999999999985,-425.51873989471744,-529.4904918063702,174.0051657135383,0,0,0.0,-77.2917,0.0,0.0
6.449999999999985,-425.51873989471744,-529.4904918063702,174.0051657135383,0,0,0.0,-77.2917,0.0,0.0
6.499999999999985,-425.51873989471744,-529.4904918063702,174.0051657135383,0,0,0.0,-77.2917,0.0,0.0
6.549999999999985,-425.51873989471744,-529.4904918063702,174.0051657135383,0,0,0.0,-77.2917,0.0,0.0
6.5999999999999845,-425.51873989471744,-529.4904918063702,174.0051657135383,0,0,0.0,-77.2917,0.0,0.0
6.649999999999984,-425.51873989471744,-529.4904918063702,174.0051657135383,0,0,0.0,-77.2917,0.0,0.0
6.699999999999984,-425.51873989471744,-529.4904918063702,174.0051657135383,0,0,0.0,-77.2917,0.0,0.0
6.749999999999984,-425.51873989471744,-529.4904918063702,174.0051657135383,0,0,0.0,-77.2917,0.0,0.0
6.799999999999984,-425.51873989471744,-529.4904918063702,174.0051657135383,0,0,0.0,-77.2917,0.0,0.0
6.849999999999984,-425.51873989471744,-529.4904918063702,174.0051657135383,0,0,0.0,-77.2917,0.0,0.0
6.8999999999999835,-425.51873989471744,-529.4904918063702,174.0051657135383,0,0,0.0,-77.2917,0.0,0.0
6.949999999999983,-425.51873989471744,-529.4904918063702,174.0051657135383,0,0,0.0,-77.2917,0.0,0.0
6.999999999999983,-425.51873989471744,-529.4904918063702,174.0051657135383,0,0,0.0,-77.2917,0.0,0.0
7.049999999999983,-425.51873989471744,-529.4904918063702,174.0051657135383,0,0,0.0,-77.2917,0.0,0.0
7.099999999999983,-425.51873989471744,-529.4904918063702,174.0051657135383,0,0,0.0,-77.2917,0.0,0.0
7.149999999999983,-425.51873989471744,-529.4904918063702,174.0051657135383,0,0,0.0,-77.2917,0.0,0.0
7.199999999999982,-425.51873989471744,-529.4904918063702,174.0051657135383,0,0,0.0,-77.2917,0.0,0.0
7.249999999999982,-425.51873989471744,-529.4904918063702,174.0051657135383,0,0,0.0,-77.2917,0.0,0.0
7.299999999999982,-425.51873989471744,-529.4904918063702,174.0051657135383,0,0,0.0,-77.2917,0.0,0.0
7.349999999999982,-425.51873989471744,-529.4904918063702,174.0051657135383,0,0,0.0,-77.2917,0.0,0.0
7.399999999999982,-425.51873989471744,-529.4904918063702,174.0051657135383,0,0,0.0,-77.2917,0.0,0.0
7.4499999999999815,-425.51873989471744,-529.4904918063702,174.0051657135383,0,0,0.0,-77.2917,0.0,0.0
7.499999999999981,-425.51873989471744,-529.4904918063702,174.0051657135383,0,0,0.0,-77.2917,0.0,0.0
7.549999999999981,-425.51873989471744,-529.4904918063702,174.0051657135383,0,0,0.0,-77.2917,0.0,0.0
7.599999999999981,-425.51873989471744,-529.4904918063702,174.0051657135383,0,0,0.0,-77.2917,0.0,0.0
7.649999999999981,-425.51873989471744,-529.4904918063702,174.0051657135383,0,0,0.0,-77.2917,0.0,0.0
7.699999999999981,-425.51873989471744,-529.4904918063702,174.0051657135383,0,0,0.0,-77.2917,0.0,0.0
7.7499999999999805,-425.51873989471744,-529.4904918063702,174.0051657135383,0,0,0.0,-77.2917,0.0,0.0
7.79999999999998,-425.51873989471744,-529.4904918063702,174.0051657135383,0,0,0.0,-77.2917,0.0,0.0
7.84999999999998,-425.51873989471744,-529.4904918063702,174.0051657135383,0,0,0.0,-77.2917,0.0,0.0
7.89999999999998,-425.51873989471744,-529.4904918063702,174.0051657135383,0,0,0.0,-77.2917,0.0,0.0
7.94999999999998,-425.51873989471744,-529.4904918063702,174.0051657135383,0,0,0.0,-77.2917,0.0,0.0
7.99999999999998,-425.51873989471744,-529.4904918063702,174.0051657135383,0,0,0.0,-77.2917,0.0,0.0
8.04999999999998,-425.51873989471744,-529.4904918063702,174.0051657135383,0,0,0.0,-77.2917,0.0,0.0
8.09999999999998,-425.51873989471744,-529.4904918063702,174.0051657135383,0,0,0.0,-77.2917,0.0,0.0
8.14999999999998,-425.51873989471744,-529.4904918063702,174.0051657135383,0,0,0.0,-77.2917,0.0,0.0
8.199999999999982,-425.51873989471744,-529.4904918063702,174.0051657135383,0,0,0.0,-77.2917,0.0,0.0
8.249999999999982,-425.51873989471744,-529.4904918063702,174.0051657135383,0,0,0.0,-77.2917,0.0,0.0
8.299999999999983,-425.51873989471744,-529.4904918063702,174.0051657135383,0,0,0.0,-77.2917,0.0,0.0
8.349999999999984,-425.51873989471744,-529.4904918063702,174.0051657135383,0,0,0.0,-77.2917,0.0,0.0
8.399999999999984,-425.51873989471744,-529.4904918063702,174.0051657135383,0,0,0.0,-77.2917,0.0,0.0
8.449999999999985,-425.51873989471744,-529.4904918063702,174.0051657135383,0,0,0.0,-77.2917,0.0,0.0
8.499999999999986,-425.51873989471744,-529.4904918063702,174.0051657135383,0,0,0.0,-77.2917,0.0,0.0
8.549999999999986,-425.51873989471744,-529.4904918063702,174.0051657135383,0,0,0.0,-77.2917,0.0,0.0
8.599999999999987,-425.51873989471744,-529.4904918063702,174.0051657135383,0,0,0.0,-77.2917,0.0,0.0
8.649999999999988,-425.51873989471744,-529.4904918063702,174.0051657135383,0,0,0.0,-77.2917,0.0,0.0
8.699999999999989,-425.51873989471744,-529.4904918063702,174.0051657135383,0,0,0.0,-77.2917,0.0,0.0
8.74999999999999,-425.51873989471744,-529.4904918063702,174.0051657135383,0,0,0.0,-77.2917,0.0,0.0
8.79999999999999,-425.51873989471744,-529.4904918063702,174.0051657135383,0,0,0.0,-77.2917,0.0,0.0
8.84999999999999,-425.51873989471744,-529.4904918063702,174.0051657135383,0,0,0.0,-77.2917,0.0,0.0
8.899999999999991,-425.51873989471744,-529.4904918063702,174.0051657135383,0,0,0.0,-77.2917,0.0,0.0
8.949999999999992,-425.51873989471744,-529.4904918063702,174.0051657135383,0,0,0.0,-77.2917,0.0,0.0
8.999999999999993,-425.51873989471744,-529.4904918063702,174.0051657135383,0,0,0.0,-77.2917,0.0,0.0
9.049999999999994,-425.51873989471744,-529.4904918063702,174.0051657135383,0,0,0.0,-77.2917,0.0,0.0
9.099999999999994,-425.51873989471744,-529.4904918063702,174.0051657135383,0,0,0.0,-77.2917,0.0,0.0
9.149999999999995,-425.51873989471744,-529.4904918063702,174.0051657135383,0,0,0.0,-77.2917,0.0,0.0
9.199999999999996,-425.51873989471744,-529.4904918063702,174.0051657135383,0,0,0.0,-77.2917,0.0,0.0
9.249999999999996,-425.51873989471744,-529.4904918063702,174.0051657135383,0,0,0.0,-77.2917,0.0,0.0
9.299999999999997,-425.51873989471744,-529.4904918063702,174.0051657135383,0,0,0.0,-77.2917,0.0,0.0
9.349999999999998,-425.51873989471744,-529.4904918063702,174.0051657135383,0,0,0.0,-77.2917,0.0,0.0
9.399999999999999,-425.51873989471744,-529.4904918063702,174.0051657135383,0,0,0.0,-77.2917,0.0,0.0
9.45,-425.51873989471744,-529.4904918063702,174.0051657135383,0,0,0.0,-77.2917,0.0,0.0
9.5,-425.51873989471744,-529.4904918063702,174.0051657135383,0,0,0.0,-77.2917,0.0,0.0
9.55,-425.51873989471744,-529.4904918063702,174.0051657135383,0,0,0.0,-77.2917,0.0,0.0
9.600000000000001,-425.51873989471744,-529.4904918063702,174.0051657135383,0,0,0.0,-77.2917,0.0,0.0
9.650000000000002,-425.51873989471744,-529.4904918063702,174.0051657135383,0,0,0.0,-77.2917,0.0,0.0
9.700000000000003,-425.51873989471744,-529.4904918063702,174.0051657135383,0,0,0.0,-77.2917,0.0,0.0
9.750000000000004,-425.51873989471744,-529.4904918063702,174.0051657135383,0,0,0.0,-77.2917,0.0,0.0
9.800000000000004,-425.51873989471744,-529.4904918063702,174.0051657135383,0,0,0.0,-77.2917,0.0,0.0
9.850000000000005,-425.51873989471744,-529.4904918063702,174.0051657135383,0,0,0.0,-77.2917,0.0,0.0
9.900000000000006,-425.51873989471744,-529.4904918063702,174.0051657135383,0,0,0.0,-77.2917,0.0,0.0
9.950000000000006,-425.51873989471744,-529.4904918063702,174.0051657135383,0,0,0.0,-77.2917,0.0,0.0
10.000000000000007,-425.51873989471744,-529.4904918063702,174.0051657135383,0,0,0.0,-77.2917,0.0,0.0
10.050000000000008,-425.51873989471744,-529.4904918063702,174.0051657135383,0,0,0.0,-77.2917,0.0,0.0
10.100000000000009,-425.51873989471744,-529.4904918063702,174.0051657135383,0,0,0.0,-77.2917,0.0,0.0
10.15000000000001,-425.51873989471744,-529.4904918063702,174.0051657135383,0,0,0.0,-77.2917,0.0,0.0
10.20000000000001,-425.51873989471744,-529.4904918063702,174.0051657135383,0,0,0.0,-77.2917,0.0,0.0
10.25000000000001,-425.51873989471744,-529.4904918063702,174.0051657135383,0,0,0.0,-77.2917,0.0,0.0
10.300000000000011,-425.51873989471744,-529.4904918063702,174.0051657135383,0,0,0.0,-77.2917,0.0,0.0
10.350000000000012,-425.51873989471744,-529.4904918063702,174.0051657135383,0,0,0.0,-77.2917,0.0,0.0
10.400000000000013,-425.51873989471744,-529.4904918063702,174.0051657135383,0,0,0.0,-77.2917,0.0,0.0
10.450000000000014,-425.51873989471744,-529.4904918063702,174.0051657135383,0,0,0.0,-77.2917,0.0,0.0
10.500000000000014,-425.51873989471744,-529.4904918063702,174.0051657135383,0,0,0.0,-77.2917,0.0,0.0
10.550000000000015,-425.51873989471744,-529.4904918063702,174.0051657135383,0,0,0.0,-77.2917,0.0,0.0
10.600000000000016,-425.51873989471744,-529.4904918063702,174.0051657135383,0,0,0.0,-77.2917,0.0,0.0
10.650000000000016,-425.51873989471744,-529.4904918063702,174.0051657135383,0,0,0.0,-77.2917,0.0,0.0
10.700000000000017,-425.51873989471744,-529.4904918063702,174.0051657135383,0,0,0.0,-77.2917,0.0,0.0
10.750000000000018,-425.51873989471744,-529.4904918063702,174.0051657135383,0,0,0.0,-77.2917,0.0,0.0
10.800000000000018,-425.51873989471744,-529.4904918063702,174.0051657135383,0,0,0.0,-77.2917,0.0,0.0
10.85000000000002,-425.51873989471744,-529.4904918063702,174.0051657135383,0,0,0.0,-77.2917,0.0,0.0
10.90000000000002,-425.51873989471744,-529.4904918063702,174.0051657135383,0,0,0.0,-77.2917,0.0,0.0
10.95000000000002,-425.51873989471744,-529.4904918063702,174.0051657135383,0,0,0.0,-77.2917,0.0,0.0
11.000000000000021,-425.51873989471744,-529.4904918063702,174.0051657135383,0,0,0.0,-77.2917,0.0,0.0
11.050000000000022,-425.51873989471744,-529.4904918063702,174.0051657135383,0,0,0.0,-77.2917,0.0,0.0
11.100000000000023,-425.51873989471744,-529.4904918063702,174.0051657135383,0,0,0.0,-77.2917,0.0,0.0
11.150000000000023,-425.51873989471744,-529.4904918063702,174.0051657135383,0,0,0.0,-77.2917,0.0,0.0
11.200000000000024,-425.51873989471744,-529.4904918063702,174.0051657135383,0,0,0.0,-77.2917,0.0,0.0
11.250000000000025,-425.51873989471744,-529.4904918063702,174.0051657135383,0,0,0.0,-77.2917,0.0,0.0
11.300000000000026,-425.51873989471744,-529.4904918063702,174.0051657135383,0,0,0.0,-77.2917,0.0,0.0
11.350000000000026,-425.51873989471744,-529.4904918063702,174.0051657135383,0,0,0.0,-77.2917,0.0,0.0
11.400000000000027,-425.51873989471744,-529.4904918063702,174.0051657135383,0,0,0.0,-77.2917,0.0,0.0
11.450000000000028,-425.51873989471744,-529.4904918063702,174.0051657135383,0,0,0.0,-77.2917,0.0,0.0
11.500000000000028,-425.51873989471744,-529.4904918063702,174.0051657135383,0,0,0.0,-77.2917,0.0,0.0
11.55000000000003,-425.51873989471744,-529.4904918063702,174.0051657135383,0,0,0.0,-77.2917,0.0,0.0
11.60000000000003,-425.51873989471744,-529.4904918063702,174.0051657135383,0,0,0.0,-77.2917,0.0,0.0
11.65000000000003,-425.51873989471744,-529.4904918063702,174.0051657135383,0,0,0.0,-77.2917,0.0,0.0
11.700000000000031,-425.51873989471744,-529.4904918063702,174.0051657135383,0,0,0.0,-77.2917,0.0,0.0
11.750000000000032,-425.51873989471744,-529.4904918063702,174.0051657135383,0,0,0.0,-77.2917,0.0,0.0
11.800000000000033,-425.51873989471744,-529.4904918063702,174.0051657135383,0,0,0.0,-77.2917,0.0,0.0
11.850000000000033,-425.51873989471744,-529.4904918063702,174.0051657135383,0,0,0.0,-77.2917,0.0,0.0
11.900000000000034,-425.51873989471744,-529.4904918063702,174.0051657135383,0,0,0.0,-77.2917,0.0,0.0
11.950000000000035,-425.51873989471744,-529.4904918063702,174.0051657135383,0,0,0.0,-77.2917,0.0,0.0
12.000000000000036,-425.51873989471744,-529.4904918063702,174.0051657135383,0,0,0.0,-77.2917,0.0,0.0
12.050000000000036,-425.51873989471744,-529.4904918063702,174.0051657135383,0,0,0.0,-77.2917,0.0,0.0
12.100000000000037,-425.51873989471744,-529.4904918063702,174.0051657135383,0,0,0.0,-77.2917,0.0,0.0
12.150000000000038,-425.51873989471744,-529.4904918063702,174.0051657135383,0,0,0.0,-77.2917,0.0,0.0
12.200000000000038,-425.51873989471744,-529.4904918063702,174.0051657135383,0,0,0.0,-77.2917,0.0,0.0
12.250000000000039,-425.51873989471744,-529.4904918063702,174.0051657135383,0,0,0.0,-77.2917,0.0,0.0
12.30000000000004,-425.51873989471744,-529.4904918063702,174.0051657135383,0,0,0.0,-77.2917,0.0,0.0
12.35000000000004,-425.51873989471744,-529.4904918063702,174.0051657135383,0,0,0.0,-77.2917,0.0,0.0
12.400000000000041,-425.51873989471744,-529.4904918063702,174.0051657135383,0,0,0.0,-77.2917,0.0,0.0
12.450000000000042,-425.51873989471744,-529.4904918063702,174.0051657135383,0,0,0.0,-77.2917,0.0,0.0
12.500000000000043,-425.51873989471744,-529.4904918063702,174.0051657135383,0,0,0.0,-77.2917,0.0,0.0
12.550000000000043,-425.51873989471744,-529.4904918063702,174.0051657135383,0,0,0.0,-77.2917,0.0,0.0
12.600000000000044,-425.51873989471744,-529.4904918063702,174.0051657135383,0,0,0.0,-77.2917,0.0,0.0
12.650000000000045,-425.51873989471744,-529.4904918063702,174.0051657135383,0,0,0.0,-77.2917,0.0,0.0
12.700000000000045,-425.51873989471744,-529.4904918063702,174.0051657135383,0,0,0.0,-77.2917,0.0,0.0
12.750000000000046,-425.51873989471744,-529.4904918063702,174.0051657135383,0,0,0.0,-77.2917,0.0,0.0
12.800000000000047,-425.51873989471744,-529.4904918063702,174.0051657135383,0,0,0.0,-77.2917,0.0,0.0
12.850000000000048,-425.51873989471744,-529.4904918063702,174.0051657135383,0,0,0.0,-77.2917,0.0,0.0
12.900000000000048,-425.51873989471744,-529.4904918063702,174.0051657135383,0,0,0.0,-77.2917,0.0,0.0
12.950000000000049,-425.51873989471744,-529.4904918063702,174.0051657135383,0,0,0.0,-77.2917,0.0,0.0
13.00000000000005,-425.51873989471744,-529.4904918063702,174.0051657135383,0,0,0.0,-77.2917,0.0,0.0
13.05000000000005,-425.51873989471744,-529.4904918063702,174.0051657135383,0,0,0.0,-77.2917,0.0,0.0
13.100000000000051,-425.51873989471744,-529.4904918063702,174.0051657135383,0,0,0.0,-77.2917,0.0,0.0
13.150000000000052,-425.51873989471744,-529.4904918063702,174.0051657135383,0,0,0.0,-77.2917,0.0,0.0
13.200000000000053,-425.51873989471744,-529.4904918063702,174.0051657135383,0,0,0.0,-77.2917,0.0,0.0
13.250000000000053,-425.51873989471744,-529.4904918063702,174.0051657135383,0,0,0.0,-77.2917,0.0,0.0
13.300000000000054,-425.51873989471744,-529.4904918063702,174.0051657135383,0,0,0.0,-77.2917,0.0,0.0
13.350000000000055,-425.51873989471744,-529.4904918063702,174.0051657135383,0,0,0.0,-77.2917,0.0,0.0
13.400000000000055,-425.51873989471744,-529.4904918063702,174.0051657135383,0,0,0.0,-77.2917,0.0,0.0
13.450000000000056,-425.51873989471744,-529.4904918063702,174.0051657135383,0,0,0.0,-77.2917,0.0,0.0
13.500000000000057,-425.51873989471744,-529.4904918063702,174.0051657135383,0,0,0.0,-77.2917,0.0,0.0
13.550000000000058,-425.51873989471744,-529.4904918063702,174.0051657135383,0,0,0.0,-77.2917,0.0,0.0
13.600000000000058,-425.51873989471744,-529.4904918063702,174.0051657135383,0,0,0.0,-77.2917,0.0,0.0
13.650000000000059,-425.51873989471744,-529.4904918063702,174.0051657135383,0,0,0.0,-77.2917,0.0,0.0
13.70000000000006,-425.51873989471744,-529.4904918063702,174.0051657135383,0,0,0.0,-77.2917,0.0,0.0
13.75000000000006,-425.51873989471744,-529.4904918063702,174.0051657135383,0,0,0.0,-77.2917,0.0,0.0
13.800000000000061,-425.51873989471744,-529.4904918063702,174.0051657135383,0,0,0.0,-77.2917,0.0,0.0
13.850000000000062,-425.51873989471744,-529.4904918063702,174.0051657135383,0,0,0.0,-77.2917,0.0,0.0
13.900000000000063,-425.51873989471744,-529.4904918063702,174.0051657135383,0,0,0.0,-77.2917,0.0,0.0
13.950000000000063,-425.51873989471744,-529.4904918063702,174.0051657135383,0,0,0.0,-77.2917,0.0,0.0
14.000000000000064,-425.51873989471744,-529.4904918063702,174.0051657135383,0,0,0.0,-77.2917,0.0,0.0
14.050000000000065,-425.51873989471744,-529.4904918063702,174.0051657135383,0,0,0.0,-77.2917,0.0,0.0
14.100000000000065,-425.51873989471744,-529.4904918063702,174.0051657135383,0,0,0.0,-77.2917,0.0,0.0
14.150000000000066,-425.51873989471744,-529.4904918063702,174.0051657135383,0,0,0.0,-77.2917,0.0,0.0
14.200000000000067,-425.51873989471744,-529.4904918063702,174.0051657135383,0,0,0.0,-77.2917,0.0,0.0
14.250000000000068,-425.51873989471744,-529.4904918063702,174.0051657135383,0,0,0.0,-77.2917,0.0,0.0
14.300000000000068,-425.51873989471744,-529.4904918063702,174.0051657135383,0,0,0.0,-77.2917,0.0,0.0
14.350000000000069,-425.51873989471744,-529.4904918063702,174.0051657135383,0,0,0.0,-77.2917,0.0,0.0
14.40000000000007,-425.51873989471744,-529.4904918063702,174.0051657135383,0,0,0.0,-77.2917,0.0,0.0
14.45000000000007,-425.51873989471744,-529.4904918063702,174.0051657135383,0,0,0.0,-77.2917,0.0,0.0
14.500000000000071,-425.51873989471744,-529.4904918063702,174.0051657135383,0,0,0.0,-77.2917,0.0,0.0
14.550000000000072,-425.51873989471744,-529.4904918063702,174.0051657135383,0,0,0.0,-77.2917,0.0,0.0
14.600000000000072,-425.51873989471744,-529.4904918063702,174.0051657135383,0,0,0.0,-77.2917,0.0,0.0
14.650000000000073,-425.51873989471744,-529.4904918063702,174.0051657135383,0,0,0.0,-77.2917,0.0,0.0
14.700000000000074,-425.51873989471744,-529.4904918063702,174.0051657135383,0,0,0.0,-77.2917,0.0,0.0
14.750000000000075,-425.51873989471744,-529.4904918063702,174.0051657135383,0,0,0.0,-77.2917,0.0,0.0
14.800000000000075,-425.51873989471744,-529.4904918063702,174.0051657135383,0,0,0.0,-77.2917,0.0,0.0
14.850000000000076,-425.51873989471744,-529.4904918063702,174.0051657135383,0,0,0.0,-77.2917,0.0,0.0
14.900000000000077,-425.51873989471744,-529.4904918063702,174.0051657135383,0,0,0.0,-77.2917,0.0,0.0
14.950000000000077,-425.51873989471744,-529.4904918063702,174.0051657135383,0,0,0.0,-77.2917,0.0,0.0
15.000000000000078,-425.51873989471744,-529.4904918063702,174.0051657135383,0,0,0.0,-77.2917,0.0,0.0
15.050000000000079,-425.51873989471744,-529.4904918063702,174.0051657135383,0,0,0.0,-77.2917,0.0,0.0
15.10000000000008,-425.51873989471744,-529.4904918063702,174.0051657135383,0,0,0.0,-77.2917,0.0,0.0
15.15000000000008,-425.51873989471744,-529.4904918063702,174.0051657135383,0,0,0.0,-77.2917,0.0,0.0
15.200000000000081,-425.51873989471744,-529.4904918063702,174.0051657135383,0,0,0.0,-77.2917,0.0,0.0
15.250000000000082,-425.51873989471744,-529.4904918063702,174.0051657135383,0,0,0.0,-77.2917,0.0,0.0
15.300000000000082,-425.51873989471744,-529.4904918063702,174.0051657135383,0,0,0.0,-77.2917,0.0,0.0
15.350000000000083,-425.51873989471744,-529.4904918063702,174.0051657135383,0,0,0.0,-77.2917,0.0,0.0
15.400000000000084,-425.51873989471744,-529.4904918063702,174.0051657135383,0,0,0.0,-77.2917,0.0,0.0
15.450000000000085,-425.51873989471744,-529.4904918063702,174.0051657135383,0,0,0.0,-77.2917,0.0,0.0
15.500000000000085,-425.51873989471744,-529.4904918063702,174.0051657135383,0,0,0.0,-77.2917,0.0,0.0
15.550000000000086,-425.51873989471744,-529.4904918063702,174.0051657135383,0,0,0.0,-77.2917,0.0,0.0
15.600000000000087,-425.51873989471744,-529.4904918063702,174.0051657135383,0,0,0.0,-77.2917,0.0,0.0
15.650000000000087,-425.51873989471744,-529.4904918063702,174.0051657135383,0,0,0.0,-77.2917,0.0,0.0
15.700000000000088,-425.51873989471744,-529.4904918063702,174.0051657135383,0,0,0.0,-77.2917,0.0,0.0
15.750000000000089,-425.51873989471744,-529.4904918063702,174.0051657135383,0,0,0.0,-77.2917,0.0,0.0
15.80000000000009,-425.51873989471744,-529.4904918063702,174.0051657135383,0,0,0.0,-77.2917,0.0,0.0
15.85000000000009,-425.51873989471744,-529.4904918063702,174.0051657135383,0,0,0.0,-77.2917,0.0,0.0
15.900000000000091,-425.51873989471744,-529.4904918063702,174.0051657135383,0,0,0.0,-77.2917,0.0,0.0
15.950000000000092,-425.51873989471744,-529.4904918063702,174.0051657135383,0,0,0.0,-77.2917,0.0,0.0
16.000000000000092,-425.51873989471744,-529.4904918063702,174.0051657135383,0,0,0.0,-77.2917,0.0,0.0
16.050000000000093,-425.51873989471744,-529.4904918063702,174.0051657135383,0,0,0.0,-77.2917,0.0,0.0
16.100000000000094,-425.51873989471744,-529.4904918063702,174.0051657135383,0,0,0.0,-77.2917,0.0,0.0
16.150000000000095,-425.51873989471744,-529.4904918063702,174.0051657135383,0,0,0.0,-77.2917,0.0,0.0
16.200000000000095,-425.51873989471744,-529.4904918063702,174.0051657135383,0,0,0.0,-77.2917,0.0,0.0
16.250000000000096,-425.51873989471744,-529.4904918063702,174.0051657135383,0,0,0.0,-77.2917,0.0,0.0
16.300000000000097,-425.51873989471744,-529.4904918063702,174.0051657135383,0,0,0.0,-77.2917,0.0,0.0
16.350000000000097,-425.51873989471744,-529.4904918063702,174.0051657135383,0,0,0.0,-77.2917,0.0,0.0
16.400000000000098,-425.51873989471744,-529.4904918063702,174.0051657135383,0,0,0.0,-77.2917,0.0,0.0
16.4500000000001,-425.51873989471744,-529.4904918063702,174.0051657135383,0,0,0.0,-77.2917,0.0,0.0
16.5000000000001,-425.51873989471744,-529.4904918063702,174.0051657135383,0,0,0.0,-77.2917,0.0,0.0
16.5500000000001,-425.51873989471744,-529.4904918063702,174.0051657135383,0,0,0.0,-77.2917,0.0,0.0
16.6000000000001,-425.51873989471744,-529.4904918063702,174.0051657135383,0,0,0.0,-77.2917,0.0,0.0
16.6500000000001,-425.51873989471744,-529.4904918063702,174.0051657135383,0,0,0.0,-77.2917,0.0,0.0
16.700000000000102,-425.51873989471744,-529.4904918063702,174.0051657135383,0,0,0.0,-77.2917,0.0,0.0
16.750000000000103,-425.51873989471744,-529.4904918063702,174.0051657135383,0,0,0.0,-77.2917,0.0,0.0
16.800000000000104,-425.51873989471744,-529.4904918063702,174.0051657135383,0,0,0.0,-77.2917,0.0,0.0
16.850000000000104,-425.51873989471744,-529.4904918063702,174.0051657135383,0,0,0.0,-77.2917,0.0,0.0
16.900000000000105,-425.51873989471744,-529.4904918063702,174.0051657135383,0,0,0.0,-77.2917,0.0,0.0
16.950000000000106,-425.51873989471744,-529.4904918063702,174.0051657135383,0,0,0.0,-77.2917,0.0,0.0
17.000000000000107,-425.51873989471744,-529.4904918063702,174.0051657135383,0,0,0.0,-77.2917,0.0,0.0
17.050000000000107,-425.51873989471744,-529.4904918063702,174.0051657135383,0,0,0.0,-77.2917,0.0,0.0
17.100000000000108,-425.51873989471744,-529.4904918063702,174.0051657135383,0,0,0.0,-77.2917,0.0,0.0
17.15000000000011,-425.51873989471744,-529.4904918063702,174.0051657135383,0,0,0.0,-77.2917,0.0,0.0
17.20000000000011,-425.51873989471744,-529.4904918063702,174.0051657135383,0,0,0.0,-77.2917,0.0,0.0
17.25000000000011,-425.51873989471744,-529.4904918063702,174.0051657135383,0,0,0.0,-77.2917,0.0,0.0
17.30000000000011,-425.51873989471744,-529.4904918063702,174.0051657135383,0,0,0.0,-77.2917,0.0,0.0
17.35000000000011,-425.51873989471744,-529.4904918063702,174.0051657135383,0,0,0.0,-77.2917,0.0,0.0
17.400000000000112,-425.51873989471744,-529.4904918063702,174.0051657135383,0,0,0.0,-77.2917,0.0,0.0
17.450000000000113,-425.51873989471744,-529.4904918063702,174.0051657135383,0,0,0.0,-77.2917,0.0,0.0
17.500000000000114,-425.51873989471744,-529.4904918063702,174.0051657135383,0,0,0.0,-77.2917,0.0,0.0
17.550000000000114,-425.51873989471744,-529.4904918063702,174.0051657135383,0,0,0.0,-77.2917,0.0,0.0
17.600000000000115,-425.51873989471744,-529.4904918063702,174.0051657135383,0,0,0.0,-77.2917,0.0,0.0
17.650000000000116,-425.51873989471744,-529.4904918063702,174.0051657135383,0,0,0.0,-77.2917,0.0,0.0
17.700000000000117,-425.51873989471744,-529.4904918063702,174.0051657135383,0,0,0.0,-77.2917,0.0,0.0
17.750000000000117,-425.51873989471744,-529.4904918063702,174.0051657135383,0,0,0.0,-77.2917,0.0,0.0
17.800000000000118,-425.51873989471744,-529.4904918063702,174.0051657135383,0,0,0.0,-77.2917,0.0,0.0
17.85000000000012,-425.51873989471744,-529.4904918063702,174.0051657135383,0,0,0.0,-77.2917,0.0,0.0
17.90000000000012,-425.51873989471744,-529.4904918063702,174.0051657135383,0,0,0.0,-77.2917,0.0,0.0
17.95000000000012,-425.51873989471744,-529.4904918063702,174.0051657135383,0,0,0.0,-77.2917,0.0,0.0
18.00000000000012,-425.51873989471744,-529.4904918063702,174.0051657135383,0,0,0.0,-77.2917,0.0,0.0
18.05000000000012,-425.51873989471744,-529.4904918063702,174.0051657135383,0,0,0.0,-77.2917,0.0,0.0
18.100000000000122,-425.51873989471744,-529.4904918063702,174.0051657135383,0,0,0.0,-77.2917,0.0,0.0
18.150000000000123,-425.51873989471744,-529.4904918063702,174.0051657135383,0,0,0.0,-77.2917,0.0,0.0
18.200000000000124,-425.51873989471744,-529.4904918063702,174.0051657135383,0,0,0.0,-77.2917,0.0,0.0
18.250000000000124,-425.51873989471744,-529.4904918063702,174.0051657135383,0,0,0.0,-77.2917,0.0,0.0
18.300000000000125,-425.51873989471744,-529.4904918063702,174.0051657135383,0,0,0.0,-77.2917,0.0,0.0
18.350000000000126,-425.51873989471744,-529.4904918063702,174.0051657135383,0,0,0.0,-77.2917,0.0,0.0
18.400000000000126,-425.51873989471744,-529.4904918063702,174.0051657135383,0,0,0.0,-77.2917,0.0,0.0
18.450000000000127,-425.51873989471744,-529.4904918063702,174.0051657135383,0,0,0.0,-77.2917,0.0,0.0
18.500000000000128,-425.51873989471744,-529.4904918063702,174.0051657135383,0,0,0.0,-77.2917,0.0,0.0
18.55000000000013,-425.51873989471744,-529.4904918063702,174.0051657135383,0,0,0.0,-77.2917,0.0,0.0
18.60000000000013,-425.51873989471744,-529.4904918063702,174.0051657135383,0,0,0.0,-77.2917,0.0,0.0
18.65000000000013,-425.51873989471744,-529.4904918063702,174.0051657135383,0,0,0.0,-77.2917,0.0,0.0
18.70000000000013,-425.51873989471744,-529.4904918063702,174.0051657135383,0,0,0.0,-77.2917,0.0,0.0
18.75000000000013,-425.51873989471744,-529.4904918063702,174.0051657135383,0,0,0.0,-77.2917,0.0,0.0
18.800000000000132,-425.51873989471744,-529.4904918063702,174.0051657135383,0,0,0.0,-77.2917,0.0,0.0
18.850000000000133,-425.51873989471744,-529.4904918063702,174.0051657135383,0,0,0.0,-77.2917,0.0,0.0
18.900000000000134,-425.51873989471744,-529.4904918063702,174.0051657135383,0,0,0.0,-77.2917,0.0,0.0
18.950000000000134,-425.51873989471744,-529.4904918063702,174.0051657135383,0,0,0.0,-77.2917,0.0,0.0
19.000000000000135,-425.51873989471744,-529.4904918063702,174.0051657135383,0,0,0.0,-77.2917,0.0,0.0
19.050000000000136,-425.51873989471744,-529.4904918063702,174.0051657135383,0,0,0.0,-77.2917,0.0,0.0
19.100000000000136,-425.51873989471744,-529.4904918063702,174.0051657135383,0,0,0.0,-77.2917,0.0,0.0
19.150000000000137,-425.51873989471744,-529.4904918063702,174.0051657135383,0,0,0.0,-77.2917,0.0,0.0
19.200000000000138,-425.51873989471744,-529.4904918063702,174.0051657135383,0,0,0.0,-77.2917,0.0,0.0
19.25000000000014,-425.51873989471744,-529.4904918063702,174.0051657135383,0,0,0.0,-77.2917,0.0,0.0
19.30000000000014,-425.51873989471744,-529.4904918063702,174.0051657135383,0,0,0.0,-77.2917,0.0,0.0
19.35000000000014,-425.51873989471744,-529.4904918063702,174.0051657135383,0,0,0.0,-77.2917,0.0,0.0
19.40000000000014,-425.51873989471744,-529.4904918063702,174.0051657135383,0,0,0.0,-77.2917,0.0,0.0
19.45000000000014,-425.51873989471744,-529.4904918063702,174.0051657135383,0,0,0.0,-77.2917,0.0,0.0
19.500000000000142,-425.51873989471744,-529.4904918063702,174.0051657135383,0,0,0.0,-77.2917,0.0,0.0
19.550000000000143,-425.51873989471744,-529.4904918063702,174.0051657135383,0,0,0.0,-77.2917,0.0,0.0
19.600000000000144,-425.51873989471744,-529.4904918063702,174.0051657135383,0,0,0.0,-77.2917,0.0,0.0
19.650000000000144,-425.51873989471744,-529.4904918063702,174.0051657135383,0,0,0.0,-77.2917,0.0,0.0
19.700000000000145,-425.51873989471744,-529.4904918063702,174.0051657135383,0,0,0.0,-77.2917,0.0,0.0
19.750000000000146,-425.51873989471744,-529.4904918063702,174.0051657135383,0,0,0.0,-77.2917,0.0,0.0
19.800000000000146,-425.51873989471744,-529.4904918063702,174.0051657135383,0,0,0.0,-77.2917,0.0,0.0
19.850000000000147,-425.51873989471744,-529.4904918063702,174.0051657135383,0,0,0.0,-77.2917,0.0,0.0
19.900000000000148,-425.51873989471744,-529.4904918063702,174.0051657135383,0,0,0.0,-77.2917,0.0,0.0
19.95000000000015,-425.51873989471744,-529.4904918063702,174.0051657135383,0,0,0.0,-77.2917,0.0,0.0
20.00000000000015,-425.51873989471744,-529.4904918063702,174.0051657135383,0,0,0.0,-77.2917,0.0,0.0
20.05000000000015,-425.51873989471744,-529.4904918063702,174.0051657135383,0,0,0.0,-77.2917,0.0,0.0
20.10000000000015,-425.51873989471744,-529.4904918063702,174.0051657135383,0,0,0.0,-77.2917,0.0,0.0
20.15000000000015,-425.51873989471744,-529.4904918063702,174.0051657135383,0,0,0.0,-77.2917,0.0,0.0
20.200000000000152,-425.51873989471744,-529.4904918063702,174.0051657135383,0,0,0.0,-77.2917,0.0,0.0
20.250000000000153,-425.51873989471744,-529.4904918063702,174.0051657135383,0,0,0.0,-77.2917,0.0,0.0
20.300000000000153,-425.51873989471744,-529.4904918063702,174.0051657135383,0,0,0.0,-77.2917,0.0,0.0
20.350000000000154,-425.51873989471744,-529.4904918063702,174.0051657135383,0,0,0.0,-77.2917,0.0,0.0
20.400000000000155,-425.51873989471744,-529.4904918063702,174.0051657135383,0,0,0.0,-77.2917,0.0,0.0
20.450000000000156,-425.51873989471744,-529.4904918063702,174.0051657135383,0,0,0.0,-77.2917,0.0,0.0
20.500000000000156,-425.51873989471744,-529.4904918063702,174.0051657135383,0,0,0.0,-77.2917,0.0,0.0
20.550000000000157,-425.51873989471744,-529.4904918063702,174.0051657135383,0,0,0.0,-77.2917,0.0,0.0
20.600000000000158,-425.51873989471744,-529.4904918063702,174.0051657135383,0,0,0.0,-77.2917,0.0,0.0
20.65000000000016,-425.51873989471744,-529.4904918063702,174.0051657135383,0,0,0.0,-77.2917,0.0,0.0
20.70000000000016,-425.51873989471744,-529.4904918063702,174.0051657135383,0,0,0.0,-77.2917,0.0,0.0
20.75000000000016,-425.51873989471744,-529.4904918063702,174.0051657135383,0,0,0.0,-77.2917,0.0,0.0
20.80000000000016,-425.51873989471744,-529.4904918063702,174.0051657135383,0,0,0.0,-77.2917,0.0,0.0
20.85000000000016,-425.51873989471744,-529.4904918063702,174.0051657135383,0,0,0.0,-77.2917,0.0,0.0
20.900000000000162,-425.51873989471744,-529.4904918063702,174.0051657135383,0,0,0.0,-77.2917,0.0,0.0
20.950000000000163,-425.51873989471744,-529.4904918063702,174.0051657135383,0,0,0.0,-77.2917,0.0,0.0
21.000000000000163,-425.51873989471744,-529.4904918063702,174.0051657135383,0,0,0.0,-77.2917,0.0,0.0
21.050000000000164,-425.51873989471744,-529.4904918063702,174.0051657135383,0,0,0.0,-77.2917,0.0,0.0
21.100000000000165,-425.51873989471744,-529.4904918063702,174.0051657135383,0,0,0.0,-77.2917,0.0,0.0
21.150000000000166,-425.51873989471744,-529.4904918063702,174.0051657135383,0,0,0.0,-77.2917,0.0,0.0
21.200000000000166,-425.51873989471744,-529.4904918063702,174.0051657135383,0,0,0.0,-77.2917,0.0,0.0
21.250000000000167,-425.51873989471744,-529.4904918063702,174.0051657135383,0,0,0.0,-77.2917,0.0,0.0
21.300000000000168,-425.51873989471744,-529.4904918063702,174.0051657135383,0,0,0.0,-77.2917,0.0,0.0
21.35000000000017,-425.51873989471744,-529.4904918063702,174.0051657135383,0,0,0.0,-77.2917,0.0,0.0
21.40000000000017,-425.51873989471744,-529.4904918063702,174.0051657135383,0,0,0.0,-77.2917,0.0,0.0
21.45000000000017,-425.51873989471744,-529.4904918063702,174.0051657135383,0,0,0.0,-77.2917,0.0,0.0
21.50000000000017,-425.51873989471744,-529.4904918063702,174.0051657135383,0,0,0.0,-77.2917,0.0,0.0
21.55000000000017,-425.51873989471744,-529.4904918063702,174.0051657135383,0,0,0.0,-77.2917,0.0,0.0
21.600000000000172,-425.51873989471744,-529.4904918063702,174.0051657135383,0,0,0.0,-77.2917,0.0,0.0
21.650000000000173,-425.51873989471744,-529.4904918063702,174.0051657135383,0,0,0.0,-77.2917,0.0,0.0
21.700000000000173,-425.51873989471744,-529.4904918063702,174.0051657135383,0,0,0.0,-77.2917,0.0,0.0
21.750000000000174,-425.51873989471744,-529.4904918063702,174.0051657135383,0,0,0.0,-77.2917,0.0,0.0
21.800000000000175,-425.51873989471744,-529.4904918063702,174.0051657135383,0,0,0.0,-77.2917,0.0,0.0
21.850000000000176,-425.51873989471744,-529.4904918063702,174.0051657135383,0,0,0.0,-77.2917,0.0,0.0
21.900000000000176,-425.51873989471744,-529.4904918063702,174.0051657135383,0,0,0.0,-77.2917,0.0,0.0
21.950000000000177,-425.51873989471744,-529.4904918063702,174.0051657135383,0,0,0.0,-77.2917,0.0,0.0
22.000000000000178,-425.51873989471744,-529.4904918063702,174.0051657135383,0,0,0.0,-77.2917,0.0,0.0
22.05000000000018,-425.51873989471744,-529.4904918063702,174.0051657135383,0,0,0.0,-77.2917,0.0,0.0
22.10000000000018,-425.51873989471744,-529.4904918063702,174.0051657135383,0,0,0.0,-77.2917,0.0,0.0
22.15000000000018,-425.51873989471744,-529.4904918063702,174.0051657135383,0,0,0.0,-77.2917,0.0,0.0
22.20000000000018,-425.51873989471744,-529.4904918063702,174.0051657135383,0,0,0.0,-77.2917,0.0,0.0
22.25000000000018,-425.51873989471744,-529.4904918063702,174.0051657135383,0,0,0.0,-77.2917,0.0,0.0
22.300000000000182,-425.51873989471744,-529.4904918063702,174.0051657135383,0,0,0.0,-77.2917,0.0,0.0
22.350000000000183,-425.51873989471744,-529.4904918063702,174.0051657135383,0,0,0.0,-77.2917,0.0,0.0
22.400000000000183,-425.51873989471744,-529.4904918063702,174.0051657135383,0,0,0.0,-77.2917,0.0,0.0
22.450000000000184,-425.51873989471744,-529.4904918063702,174.0051657135383,0,0,0.0,-77.2917,0.0,0.0
22.500000000000185,-425.51873989471744,-529.4904918063702,174.0051657135383,0,0,0.0,-77.2917,0.0,0.0
22.550000000000185,-425.51873989471744,-529.4904918063702,174.0051657135383,0,0,0.0,-77.2917,0.0,0.0
22.600000000000186,-425.51873989471744,-529.4904918063702,174.0051657135383,0,0,0.0,-77.2917,0.0,0.0
22.650000000000187,-425.51873989471744,-529.4904918063702,174.0051657135383,0,0,0.0,-77.2917,0.0,0.0
22.700000000000188,-425.51873989471744,-529.4904918063702,174.0051657135383,0,0,0.0,-77.2917,0.0,0.0
22.75000000000019,-425.51873989471744,-529.4904918063702,174.0051657135383,0,0,0.0,-77.2917,0.0,0.0
22.80000000000019,-425.51873989471744,-529.4904918063702,174.0051657135383,0,0,0.0,-77.2917,0.0,0.0
22.85000000000019,-425.51873989471744,-529.4904918063702,174.0051657135383,0,0,0.0,-77.2917,0.0,0.0
22.90000000000019,-425.51873989471744,-529.4904918063702,174.0051657135383,0,0,0.0,-77.2917,0.0,0.0
22.95000000000019,-425.51873989471744,-529.4904918063702,174.0051657135383,0,0,0.0,-77.2917,0.0,0.0
23.000000000000192,-425.51873989471744,-529.4904918063702,174.0051657135383,0,0,0.0,-77.2917,0.0,0.0
23.050000000000193,-425.51873989471744,-529.4904918063702,174.0051657135383,0,0,0.0,-77.2917,0.0,0.0
23.100000000000193,-425.51873989471744,-529.4904918063702,174.0051657135383,0,0,0.0,-77.2917,0.0,0.0
23.150000000000194,-425.51873989471744,-529.4904918063702,174.0051657135383,0,0,0.0,-77.2917,0.0,0.0
23.200000000000195,-425.51873989471744,-529.4904918063702,174.0051657135383,0,0,0.0,-77.2917,0.0,0.0
23.250000000000195,-425.51873989471744,-529.4904918063702,174.0051657135383,0,0,0.0,-77.2917,0.0,0.0
23.300000000000196,-425.51873989471744,-529.4904918063702,174.0051657135383,0,0,0.0,-77.2917,0.0,0.0
23.350000000000197,-425.51873989471744,-529.4904918063702,174.0051657135383,0,0,0.0,-77.2917,0.0,0.0
23.400000000000198,-425.51873989471744,-529.4904918063702,174.0051657135383,0,0,0.0,-77.2917,0.0,0.0
23.4500000000002,-425.51873989471744,-529.4904918063702,174.0051657135383,0,0,0.0,-77.2917,0.0,0.0
23.5000000000002,-425.51873989471744,-529.4904918063702,174.0051657135383,0,0,0.0,-77.2917,0.0,0.0
23.5500000000002,-425.51873989471744,-529.4904918063702,174.0051657135383,0,0,0.0,-77.2917,0.0,0.0
23.6000000000002,-425.51873989471744,-529.4904918063702,174.0051657135383,0,0,0.0,-77.2917,0.0,0.0
23.6500000000002,-425.51873989471744,-529.4904918063702,174.0051657135383,0,0,0.0,-77.2917,0.0,0.0
23.700000000000202,-425.51873989471744,-529.4904918063702,174.0051657135383,0,0,0.0,-77.2917,0.0,0.0
23.750000000000203,-425.51873989471744,-529.4904918063702,174.0051657135383,0,0,0.0,-77.2917,0.0,0.0
23.800000000000203,-425.51873989471744,-529.4904918063702,174.0051657135383,0,0,0.0,-77.2917,0.0,0.0
23.850000000000204,-425.51873989471744,-529.4904918063702,174.0051657135383,0,0,0.0,-77.2917,0.0,0.0
23.900000000000205,-425.51873989471744,-529.4904918063702,174.0051657135383,0,0,0.0,-77.2917,0.0,0.0
23.950000000000205,-425.51873989471744,-529.4904918063702,174.0051657135383,0,0,0.0,-77.2917,0.0,0.0
24.000000000000206,-425.51873989471744,-529.4904918063702,174.0051657135383,0,0,0.0,-77.2917,0.0,0.0
24.050000000000207,-425.51873989471744,-529.4904918063702,174.0051657135383,0,0,0.0,-77.2917,0.0,0.0
24.100000000000207,-425.51873989471744,-529.4904918063702,174.0051657135383,0,0,0.0,-77.2917,0.0,0.0
24.150000000000208,-425.51873989471744,-529.4904918063702,174.0051657135383,0,0,0.0,-77.2917,0.0,0.0
24.20000000000021,-425.51873989471744,-529.4904918063702,174.0051657135383,0,0,0.0,-77.2917,0.0,0.0
24.25000000000021,-425.51873989471744,-529.4904918063702,174.0051657135383,0,0,0.0,-77.2917,0.0,0.0
24.30000000000021,-425.51873989471744,-529.4904918063702,174.0051657135383,0,0,0.0,-77.2917,0.0,0.0
24.35000000000021,-425.51873989471744,-529.4904918063702,174.0051657135383,0,0,0.0,-77.2917,0.0,0.0
24.40000000000021,-425.51873989471744,-529.4904918063702,174.0051657135383,0,0,0.0,-77.2917,0.0,0.0
24.450000000000212,-425.51873989471744,-529.4904918063702,174.0051657135383,0,0,0.0,-77.2917,0.0,0.0
24.500000000000213,-425.51873989471744,-529.4904918063702,174.0051657135383,0,0,0.0,-77.2917,0.0,0.0
24.550000000000214,-425.51873989471744,-529.4904918063702,174.0051657135383,0,0,0.0,-77.2917,0.0,0.0
24.600000000000215,-425.51873989471744,-529.4904918063702,174.0051657135383,0,0,0.0,-77.2917,0.0,0.0
24.650000000000215,-425.51873989471744,-529.4904918063702,174.0051657135383,0,0,0.0,-77.2917,0.0,0.0
24.700000000000216,-425.51873989471744,-529.4904918063702,174.0051657135383,0,0,0.0,-77.2917,0.0,0.0
24.750000000000217,-425.51873989471744,-529.4904918063702,174.0051657135383,0,0,0.0,-77.2917,0.0,0.0
24.800000000000217,-425.51873989471744,-529.4904918063702,174.0051657135383,0,0,0.0,-77.2917,0.0,0.0
24.850000000000218,-425.51873989471744,-529.4904918063702,174.0051657135383,0,0,0.0,-77.2917,0.0,0.0
24.90000000000022,-425.51873989471744,-529.4904918063702,174.0051657135383,0,0,0.0,-77.2917,0.0,0.0
24.95000000000022,-425.51873989471744,-529.4904918063702,174.0051657135383,0,0,0.0,-77.2917,0.0,0.0
25.00000000000022,-425.51873989471744,-529.4904918063702,174.0051657135383,0,0,0.0,-77.2917,0.0,0.0
25.05000000000022,-425.51873989471744,-529.4904918063702,174.0051657135383,0,0,0.0,-77.2917,0.0,0.0
25.10000000000022,-425.51873989471744,-529.4904918063702,174.0051657135383,0,0,0.0,-77.2917,0.0,0.0
25.150000000000222,-425.51873989471744,-529.4904918063702,174.0051657135383,0,0,0.0,-77.2917,0.0,0.0
25.200000000000223,-425.51873989471744,-529.4904918063702,174.0051657135383,0,0,0.0,-77.2917,0.0,0.0
25.250000000000224,-425.51873989471744,-529.4904918063702,174.0051657135383,0,0,0.0,-77.2917,0.0,0.0
25.300000000000225,-425.51873989471744,-529.4904918063702,174.0051657135383,0,0,0.0,-77.2917,0.0,0.0
25.350000000000225,-425.51873989471744,-529.4904918063702,174.0051657135383,0,0,0.0,-77.2917,0.0,0.0
25.400000000000226,-425.51873989471744,-529.4904918063702,174.0051657135383,0,0,0.0,-77.2917,0.0,0.0
25.450000000000227,-425.51873989471744,-529.4904918063702,174.0051657135383,0,0,0.0,-77.2917,0.0,0.0
25.500000000000227,-425.51873989471744,-529.4904918063702,174.0051657135383,0,0,0.0,-77.2917,0.0,0.0
25.550000000000228,-425.51873989471744,-529.4904918063702,174.0051657135383,0,0,0.0,-77.2917,0.0,0.0
25.60000000000023,-425.51873989471744,-529.4904918063702,174.0051657135383,0,0,0.0,-77.2917,0.0,0.0
25.65000000000023,-425.51873989471744,-529.4904918063702,174.0051657135383,0,0,0.0,-77.2917,0.0,0.0
25.70000000000023,-425.51873989471744,-529.4904918063702,174.0051657135383,0,0,0.0,-77.2917,0.0,0.0
25.75000000000023,-425.51873989471744,-529.4904918063702,174.0051657135383,0,0,0.0,-77.2917,0.0,0.0
25.80000000000023,-425.51873989471744,-529.4904918063702,174.0051657135383,0,0,0.0,-77.2917,0.0,0.0
25.850000000000232,-425.51873989471744,-529.4904918063702,174.0051657135383,0,0,0.0,-77.2917,0.0,0.0
25.900000000000233,-425.51873989471744,-529.4904918063702,174.0051657135383,0,0,0.0,-77.2917,0.0,0.0
25.950000000000234,-425.51873989471744,-529.4904918063702,174.0051657135383,0,0,0.0,-77.2917,0.0,0.0
26.000000000000234,-425.51873989471744,-529.4904918063702,174.0051657135383,0,0,0.0,-77.2917,0.0,0.0
26.050000000000235,-425.51873989471744,-529.4904918063702,174.0051657135383,0,0,0.0,-77.2917,0.0,0.0
26.100000000000236,-425.51873989471744,-529.4904918063702,174.0051657135383,0,0,0.0,-77.2917,0.0,0.0
26.150000000000237,-425.51873989471744,-529.4904918063702,174.0051657135383,0,0,0.0,-77.2917,0.0,0.0
26.200000000000237,-425.51873989471744,-529.4904918063702,174.0051657135383,0,0,0.0,-77.2917,0.0,0.0
26.250000000000238,-425.51873989471744,-529.4904918063702,174.0051657135383,0,0,0.0,-77.2917,0.0,0.0
26.30000000000024,-425.51873989471744,-529.4904918063702,174.0051657135383,0,0,0.0,-77.2917,0.0,0.0
26.35000000000024,-425.51873989471744,-529.4904918063702,174.0051657135383,0,0,0.0,-77.2917,0.0,0.0
26.40000000000024,-425.51873989471744,-529.4904918063702,174.0051657135383,0,0,0.0,-77.2917,0.0,0.0
26.45000000000024,-425.51873989471744,-529.4904918063702,174.0051657135383,0,0,0.0,-77.2917,0.0,0.0
26.50000000000024,-425.51873989471744,-529.4904918063702,174.0051657135383,0,0,0.0,-77.2917,0.0,0.0
26.550000000000242,-425.51873989471744,-529.4904918063702,174.0051657135383,0,0,0.0,-77.2917,0.0,0.0
26.600000000000243,-425.51873989471744,-529.4904918063702,174.0051657135383,0,0,0.0,-77.2917,0.0,0.0
26.650000000000244,-425.51873989471744,-529.4904918063702,174.0051657135383,0,0,0.0,-77.2917,0.0,0.0
26.700000000000244,-425.51873989471744,-529.4904918063702,174.0051657135383,0,0,0.0,-77.2917,0.0,0.0
26.750000000000245,-425.51873989471744,-529.4904918063702,174.0051657135383,0,0,0.0,-77.2917,0.0,0.0
26.800000000000246,-425.51873989471744,-529.4904918063702,174.0051657135383,0,0,0.0,-77.2917,0.0,0.0
26.850000000000247,-425.51873989471744,-529.4904918063702,174.0051657135383,0,0,0.0,-77.2917,0.0,0.0
26.900000000000247,-425.51873989471744,-529.4904918063702,174.0051657135383,0,0,0.0,-77.2917,0.0,0.0
26.950000000000248,-425.51873989471744,-529.4904918063702,174.0051657135383,0,0,0.0,-77.2917,0.0,0.0
27.00000000000025,-425.51873989471744,-529.4904918063702,174.0051657135383,0,0,0.0,-77.2917,0.0,0.0
27.05000000000025,-425.51873989471744,-529.4904918063702,174.0051657135383,0,0,0.0,-77.2917,0.0,0.0
27.10000000000025,-425.51873989471744,-529.4904918063702,174.0051657135383,0,0,0.0,-77.2917,0.0,0.0
27.15000000000025,-425.51873989471744,-529.4904918063702,174.0051657135383,0,0,0.0,-77.2917,0.0,0.0
27.20000000000025,-425.51873989471744,-529.4904918063702,174.0051657135383,0,0,0.0,-77.2917,0.0,0.0
27.250000000000252,-425.51873989471744,-529.4904918063702,174.0051657135383,0,0,0.0,-77.2917,0.0,0.0
27.300000000000253,-425.51873989471744,-529.4904918063702,174.0051657135383,0,0,0.0,-77.2917,0.0,0.0
27.350000000000254,-425.51873989471744,-529.4904918063702,174.0051657135383,0,0,0.0,-77.2917,0.0,0.0
27.400000000000254,-425.51873989471744,-529.4904918063702,174.0051657135383,0,0,0.0,-77.2917,0.0,0.0
27.450000000000255,-425.51873989471744,-529.4904918063702,174.0051657135383,0,0,0.0,-77.2917,0.0,0.0
27.500000000000256,-425.51873989471744,-529.4904918063702,174.0051657135383,0,0,0.0,-77.2917,0.0,0.0
27.550000000000257,-425.51873989471744,-529.4904918063702,174.0051657135383,0,0,0.0,-77.2917,0.0,0.0
27.600000000000257,-425.51873989471744,-529.4904918063702,174.0051657135383,0,0,0.0,-77.2917,0.0,0.0
27.650000000000258,-425.51873989471744,-529.4904918063702,174.0051657135383,0,0,0.0,-77.2917,0.0,0.0
27.70000000000026,-425.51873989471744,-529.4904918063702,174.0051657135383,0,0,0.0,-77.2917,0.0,0.0
27.75000000000026,-425.51873989471744,-529.4904918063702,174.0051657135383,0,0,0.0,-77.2917,0.0,0.0
27.80000000000026,-425.51873989471744,-529.4904918063702,174.0051657135383,0,0,0.0,-77.2917,0.0,0.0
27.85000000000026,-425.51873989471744,-529.4904918063702,174.0051657135383,0,0,0.0,-77.2917,0.0,0.0
27.90000000000026,-425.51873989471744,-529.4904918063702,174.0051657135383,0,0,0.0,-77.2917,0.0,0.0
27.950000000000262,-425.51873989471744,-529.4904918063702,174.0051657135383,0,0,0.0,-77.2917,0.0,0.0
28.000000000000263,-425.51873989471744,-529.4904918063702,174.0051657135383,0,0,0.0,-77.2917,0.0,0.0
28.050000000000264,-425.51873989471744,-529.4904918063702,174.0051657135383,0,0,0.0,-77.2917,0.0,0.0
28.100000000000264,-425.51873989471744,-529.4904918063702,174.0051657135383,0,0,0.0,-77.2917,0.0,0.0
28.150000000000265,-425.51873989471744,-529.4904918063702,174.0051657135383,0,0,0.0,-77.2917,0.0,0.0
28.200000000000266,-425.51873989471744,-529.4904918063702,174.0051657135383,0,0,0.0,-77.2917,0.0,0.0
28.250000000000266,-425.51873989471744,-529.4904918063702,174.0051657135383,0,0,0.0,-77.2917,0.0,0.0
28.300000000000267,-425.51873989471744,-529.4904918063702,174.0051657135383,0,0,0.0,-77.2917,0.0,0.0
28.350000000000268,-425.51873989471744,-529.4904918063702,174.0051657135383,0,0,0.0,-77.2917,0.0,0.0
28.40000000000027,-425.51873989471744,-529.4904918063702,174.0051657135383,0,0,0.0,-77.2917,0.0,0.0
28.45000000000027,-425.51873989471744,-529.4904918063702,174.0051657135383,0,0,0.0,-77.2917,0.0,0.0
28.50000000000027,-425.51873989471744,-529.4904918063702,174.0051657135383,0,0,0.0,-77.2917,0.0,0.0
28.55000000000027,-425.51873989471744,-529.4904918063702,174.0051657135383,0,0,0.0,-77.2917,0.0,0.0
28.60000000000027,-425.51873989471744,-529.4904918063702,174.0051657135383,0,0,0.0,-77.2917,0.0,0.0
28.650000000000272,-425.51873989471744,-529.4904918063702,174.0051657135383,0,0,0.0,-77.2917,0.0,0.0
28.700000000000273,-425.51873989471744,-529.4904918063702,174.0051657135383,0,0,0.0,-77.2917,0.0,0.0
28.750000000000274,-425.51873989471744,-529.4904918063702,174.0051657135383,0,0,0.0,-77.2917,0.0,0.0
28.800000000000274,-425.51873989471744,-529.4904918063702,174.0051657135383,0,0,0.0,-77.2917,0.0,0.0
28.850000000000275,-425.51873989471744,-529.4904918063702,174.0051657135383,0,0,0.0,-77.2917,0.0,0.0
28.900000000000276,-425.51873989471744,-529.4904918063702,174.0051657135383,0,0,0.0,-77.2917,0.0,0.0
28.950000000000276,-425.51873989471744,-529.4904918063702,174.0051657135383,0,0,0.0,-77.2917,0.0,0.0
29.000000000000277,-425.51873989471744,-529.4904918063702,174.0051657135383,0,0,0.0,-77.2917,0.0,0.0
29.050000000000278,-425.51873989471744,-529.4904918063702,174.0051657135383,0,0,0.0,-77.2917,0.0,0.0
29.10000000000028,-425.51873989471744,-529.4904918063702,174.0051657135383,0,0,0.0,-77.2917,0.0,0.0
29.15000000000028,-425.51873989471744,-529.4904918063702,174.0051657135383,0,0,0.0,-77.2917,0.0,0.0
29.20000000000028,-425.51873989471744,-529.4904918063702,174.0051657135383,0,0,0.0,-77.2917,0.0,0.0
29.25000000000028,-425.51873989471744,-529.4904918063702,174.0051657135383,0,0,0.0,-77.2917,0.0,0.0
29.30000000000028,-425.51873989471744,-529.4904918063702,174.0051657135383,0,0,0.0,-77.2917,0.0,0.0
29.350000000000282,-425.51873989471744,-529.4904918063702,174.0051657135383,0,0,0.0,-77.2917,0.0,0.0
29.400000000000283,-425.51873989471744,-529.4904918063702,174.0051657135383,0,0,0.0,-77.2917,0.0,0.0
29.450000000000284,-425.51873989471744,-529.4904918063702,174.0051657135383,0,0,0.0,-77.2917,0.0,0.0
29.500000000000284,-425.51873989471744,-529.4904918063702,174.0051657135383,0,0,0.0,-77.2917,0.0,0.0
29.550000000000285,-425.51873989471744,-529.4904918063702,174.0051657135383,0,0,0.0,-77.2917,0.0,0.0
29.600000000000286,-425.51873989471744,-529.4904918063702,174.0051657135383,0,0,0.0,-77.2917,0.0,0.0
29.650000000000286,-425.51873989471744,-529.4904918063702,174.0051657135383,0,0,0.0,-77.2917,0.0,0.0
29.700000000000287,-425.51873989471744,-529.4904918063702,174.0051657135383,0,0,0.0,-77.2917,0.0,0.0
29.750000000000288,-425.51873989471744,-529.4904918063702,174.0051657135383,0,0,0.0,-77.2917,0.0,0.0
29.80000000000029,-425.51873989471744,-529.4904918063702,174.0051657135383,0,0,0.0,-77.2917,0.0,0.0
29.85000000000029,-425.51873989471744,-529.4904918063702,174.0051657135383,0,0,0.0,-77.2917,0.0,0.0
29.90000000000029,-425.51873989471744,-529.4904918063702,174.0051657135383,0,0,0.0,-77.2917,0.0,0.0
29.95000000000029,-425.51873989471744,-529.4904918063702,174.0051657135383,0,0,0.0,-77.2917,0.0,0.0
30.00000000000029,-425.51873989471744,-529.4904918063702,174.0051657135383,0,0,0.0,-77.2917,0.0,0.0
30.050000000000292,-425.51873989471744,-529.4904918063702,174.0051657135383,0,0,0.0,-77.2917,0.0,0.0
30.100000000000293,-425.51873989471744,-529.4904918063702,174.0051657135383,0,0,0.0,-77.2917,0.0,0.0
30.150000000000293,-425.51873989471744,-529.4904918063702,174.0051657135383,0,0,0.0,-77.2917,0.0,0.0
30.200000000000294,-425.51873989471744,-529.4904918063702,174.0051657135383,0,0,0.0,-77.2917,0.0,0.0
30.250000000000295,-425.51873989471744,-529.4904918063702,174.0051657135383,0,0,0.0,-77.2917,0.0,0.0
30.300000000000296,-425.51873989471744,-529.4904918063702,174.0051657135383,0,0,0.0,-77.2917,0.0,0.0
30.350000000000296,-425.51873989471744,-529.4904918063702,174.0051657135383,0,0,0.0,-77.2917,0.0,0.0
30.400000000000297,-425.51873989471744,-529.4904918063702,174.0051657135383,0,0,0.0,-77.2917,0.0,0.0
30.450000000000298,-425.51873989471744,-529.4904918063702,174.0051657135383,0,0,0.0,-77.2917,0.0,0.0
30.5000000000003,-425.51873989471744,-529.4904918063702,174.0051657135383,0,0,0.0,-77.2917,0.0,0.0
30.5500000000003,-425.51873989471744,-529.4904918063702,174.0051657135383,0,0,0.0,-77.2917,0.0,0.0
30.6000000000003,-425.51873989471744,-529.4904918063702,174.0051657135383,0,0,0.0,-77.2917,0.0,0.0
30.6500000000003,-425.51873989471744,-529.4904918063702,174.0051657135383,0,0,0.0,-77.2917,0.0,0.0
30.7000000000003,-425.51873989471744,-529.4904918063702,174.0051657135383,0,0,0.0,-77.2917,0.0,0.0
30.750000000000302,-425.51873989471744,-529.4904918063702,174.0051657135383,0,0,0.0,-77.2917,0.0,0.0
30.800000000000303,-425.51873989471744,-529.4904918063702,174.0051657135383,0,0,0.0,-77.2917,0.0,0.0
30.850000000000303,-425.51873989471744,-529.4904918063702,174.0051657135383,0,0,0.0,-77.2917,0.0,0.0
30.900000000000304,-425.51873989471744,-529.4904918063702,174.0051657135383,0,0,0.0,-77.2917,0.0,0.0
30.950000000000305,-425.51873989471744,-529.4904918063702,174.0051657135383,0,0,0.0,-77.2917,0.0,0.0
31.000000000000306,-425.51873989471744,-529.4904918063702,174.0051657135383,0,0,0.0,-77.2917,0.0,0.0
31.050000000000306,-425.51873989471744,-529.4904918063702,174.0051657135383,0,0,0.0,-77.2917,0.0,0.0
31.100000000000307,-425.51873989471744,-529.4904918063702,174.0051657135383,0,0,0.0,-77.2917,0.0,0.0
31.150000000000308,-425.51873989471744,-529.4904918063702,174.0051657135383,0,0,0.0,-77.2917,0.0,0.0
31.20000000000031,-425.51873989471744,-529.4904918063702,174.0051657135383,0,0,0.0,-77.2917,0.0,0.0
31.25000000000031,-425.51873989471744,-529.4904918063702,174.0051657135383,0,0,0.0,-77.2917,0.0,0.0
31.30000000000031,-425.51873989471744,-529.4904918063702,174.0051657135383,0,0,0.0,-77.2917,0.0,0.0
31.35000000000031,-425.51873989471744,-529.4904918063702,174.0051657135383,0,0,0.0,-77.2917,0.0,0.0
31.40000000000031,-425.51873989471744,-529.4904918063702,174.0051657135383,0,0,0.0,-77.2917,0.0,0.0
31.450000000000312,-425.51873989471744,-529.4904918063702,174.0051657135383,0,0,0.0,-77.2917,0.0,0.0
31.500000000000313,-425.51873989471744,-529.4904918063702,174.0051657135383,0,0,0.0,-77.2917,0.0,0.0
31.550000000000313,-425.51873989471744,-529.4904918063702,174.0051657135383,0,0,0.0,-77.2917,0.0,0.0
31.600000000000314,-425.51873989471744,-529.4904918063702,174.0051657135383,0,0,0.0,-77.2917,0.0,0.0
31.650000000000315,-425.51873989471744,-529.4904918063702,174.0051657135383,0,0,0.0,-77.2917,0.0,0.0
31.700000000000315,-425.51873989471744,-529.4904918063702,174.0051657135383,0,0,0.0,-77.2917,0.0,0.0
31.750000000000316,-425.51873989471744,-529.4904918063702,174.0051657135383,0,0,0.0,-77.2917,0.0,0.0
31.800000000000317,-425.51873989471744,-529.4904918063702,174.0051657135383,0,0,0.0,-77.2917,0.0,0.0
31.850000000000318,-425.51873989471744,-529.4904918063702,174.0051657135383,0,0,0.0,-77.2917,0.0,0.0
31.90000000000032,-425.51873989471744,-529.4904918063702,174.0051657135383,0,0,0.0,-77.2917,0.0,0.0
31.95000000000032,-425.51873989471744,-529.4904918063702,174.0051657135383,0,0,0.0,-77.2917,0.0,0.0
32.00000000000032,-425.51873989471744,-529.4904918063702,174.0051657135383,0,0,0.0,-77.2917,0.0,0.0
32.05000000000032,-425.51873989471744,-529.4904918063702,174.0051657135383,0,0,0.0,-77.2917,0.0,0.0
32.100000000000314,-425.51873989471744,-529.4904918063702,174.0051657135383,0,0,0.0,-77.2917,0.0,0.0
32.15000000000031,-425.51873989471744,-529.4904918063702,174.0051657135383,0,0,0.0,-77.2917,0.0,0.0
32.20000000000031,-425.51873989471744,-529.4904918063702,174.0051657135383,0,0,0.0,-77.2917,0.0,0.0
32.250000000000306,-425.51873989471744,-529.4904918063702,174.0051657135383,0,0,0.0,-77.2917,0.0,0.0
32.3000000000003,-425.51873989471744,-529.4904918063702,174.0051657135383,0,0,0.0,-77.2917,0.0,0.0
32.3500000000003,-425.51873989471744,-529.4904918063702,174.0051657135383,0,0,0.0,-77.2917,0.0,0.0
32.4000000000003,-425.51873989471744,-529.4904918063702,174.0051657135383,0,0,0.0,-77.2917,0.0,0.0
32.450000000000294,-425.51873989471744,-529.4904918063702,174.0051657135383,0,0,0.0,-77.2917,0.0,0.0
32.50000000000029,-425.51873989471744,-529.4904918063702,174.0051657135383,0,0,0.0,-77.2917,0.0,0.0
32.55000000000029,-425.51873989471744,-529.4904918063702,174.0051657135383,0,0,0.0,-77.2917,0.0,0.0
32.600000000000286,-425.51873989471744,-529.4904918063702,174.0051657135383,0,0,0.0,-77.2917,0.0,0.0
32.65000000000028,-425.51873989471744,-529.4904918063702,174.0051657135383,0,0,0.0,-77.2917,0.0,0.0
32.70000000000028,-425.51873989471744,-529.4904918063702,174.0051657135383,0,0,0.0,-77.2917,0.0,0.0
32.75000000000028,-425.51873989471744,-529.4904918063702,174.0051657135383,0,0,0.0,-77.2917,0.0,0.0
32.800000000000274,-425.51873989471744,-529.4904918063702,174.0051657135383,0,0,0.0,-77.2917,0.0,0.0
32.85000000000027,-425.51873989471744,-529.4904918063702,174.0051657135383,0,0,0.0,-77.2917,0.0,0.0
32.90000000000027,-425.51873989471744,-529.4904918063702,174.0051657135383,0,0,0.0,-77.2917,0.0,0.0
32.950000000000266,-425.51873989471744,-529.4904918063702,174.0051657135383,0,0,0.0,-77.2917,0.0,0.0
33.00000000000026,-425.51873989471744,-529.4904918063702,174.0051657135383,0,0,0.0,-77.2917,0.0,0.0
33.05000000000026,-425.51873989471744,-529.4904918063702,174.0051657135383,0,0,0.0,-77.2917,0.0,0.0
33.10000000000026,-425.51873989471744,-529.4904918063702,174.0051657135383,0,0,0.0,-77.2917,0.0,0.0
33.150000000000254,-425.51873989471744,-529.4904918063702,174.0051657135383,0,0,0.0,-77.2917,0.0,0.0
33.20000000000025,-425.51873989471744,-529.4904918063702,174.0051657135383,0,0,0.0,-77.2917,0.0,0.0
33.25000000000025,-425.51873989471744,-529.4904918063702,174.0051657135383,0,0,0.0,-77.2917,0.0,0.0
33.300000000000246,-425.51873989471744,-529.4904918063702,174.0051657135383,0,0,0.0,-77.2917,0.0,0.0
33.35000000000024,-425.51873989471744,-529.4904918063702,174.0051657135383,0,0,0.0,-77.2917,0.0,0.0
33.40000000000024,-425.51873989471744,-529.4904918063702,174.0051657135383,0,0,0.0,-77.2917,0.0,0.0
33.45000000000024,-425.51873989471744,-529.4904918063702,174.0051657135383,0,0,0.0,-77.2917,0.0,0.0
33.500000000000234,-425.51873989471744,-529.4904918063702,174.0051657135383,0,0,0.0,-77.2917,0.0,0.0
33.55000000000023,-425.51873989471744,-529.4904918063702,174.0051657135383,0,0,0.0,-77.2917,0.0,0.0
33.60000000000023,-425.51873989471744,-529.4904918063702,174.0051657135383,0,0,0.0,-77.2917,0.0,0.0
33.650000000000226,-425.51873989471744,-529.4904918063702,174.0051657135383,0,0,0.0,-77.2917,0.0,0.0
33.70000000000022,-425.51873989471744,-529.4904918063702,174.0051657135383,0,0,0.0,-77.2917,0.0,0.0
33.75000000000022,-425.51873989471744,-529.4904918063702,174.0051657135383,0,0,0.0,-77.2917,0.0,0.0
33.80000000000022,-425.51873989471744,-529.4904918063702,174.0051657135383,0,0,0.0,-77.2917,0.0,0.0
33.850000000000215,-425.51873989471744,-529.4904918063702,174.0051657135383,0,0,0.0,-77.2917,0.0,0.0
33.90000000000021,-425.51873989471744,-529.4904918063702,174.0051657135383,0,0,0.0,-77.2917,0.0,0.0
33.95000000000021,-425.51873989471744,-529.4904918063702,174.0051657135383,0,0,0.0,-77.2917,0.0,0.0
34.000000000000206,-425.51873989471744,-529.4904918063702,174.0051657135383,0,0,0.0,-77.2917,0.0,0.0
34.0500000000002,-425.51873989471744,-529.4904918063702,174.0051657135383,0,0,0.0,-77.2917,0.0,0.0
34.1000000000002,-425.51873989471744,-529.4904918063702,174.0051657135383,0,0,0.0,-77.2917,0.0,0.0
34.1500000000002,-425.51873989471744,-529.4904918063702,174.0051657135383,0,0,0.0,-77.2917,0.0,0.0
34.200000000000195,-425.51873989471744,-529.4904918063702,174.0051657135383,0,0,0.0,-77.2917,0.0,0.0
34.25000000000019,-425.51873989471744,-529.4904918063702,174.0051657135383,0,0,0.0,-77.2917,0.0,0.0
34.30000000000019,-425.51873989471744,-529.4904918063702,174.0051657135383,0,0,0.0,-77.2917,0.0,0.0
34.350000000000186,-425.51873989471744,-529.4904918063702,174.0051657135383,0,0,0.0,-77.2917,0.0,0.0
34.40000000000018,-425.51873989471744,-529.4904918063702,174.0051657135383,0,0,0.0,-77.2917,0.0,0.0
34.45000000000018,-425.51873989471744,-529.4904918063702,174.0051657135383,0,0,0.0,-77.2917,0.0,0.0
34.50000000000018,-425.51873989471744,-529.4904918063702,174.0051657135383,0,0,0.0,-77.2917,0.0,0.0
34.550000000000175,-425.51873989471744,-529.4904918063702,174.0051657135383,0,0,0.0,-77.2917,0.0,0.0
34.60000000000017,-425.51873989471744,-529.4904918063702,174.0051657135383,0,0,0.0,-77.2917,0.0,0.0
34.65000000000017,-425.51873989471744,-529.4904918063702,174.0051657135383,0,0,0.0,-77.2917,0.0,0.0
34.700000000000166,-425.51873989471744,-529.4904918063702,174.0051657135383,0,0,0.0,-77.2917,0.0,0.0
34.75000000000016,-425.51873989471744,-529.4904918063702,174.0051657135383,0,0,0.0,-77.2917,0.0,0.0
34.80000000000016,-425.51873989471744,-529.4904918063702,174.0051657135383,0,0,0.0,-77.2917,0.0,0.0
34.85000000000016,-425.51873989471744,-529.4904918063702,174.0051657135383,0,0,0.0,-77.2917,0.0,0.0
34.900000000000155,-425.51873989471744,-529.4904918063702,174.0051657135383,0,0,0.0,-77.2917,0.0,0.0
34.95000000000015,-425.51873989471744,-529.4904918063702,174.0051657135383,0,0,0.0,-77.2917,0.0,0.0
35.00000000000015,-425.51873989471744,-529.4904918063702,174.0051657135383,0,0,0.0,-77.2917,0.0,0.0
35.050000000000146,-425.51873989471744,-529.4904918063702,174.0051657135383,0,0,0.0,-77.2917,0.0,0.0
35.10000000000014,-425.51873989471744,-529.4904918063702,174.0051657135383,0,0,0.0,-77.2917,0.0,0.0
35.15000000000014,-425.51873989471744,-529.4904918063702,174.0051657135383,0,0,0.0,-77.2917,0.0,0.0
35.20000000000014,-425.51873989471744,-529.4904918063702,174.0051657135383,0,0,0.0,-77.2917,0.0,0.0
35.250000000000135,-425.51873989471744,-529.4904918063702,174.0051657135383,0,0,0.0,-77.2917,0.0,0.0
35.30000000000013,-425.51873989471744,-529.4904918063702,174.0051657135383,0,0,0.0,-77.2917,0.0,0.0
35.35000000000013,-425.51873989471744,-529.4904918063702,174.0051657135383,0,0,0.0,-77.2917,0.0,0.0
35.40000000000013,-425.51873989471744,-529.4904918063702,174.0051657135383,0,0,0.0,-77.2917,0.0,0.0
35.450000000000124,-425.51873989471744,-529.4904918063702,174.0051657135383,0,0,0.0,-77.2917,0.0,0.0
35.50000000000012,-425.51873989471744,-529.4904918063702,174.0051657135383,0,0,0.0,-77.2917,0.0,0.0
35.55000000000012,-425.51873989471744,-529.4904918063702,174.0051657135383,0,0,0.0,-77.2917,0.0,0.0
35.600000000000115,-425.51873989471744,-529.4904918063702,174.0051657135383,0,0,0.0,-77.2917,0.0,0.0
35.65000000000011,-425.51873989471744,-529.4904918063702,174.0051657135383,0,0,0.0,-77.2917,0.0,0.0
35.70000000000011,-425.51873989471744,-529.4904918063702,174.0051657135383,0,0,0.0,-77.2917,0.0,0.0
35.75000000000011,-425.51873989471744,-529.4904918063702,174.0051657135383,0,0,0.0,-77.2917,0.0,0.0
35.800000000000104,-425.51873989471744,-529.4904918063702,174.0051657135383,0,0,0.0,-77.2917,0.0,0.0
35.8500000000001,-425.51873989471744,-529.4904918063702,174.0051657135383,0,0,0.0,-77.2917,0.0,0.0
35.9000000000001,-425.51873989471744,-529.4904918063702,174.0051657135383,0,0,0.0,-77.2917,0.0,0.0
35.950000000000095,-425.51873989471744,-529.4904918063702,174.0051657135383,0,0,0.0,-77.2917,0.0,0.0
36.00000000000009,-425.51873989471744,-529.4904918063702,174.0051657135383,0,0,0.0,-77.2917,0.0,0.0
36.05000000000009,-425.51873989471744,-529.4904918063702,174.0051657135383,0,0,0.0,-77.2917,0.0,0.0
36.10000000000009,-425.51873989471744,-529.4904918063702,174.0051657135383,0,0,0.0,-77.2917,0.0,0.0
36.150000000000084,-425.51873989471744,-529.4904918063702,174.0051657135383,0,0,0.0,-77.2917,0.0,0.0
36.20000000000008,-425.51873989471744,-529.4904918063702,174.0051657135383,0,0,0.0,-77.2917,0.0,0.0
36.25000000000008,-425.51873989471744,-529.4904918063702,174.0051657135383,0,0,0.0,-77.2917,0.0,0.0
36.300000000000075,-425.51873989471744,-529.4904918063702,174.0051657135383,0,0,0.0,-77.2917,0.0,0.0
36.35000000000007,-425.51873989471744,-529.4904918063702,174.0051657135383,0,0,0.0,-77.2917,0.0,0.0
36.40000000000007,-425.51873989471744,-529.4904918063702,174.0051657135383,0,0,0.0,-77.2917,0.0,0.0
36.45000000000007,-425.51873989471744,-529.4904918063702,174.0051657135383,0,0,0.0,-77.2917,0.0,0.0
36.500000000000064,-425.51873989471744,-529.4904918063702,174.0051657135383,0,0,0.0,-77.2917,0.0,0.0
36.55000000000006,-425.51873989471744,-529.4904918063702,174.0051657135383,0,0,0.0,-77.2917,0.0,0.0
36.60000000000006,-425.51873989471744,-529.4904918063702,174.0051657135383,0,0,0.0,-77.2917,0.0,0.0
36.650000000000055,-425.51873989471744,-529.4904918063702,174.0051657135383,0,0,0.0,-77.2917,0.0,0.0
36.70000000000005,-425.51873989471744,-529.4904918063702,174.0051657135383,0,0,0.0,-77.2917,0.0,0.0
36.75000000000005,-425.51873989471744,-529.4904918063702,174.0051657135383,0,0,0.0,-77.2917,0.0,0.0
36.80000000000005,-425.51873989471744,-529.4904918063702,174.0051657135383,0,0,0.0,-77.2917,0.0,0.0
36.850000000000044,-425.51873989471744,-529.4904918063702,174.0051657135383,0,0,0.0,-77.2917,0.0,0.0
36.90000000000004,-425.51873989471744,-529.4904918063702,174.0051657135383,0,0,0.0,-77.2917,0.0,0.0
36.95000000000004,-425.51873989471744,-529.4904918063702,174.0051657135383,0,0,0.0,-77.2917,0.0,0.0
37.000000000000036,-425.51873989471744,-529.4904918063702,174.0051657135383,0,0,0.0,-77.2917,0.0,0.0
37.05000000000003,-425.51873989471744,-529.4904918063702,174.0051657135383,0,0,0.0,-77.2917,0.0,0.0
37.10000000000003,-425.51873989471744,-529.4904918063702,174.0051657135383,0,0,0.0,-77.2917,0.0,0.0
37.15000000000003,-425.51873989471744,-529.4904918063702,174.0051657135383,0,0,0.0,-77.2917,0.0,0.0
37.200000000000024,-425.51873989471744,-529.4904918063702,174.0051657135383,0,0,0.0,-77.2917,0.0,0.0
37.25000000000002,-425.51873989471744,-529.4904918063702,174.0051657135383,0,0,0.0,-77.2917,0.0,0.0
37.30000000000002,-425.51873989471744,-529.4904918063702,174.0051657135383,0,0,0.0,-77.2917,0.0,0.0
37.350000000000016,-425.51873989471744,-529.4904918063702,174.0051657135383,0,0,0.0,-77.2917,0.0,0.0
37.40000000000001,-425.51873989471744,-529.4904918063702,174.0051657135383,0,0,0.0,-77.2917,0.0,0.0
37.45000000000001,-425.51873989471744,-529.4904918063702,174.0051657135383,0,0,0.0,-77.2917,0.0,0.0
37.50000000000001,-425.51873989471744,-529.4904918063702,174.0051657135383,0,0,0.0,-77.2917,0.0,0.0
37.550000000000004,-425.51873989471744,-529.4904918063702,174.0051657135383,0,0,0.0,-77.2917,0.0,0.0
37.6,-425.51873989471744,-529.4904918063702,174.0051657135383,0,0,0.0,-77.2917,0.0,0.0
37.65,-425.51873989471744,-529.4904918063702,174.0051657135383,0,0,0.0,-77.2917,0.0,0.0
37.699999999999996,-425.51873989471744,-529.4904918063702,174.0051657135383,0,0,0.0,-77.2917,0.0,0.0
37.74999999999999,-425.51873989471744,-529.4904918063702,174.0051657135383,0,0,0.0,-77.2917,0.0,0.0
37.79999999999999,-425.51873989471744,-529.4904918063702,174.0051657135383,0,0,0.0,-77.2917,0.0,0.0
37.84999999999999,-425.51873989471744,-529.4904918063702,174.0051657135383,0,0,0.0,-77.2917,0.0,0.0
37.899999999999984,-425.51873989471744,-529.4904918063702,174.0051657135383,0,0,0.0,-77.2917,0.0,0.0
37.94999999999998,-425.51873989471744,-529.4904918063702,174.0051657135383,0,0,0.0,-77.2917,0.0,0.0
37.99999999999998,-425.51873989471744,-529.4904918063702,174.0051657135383,0,0,0.0,-77.2917,0.0,0.0
38.049999999999976,-425.51873989471744,-529.4904918063702,174.0051657135383,0,0,0.0,-77.2917,0.0,0.0
38.09999999999997,-425.51873989471744,-529.4904918063702,174.0051657135383,0,0,0.0,-77.2917,0.0,0.0
38.14999999999997,-425.51873989471744,-529.4904918063702,174.0051657135383,0,0,0.0,-77.2917,0.0,0.0
38.19999999999997,-425.51873989471744,-529.4904918063702,174.0051657135383,0,0,0.0,-77.2917,0.0,0.0
38.249999999999964,-425.51873989471744,-529.4904918063702,174.0051657135383,0,0,0.0,-77.2917,0.0,0.0
38.29999999999996,-425.51873989471744,-529.4904918063702,174.0051657135383,0,0,0.0,-77.2917,0.0,0.0
38.34999999999996,-425.51873989471744,-529.4904918063702,174.0051657135383,0,0,0.0,-77.2917,0.0,0.0
38.399999999999956,-425.51873989471744,-529.4904918063702,174.0051657135383,0,0,0.0,-77.2917,0.0,0.0
38.44999999999995,-425.51873989471744,-529.4904918063702,174.0051657135383,0,0,0.0,-77.2917,0.0,0.0
38.49999999999995,-425.51873989471744,-529.4904918063702,174.0051657135383,0,0,0.0,-77.2917,0.0,0.0
38.54999999999995,-425.51873989471744,-529.4904918063702,174.0051657135383,0,0,0.0,-77.2917,0.0,0.0
38.599999999999945,-425.51873989471744,-529.4904918063702,174.0051657135383,0,0,0.0,-77.2917,0.0,0.0
38.64999999999994,-425.51873989471744,-529.4904918063702,174.0051657135383,0,0,0.0,-77.2917,0.0,0.0
38.69999999999994,-425.51873989471744,-529.4904918063702,174.0051657135383,0,0,0.0,-77.2917,0.0,0.0
38.749999999999936,-425.51873989471744,-529.4904918063702,174.0051657135383,0,0,0.0,-77.2917,0.0,0.0
38.79999999999993,-425.51873989471744,-529.4904918063702,174.0051657135383,0,0,0.0,-77.2917,0.0,0.0
38.84999999999993,-425.51873989471744,-529.4904918063702,174.0051657135383,0,0,0.0,-77.2917,0.0,0.0
38.89999999999993,-425.51873989471744,-529.4904918063702,174.0051657135383,0,0,0.0,-77.2917,0.0,0.0
38.949999999999925,-425.51873989471744,-529.4904918063702,174.0051657135383,0,0,0.0,-77.2917,0.0,0.0
38.99999999999992,-425.51873989471744,-529.4904918063702,174.0051657135383,0,0,0.0,-77.2917,0.0,0.0
39.04999999999992,-425.51873989471744,-529.4904918063702,174.0051657135383,0,0,0.0,-77.2917,0.0,0.0
39.099999999999916,-425.51873989471744,-529.4904918063702,174.0051657135383,0,0,0.0,-77.2917,0.0,0.0
39.14999999999991,-425.51873989471744,-529.4904918063702,174.0051657135383,0,0,0.0,-77.2917,0.0,0.0
39.19999999999991,-425.51873989471744,-529.4904918063702,174.0051657135383,0,0,0.0,-77.2917,0.0,0.0
39.24999999999991,-425.51873989471744,-529.4904918063702,174.0051657135383,0,0,0.0,-77.2917,0.0,0.0
39.299999999999905,-425.51873989471744,-529.4904918063702,174.0051657135383,0,0,0.0,-77.2917,0.0,0.0
39.3499999999999,-425.51873989471744,-529.4904918063702,174.0051657135383,0,0,0.0,-77.2917,0.0,0.0
39.3999999999999,-425.51873989471744,-529.4904918063702,174.0051657135383,0,0,0.0,-77.2917,0.0,0.0
39.449999999999896,-425.51873989471744,-529.4904918063702,174.0051657135383,0,0,0.0,-77.2917,0.0,0.0
39.49999999999989,-425.51873989471744,-529.4904918063702,174.0051657135383,0,0,0.0,-77.2917,0.0,0.0
39.54999999999989,-425.51873989471744,-529.4904918063702,174.0051657135383,0,0,0.0,-77.2917,0.0,0.0
39.59999999999989,-425.51873989471744,-529.4904918063702,174.0051657135383,0,0,0.0,-77.2917,0.0,0.0
39.649999999999885,-425.51873989471744,-529.4904918063702,174.0051657135383,0,0,0.0,-77.2917,0.0,0.0
39.69999999999988,-425.51873989471744,-529.4904918063702,174.0051657135383,0,0,0.0,-77.2917,0.0,0.0
39.74999999999988,-425.51873989471744,-529.4904918063702,174.0051657135383,0,0,0.0,-77.2917,0.0,0.0
39.799999999999876,-425.51873989471744,-529.4904918063702,174.0051657135383,0,0,0.0,-77.2917,0.0,0.0
39.84999999999987,-425.51873989471744,-529.4904918063702,174.0051657135383,0,0,0.0,-77.2917,0.0,0.0
39.89999999999987,-425.51873989471744,-529.4904918063702,174.0051657135383,0,0,0.0,-77.2917,0.0,0.0
39.94999999999987,-425.51873989471744,-529.4904918063702,174.0051657135383,0,0,0.0,-77.2917,0.0,0.0
39.999999999999865,-425.51873989471744,-529.4904918063702,174.0051657135383,0,0,0.0,-77.2917,0.0,0.0
40.04999999999986,-425.51873989471744,-529.4904918063702,174.0051657135383,0,0,0.0,-77.2917,0.0,0.0
40.09999999999986,-425.51873989471744,-529.4904918063702,174.0051657135383,0,0,0.0,-77.2917,0.0,0.0
40.14999999999986,-425.51873989471744,-529.4904918063702,174.0051657135383,0,0,0.0,-77.2917,0.0,0.0
40.199999999999854,-425.51873989471744,-529.4904918063702,174.0051657135383,0,0,0.0,-77.2917,0.0,0.0
40.24999999999985,-425.51873989471744,-529.4904918063702,174.0051657135383,0,0,0.0,-77.2917,0.0,0.0
40.29999999999985,-425.51873989471744,-529.4904918063702,174.0051657135383,0,0,0.0,-77.2917,0.0,0.0
40.349999999999845,-425.51873989471744,-529.4904918063702,174.0051657135383,0,0,0.0,-77.2917,0.0,0.0
40.39999999999984,-425.51873989471744,-529.4904918063702,174.0051657135383,0,0,0.0,-77.2917,0.0,0.0
40.44999999999984,-425.51873989471744,-529.4904918063702,174.0051657135383,0,0,0.0,-77.2917,0.0,0.0
40.49999999999984,-425.51873989471744,-529.4904918063702,174.0051657135383,0,0,0.0,-77.2917,0.0,0.0
40.549999999999834,-425.51873989471744,-529.4904918063702,174.0051657135383,0,0,0.0,-77.2917,0.0,0.0
40.59999999999983,-425.51873989471744,-529.4904918063702,174.0051657135383,0,0,0.0,-77.2917,0.0,0.0
40.64999999999983,-425.51873989471744,-529.4904918063702,174.0051657135383,0,0,0.0,-77.2917,0.0,0.0
40.699999999999825,-425.51873989471744,-529.4904918063702,174.0051657135383,0,0,0.0,-77.2917,0.0,0.0
40.74999999999982,-425.51873989471744,-529.4904918063702,174.0051657135383,0,0,0.0,-77.2917,0.0,0.0
40.79999999999982,-425.51873989471744,-529.4904918063702,174.0051657135383,0,0,0.0,-77.2917,0.0,0.0
40.84999999999982,-425.51873989471744,-529.4904918063702,174.0051657135383,0,0,0.0,-77.2917,0.0,0.0
40.899999999999814,-425.51873989471744,-529.4904918063702,174.0051657135383,0,0,0.0,-77.2917,0.0,0.0
40.94999999999981,-425.51873989471744,-529.4904918063702,174.0051657135383,0,0,0.0,-77.2917,0.0,0.0
40.99999999999981,-425.51873989471744,-529.4904918063702,174.0051657135383,0,0,0.0,-77.2917,0.0,0.0
41.049999999999805,-425.51873989471744,-529.4904918063702,174.0051657135383,0,0,0.0,-77.2917,0.0,0.0
41.0999999999998,-425.51873989471744,-529.4904918063702,174.0051657135383,0,0,0.0,-77.2917,0.0,0.0
41.1499999999998,-425.51873989471744,-529.4904918063702,174.0051657135383,0,0,0.0,-77.2917,0.0,0.0
41.1999999999998,-425.51873989471744,-529.4904918063702,174.0051657135383,0,0,0.0,-77.2917,0.0,0.0
41.249999999999794,-425.51873989471744,-529.4904918063702,174.0051657135383,0,0,0.0,-77.2917,0.0,0.0
41.29999999999979,-425.51873989471744,-529.4904918063702,174.0051657135383,0,0,0.0,-77.2917,0.0,0.0
41.34999999999979,-425.51873989471744,-529.4904918063702,174.0051657135383,0,0,0.0,-77.2917,0.0,0.0
41.399999999999785,-425.51873989471744,-529.4904918063702,174.0051657135383,0,0,0.0,-77.2917,0.0,0.0
41.44999999999978,-425.51873989471744,-529.4904918063702,174.0051657135383,0,0,0.0,-77.2917,0.0,0.0
41.49999999999978,-425.51873989471744,-529.4904918063702,174.0051657135383,0,0,0.0,-77.2917,0.0,0.0
41.54999999999978,-425.51873989471744,-529.4904918063702,174.0051657135383,0,0,0.0,-77.2917,0.0,0.0
41.599999999999774,-425.51873989471744,-529.4904918063702,174.0051657135383,0,0,0.0,-77.2917,0.0,0.0
41.64999999999977,-425.51873989471744,-529.4904918063702,174.0051657135383,0,0,0.0,-77.2917,0.0,0.0
41.69999999999977,-425.51873989471744,-529.4904918063702,174.0051657135383,0,0,0.0,-77.2917,0.0,0.0
41.749999999999766,-425.51873989471744,-529.4904918063702,174.0051657135383,0,0,0.0,-77.2917,0.0,0.0
41.79999999999976,-425.51873989471744,-529.4904918063702,174.0051657135383,0,0,0.0,-77.2917,0.0,0.0
41.84999999999976,-425.51873989471744,-529.4904918063702,174.0051657135383,0,0,0.0,-77.2917,0.0,0.0
41.89999999999976,-425.51873989471744,-529.4904918063702,174.0051657135383,0,0,0.0,-77.2917,0.0,0.0
41.949999999999754,-425.51873989471744,-529.4904918063702,174.0051657135383,0,0,0.0,-77.2917,0.0,0.0
41.99999999999975,-425.51873989471744,-529.4904918063702,174.0051657135383,0,0,0.0,-77.2917,0.0,0.0
42.04999999999975,-425.51873989471744,-529.4904918063702,174.0051657135383,0,0,0.0,-77.2917,0.0,0.0
42.099999999999746,-425.51873989471744,-529.4904918063702,174.0051657135383,0,0,0.0,-77.2917,0.0,0.0
42.14999999999974,-425.51873989471744,-529.4904918063702,174.0051657135383,0,0,0.0,-77.2917,0.0,0.0
42.19999999999974,-425.51873989471744,-529.4904918063702,174.0051657135383,0,0,0.0,-77.2917,0.0,0.0
42.24999999999974,-425.51873989471744,-529.4904918063702,174.0051657135383,0,0,0.0,-77.2917,0.0,0.0
42.299999999999734,-425.51873989471744,-529.4904918063702,174.0051657135383,0,0,0.0,-77.2917,0.0,0.0
42.34999999999973,-425.51873989471744,-529.4904918063702,174.0051657135383,0,0,0.0,-77.2917,0.0,0.0
42.39999999999973,-425.51873989471744,-529.4904918063702,174.0051657135383,0,0,0.0,-77.2917,0.0,0.0
42.449999999999726,-425.51873989471744,-529.4904918063702,174.0051657135383,0,0,0.0,-77.2917,0.0,0.0
42.49999999999972,-425.51873989471744,-529.4904918063702,174.0051657135383,0,0,0.0,-77.2917,0.0,0.0
42.54999999999972,-425.51873989471744,-529.4904918063702,174.0051657135383,0,0,0.0,-77.2917,0.0,0.0
42.59999999999972,-425.51873989471744,-529.4904918063702,174.0051657135383,0,0,0.0,-77.2917,0.0,0.0
42.649999999999714,-425.51873989471744,-529.4904918063702,174.0051657135383,0,0,0.0,-77.2917,0.0,0.0
42.69999999999971,-425.51873989471744,-529.4904918063702,174.0051657135383,0,0,0.0,-77.2917,0.0,0.0
42.74999999999971,-425.51873989471744,-529.4904918063702,174.0051657135383,0,0,0.0,-77.2917,0.0,0.0
42.799999999999706,-425.51873989471744,-529.4904918063702,174.0051657135383,0,0,0.0,-77.2917,0.0,0.0
42.8499999999997,-425.51873989471744,-529.4904918063702,174.0051657135383,0,0,0.0,-77.2917,0.0,0.0
42.8999999999997,-425.51873989471744,-529.4904918063702,174.0051657135383,0,0,0.0,-77.2917,0.0,0.0
42.9499999999997,-425.51873989471744,-529.4904918063702,174.0051657135383,0,0,0.0,-77.2917,0.0,0.0
42.999999999999694,-425.51873989471744,-529.4904918063702,174.0051657135383,0,0,0.0,-77.2917,0.0,0.0
43.04999999999969,-425.51873989471744,-529.4904918063702,174.0051657135383,0,0,0.0,-77.2917,0.0,0.0
43.09999999999969,-425.51873989471744,-529.4904918063702,174.0051657135383,0,0,0.0,-77.2917,0.0,0.0
43.149999999999686,-425.51873989471744,-529.4904918063702,174.0051657135383,0,0,0.0,-77.2917,0.0,0.0
43.19999999999968,-425.51873989471744,-529.4904918063702,174.0051657135383,0,0,0.0,-77.2917,0.0,0.0
43.24999999999968,-425.51873989471744,-529.4904918063702,174.0051657135383,0,0,0.0,-77.2917,0.0,0.0
43.29999999999968,-425.51873989471744,-529.4904918063702,174.0051657135383,0,0,0.0,-77.2917,0.0,0.0
43.349999999999675,-425.51873989471744,-529.4904918063702,174.0051657135383,0,0,0.0,-77.2917,0.0,0.0
43.39999999999967,-425.51873989471744,-529.4904918063702,174.0051657135383,0,0,0.0,-77.2917,0.0,0.0
43.44999999999967,-425.51873989471744,-529.4904918063702,174.0051657135383,0,0,0.0,-77.2917,0.0,0.0
43.499999999999666,-425.51873989471744,-529.4904918063702,174.0051657135383,0,0,0.0,-77.2917,0.0,0.0
43.54999999999966,-425.51873989471744,-529.4904918063702,174.0051657135383,0,0,0.0,-77.2917,0.0,0.0
43.59999999999966,-425.51873989471744,-529.4904918063702,174.0051657135383,0,0,0.0,-77.2917,0.0,0.0
43.64999999999966,-425.51873989471744,-529.4904918063702,174.0051657135383,0,0,0.0,-77.2917,0.0,0.0
43.699999999999655,-425.51873989471744,-529.4904918063702,174.0051657135383,0,0,0.0,-77.2917,0.0,0.0
43.74999999999965,-425.51873989471744,-529.4904918063702,174.0051657135383,0,0,0.0,-77.2917,0.0,0.0
43.79999999999965,-425.51873989471744,-529.4904918063702,174.0051657135383,0,0,0.0,-77.2917,0.0,0.0
43.849999999999646,-425.51873989471744,-529.4904918063702,174.0051657135383,0,0,0.0,-77.2917,0.0,0.0
43.89999999999964,-425.51873989471744,-529.4904918063702,174.0051657135383,0,0,0.0,-77.2917,0.0,0.0
43.94999999999964,-425.51873989471744,-529.4904918063702,174.0051657135383,0,0,0.0,-77.2917,0.0,0.0
43.99999999999964,-425.51873989471744,-529.4904918063702,174.0051657135383,0,0,0.0,-77.2917,0.0,0.0
44.049999999999635,-425.51873989471744,-529.4904918063702,174.0051657135383,0,0,0.0,-77.2917,0.0,0.0
44.09999999999963,-425.51873989471744,-529.4904918063702,174.0051657135383,0,0,0.0,-77.2917,0.0,0.0
44.14999999999963,-425.51873989471744,-529.4904918063702,174.0051657135383,0,0,0.0,-77.2917,0.0,0.0
44.199999999999626,-425.51873989471744,-529.4904918063702,174.0051657135383,0,0,0.0,-77.2917,0.0,0.0
44.24999999999962,-425.51873989471744,-529.4904918063702,174.0051657135383,0,0,0.0,-77.2917,0.0,0.0
44.29999999999962,-425.51873989471744,-529.4904918063702,174.0051657135383,0,0,0.0,-77.2917,0.0,0.0
44.34999999999962,-425.51873989471744,-529.4904918063702,174.0051657135383,0,0,0.0,-77.2917,0.0,0.0
44.399999999999615,-425.51873989471744,-529.4904918063702,174.0051657135383,0,0,0.0,-77.2917,0.0,0.0
44.44999999999961,-425.51873989471744,-529.4904918063702,174.0051657135383,0,0,0.0,-77.2917,0.0,0.0
44.49999999999961,-425.51873989471744,-529.4904918063702,174.0051657135383,0,0,0.0,-77.2917,0.0,0.0
44.549999999999606,-425.51873989471744,-529.4904918063702,174.0051657135383,0,0,0.0,-77.2917,0.0,0.0
44.5999999999996,-425.51873989471744,-529.4904918063702,174.0051657135383,0,0,0.0,-77.2917,0.0,0.0
44.6499999999996,-425.51873989471744,-529.4904918063702,174.0051657135383,0,0,0.0,-77.2917,0.0,0.0
44.6999999999996,-425.51873989471744,-529.4904918063702,174.0051657135383,0,0,0.0,-77.2917,0.0,0.0
44.749999999999595,-425.51873989471744,-529.4904918063702,174.0051657135383,0,0,0.0,-77.2917,0.0,0.0
44.79999999999959,-425.51873989471744,-529.4904918063702,174.0051657135383,0,0,0.0,-77.2917,0.0,0.0
44.84999999999959,-425.51873989471744,-529.4904918063702,174.0051657135383,0,0,0.0,-77.2917,0.0,0.0
44.89999999999959,-425.51873989471744,-529.4904918063702,174.0051657135383,0,0,0.0,-77.2917,0.0,0.0
44.949999999999584,-425.51873989471744,-529.4904918063702,174.0051657135383,0,0,0.0,-77.2917,0.0,0.0
44.99999999999958,-425.51873989471744,-529.4904918063702,174.0051657135383,0,0,0.0,-77.2917,0.0,0.0
45.04999999999958,-425.51873989471744,-529.4904918063702,174.0051657135383,0,0,0.0,-77.2917,0.0,0.0
45.099999999999575,-425.51873989471744,-529.4904918063702,174.0051657135383,0,0,0.0,-77.2917,0.0,0.0
45.14999999999957,-425.51873989471744,-529.4904918063702,174.0051657135383,0,0,0.0,-77.2917,0.0,0.0
45.19999999999957,-425.51873989471744,-529.4904918063702,174.0051657135383,0,0,0.0,-77.2917,0.0,0.0
45.24999999999957,-425.51873989471744,-529.4904918063702,174.0051657135383,0,0,0.0,-77.2917,0.0,0.0
45.299999999999564,-425.51873989471744,-529.4904918063702,174.0051657135383,0,0,0.0,-77.2917,0.0,0.0
45.34999999999956,-425.51873989471744,-529.4904918063702,174.0051657135383,0,0,0.0,-77.2917,0.0,0.0
45.39999999999956,-425.51873989471744,-529.4904918063702,174.0051657135383,0,0,0.0,-77.2917,0.0,0.0
45.449999999999555,-425.51873989471744,-529.4904918063702,174.0051657135383,0,0,0.0,-77.2917,0.0,0.0
45.49999999999955,-425.51873989471744,-529.4904918063702,174.0051657135383,0,0,0.0,-77.2917,0.0,0.0
45.54999999999955,-425.51873989471744,-529.4904918063702,174.0051657135383,0,0,0.0,-77.2917,0.0,0.0
45.59999999999955,-425.51873989471744,-529.4904918063702,174.0051657135383,0,0,0.0,-77.2917,0.0,0.0
45.649999999999544,-425.51873989471744,-529.4904918063702,174.0051657135383,0,0,0.0,-77.2917,0.0,0.0
45.69999999999954,-425.51873989471744,-529.4904918063702,174.0051657135383,0,0,0.0,-77.2917,0.0,0.0
45.74999999999954,-425.51873989471744,-529.4904918063702,174.0051657135383,0,0,0.0,-77.2917,0.0,0.0
45.799999999999535,-425.51873989471744,-529.4904918063702,174.0051657135383,0,0,0.0,-77.2917,0.0,0.0
45.84999999999953,-425.51873989471744,-529.4904918063702,174.0051657135383,0,0,0.0,-77.2917,0.0,0.0
45.89999999999953,-425.51873989471744,-529.4904918063702,174.0051657135383,0,0,0.0,-77.2917,0.0,0.0
45.94999999999953,-425.51873989471744,-529.4904918063702,174.0051657135383,0,0,0.0,-77.2917,0.0,0.0
45.999999999999524,-425.51873989471744,-529.4904918063702,174.0051657135383,0,0,0.0,-77.2917,0.0,0.0
46.04999999999952,-425.51873989471744,-529.4904918063702,174.0051657135383,0,0,0.0,-77.2917,0.0,0.0
46.09999999999952,-425.51873989471744,-529.4904918063702,174.0051657135383,0,0,0.0,-77.2917,0.0,0.0
46.149999999999515,-425.51873989471744,-529.4904918063702,174.0051657135383,0,0,0.0,-77.2917,0.0,0.0
46.19999999999951,-425.51873989471744,-529.4904918063702,174.0051657135383,0,0,0.0,-77.2917,0.0,0.0
46.24999999999951,-425.51873989471744,-529.4904918063702,174.0051657135383,0,0,0.0,-77.2917,0.0,0.0
46.29999999999951,-425.51873989471744,-529.4904918063702,174.0051657135383,0,0,0.0,-77.2917,0.0,0.0
46.349999999999504,-425.51873989471744,-529.4904918063702,174.0051657135383,0,0,0.0,-77.2917,0.0,0.0
46.3999999999995,-425.51873989471744,-529.4904918063702,174.0051657135383,0,0,0.0,-77.2917,0.0,0.0
46.4499999999995,-425.51873989471744,-529.4904918063702,174.0051657135383,0,0,0.0,-77.2917,0.0,0.0
46.499999999999496,-425.51873989471744,-529.4904918063702,174.0051657135383,0,0,0.0,-77.2917,0.0,0.0
46.54999999999949,-425.51873989471744,-529.4904918063702,174.0051657135383,0,0,0.0,-77.2917,0.0,0.0
46.59999999999949,-425.51873989471744,-529.4904918063702,174.0051657135383,0,0,0.0,-77.2917,0.0,0.0
46.64999999999949,-425.51873989471744,-529.4904918063702,174.0051657135383,0,0,0.0,-77.2917,0.0,0.0
46.699999999999484,-425.51873989471744,-529.4904918063702,174.0051657135383,0,0,0.0,-77.2917,0.0,0.0
46.74999999999948,-425.51873989471744,-529.4904918063702,174.0051657135383,0,0,0.0,-77.2917,0.0,0.0
46.79999999999948,-425.51873989471744,-529.4904918063702,174.0051657135383,0,0,0.0,-77.2917,0.0,0.0
46.849999999999476,-425.51873989471744,-529.4904918063702,174.0051657135383,0,0,0.0,-77.2917,0.0,0.0
46.89999999999947,-425.51873989471744,-529.4904918063702,174.0051657135383,0,0,0.0,-77.2917,0.0,0.0
46.94999999999947,-425.51873989471744,-529.4904918063702,174.0051657135383,0,0,0.0,-77.2917,0.0,0.0
46.99999999999947,-425.51873989471744,-529.4904918063702,174.0051657135383,0,0,0.0,-77.2917,0.0,0.0
47.049999999999464,-425.51873989471744,-529.4904918063702,174.0051657135383,0,0,0.0,-77.2917,0.0,0.0
47.09999999999946,-425.51873989471744,-529.4904918063702,174.0051657135383,0,0,0.0,-77.2917,0.0,0.0
47.14999999999946,-425.51873989471744,-529.4904918063702,174.0051657135383,0,0,0.0,-77.2917,0.0,0.0
47.199999999999456,-425.51873989471744,-529.4904918063702,174.0051657135383,0,0,0.0,-77.2917,0.0,0.0
47.24999999999945,-425.51873989471744,-529.4904918063702,174.0051657135383,0,0,0.0,-77.2917,0.0,0.0
47.29999999999945,-425.51873989471744,-529.4904918063702,174.0051657135383,0,0,0.0,-77.2917,0.0,0.0
47.34999999999945,-425.51873989471744,-529.4904918063702,174.0051657135383,0,0,0.0,-77.2917,0.0,0.0
47.399999999999444,-425.51873989471744,-529.4904918063702,174.0051657135383,0,0,0.0,-77.2917,0.0,0.0
47.44999999999944,-425.51873989471744,-529.4904918063702,174.0051657135383,0,0,0.0,-77.2917,0.0,0.0
47.49999999999944,-425.51873989471744,-529.4904918063702,174.0051657135383,0,0,0.0,-77.2917,0.0,0.0
47.549999999999436,-425.51873989471744,-529.4904918063702,174.0051657135383,0,0,0.0,-77.2917,0.0,0.0
47.59999999999943,-425.51873989471744,-529.4904918063702,174.0051657135383,0,0,0.0,-77.2917,0.0,0.0
47.64999999999943,-425.51873989471744,-529.4904918063702,174.0051657135383,0,0,0.0,-77.2917,0.0,0.0
47.69999999999943,-425.51873989471744,-529.4904918063702,174.0051657135383,0,0,0.0,-77.2917,0.0,0.0
47.749999999999424,-425.51873989471744,-529.4904918063702,174.0051657135383,0,0,0.0,-77.2917,0.0,0.0
47.79999999999942,-425.51873989471744,-529.4904918063702,174.0051657135383,0,0,0.0,-77.2917,0.0,0.0
47.84999999999942,-425.51873989471744,-529.4904918063702,174.0051657135383,0,0,0.0,-77.2917,0.0,0.0
47.899999999999416,-425.51873989471744,-529.4904918063702,174.0051657135383,0,0,0.0,-77.2917,0.0,0.0
47.94999999999941,-425.51873989471744,-529.4904918063702,174.0051657135383,0,0,0.0,-77.2917,0.0,0.0
47.99999999999941,-425.51873989471744,-529.4904918063702,174.0051657135383,0,0,0.0,-77.2917,0.0,0.0
48.04999999999941,-425.51873989471744,-529.4904918063702,174.0051657135383,0,0,0.0,-77.2917,0.0,0.0
48.099999999999405,-425.51873989471744,-529.4904918063702,174.0051657135383,0,0,0.0,-77.2917,0.0,0.0
48.1499999999994,-425.51873989471744,-529.4904918063702,174.0051657135383,0,0,0.0,-77.2917,0.0,0.0
48.1999999999994,-425.51873989471744,-529.4904918063702,174.0051657135383,0,0,0.0,-77.2917,0.0,0.0
48.249999999999396,-425.51873989471744,-529.4904918063702,174.0051657135383,0,0,0.0,-77.2917,0.0,0.0
48.29999999999939,-425.51873989471744,-529.4904918063702,174.0051657135383,0,0,0.0,-77.2917,0.0,0.0
48.34999999999939,-425.51873989471744,-529.4904918063702,174.0051657135383,0,0,0.0,-77.2917,0.0,0.0
48.39999999999939,-425.51873989471744,-529.4904918063702,174.0051657135383,0,0,0.0,-77.2917,0.0,0.0
48.449999999999385,-425.51873989471744,-529.4904918063702,174.0051657135383,0,0,0.0,-77.2917,0.0,0.0
48.49999999999938,-425.51873989471744,-529.4904918063702,174.0051657135383,0,0,0.0,-77.2917,0.0,0.0
48.54999999999938,-425.51873989471744,-529.4904918063702,174.0051657135383,0,0,0.0,-77.2917,0.0,0.0
48.599999999999376,-425.51873989471744,-529.4904918063702,174.0051657135383,0,0,0.0,-77.2917,0.0,0.0
48.64999999999937,-425.51873989471744,-529.4904918063702,174.0051657135383,0,0,0.0,-77.2917,0.0,0.0
48.69999999999937,-425.51873989471744,-529.4904918063702,174.0051657135383,0,0,0.0,-77.2917,0.0,0.0
48.74999999999937,-425.51873989471744,-529.4904918063702,174.0051657135383,0,0,0.0,-77.2917,0.0,0.0
48.799999999999365,-425.51873989471744,-529.4904918063702,174.0051657135383,0,0,0.0,-77.2917,0.0,0.0
48.84999999999936,-425.51873989471744,-529.4904918063702,174.0051657135383,0,0,0.0,-77.2917,0.0,0.0
48.89999999999936,-425.51873989471744,-529.4904918063702,174.0051657135383,0,0,0.0,-77.2917,0.0,0.0
48.949999999999356,-425.51873989471744,-529.4904918063702,174.0051657135383,0,0,0.0,-77.2917,0.0,0.0
48.99999999999935,-425.51873989471744,-529.4904918063702,174.0051657135383,0,0,0.0,-77.2917,0.0,0.0
49.04999999999935,-425.51873989471744,-529.4904918063702,174.0051657135383,0,0,0.0,-77.2917,0.0,0.0
49.09999999999935,-425.51873989471744,-529.4904918063702,174.0051657135383,0,0,0.0,-77.2917,0.0,0.0
49.149999999999345,-425.51873989471744,-529.4904918063702,174.0051657135383,0,0,0.0,-77.2917,0.0,0.0
49.19999999999934,-425.51873989471744,-529.4904918063702,174.0051657135383,0,0,0.0,-77.2917,0.0,0.0
49.24999999999934,-425.51873989471744,-529.4904918063702,174.0051657135383,0,0,0.0,-77.2917,0.0,0.0
49.299999999999336,-425.51873989471744,-529.4904918063702,174.0051657135383,0,0,0.0,-77.2917,0.0,0.0
49.34999999999933,-425.51873989471744,-529.4904918063702,174.0051657135383,0,0,0.0,-77.2917,0.0,0.0
49.39999999999933,-425.51873989471744,-529.4904918063702,174.0051657135383,0,0,0.0,-77.2917,0.0,0.0
49.44999999999933,-425.51873989471744,-529.4904918063702,174.0051657135383,0,0,0.0,-77.2917,0.0,0.0
49.499999999999325,-425.51873989471744,-529.4904918063702,174.0051657135383,0,0,0.0,-77.2917,0.0,0.0
49.54999999999932,-425.51873989471744,-529.4904918063702,174.0051657135383,0,0,0.0,-77.2917,0.0,0.0
49.59999999999932,-425.51873989471744,-529.4904918063702,174.0051657135383,0,0,0.0,-77.2917,0.0,0.0
49.64999999999932,-425.51873989471744,-529.4904918063702,174.0051657135383,0,0,0.0,-77.2917,0.0,0.0
49.699999999999314,-425.51873989471744,-529.4904918063702,174.0051657135383,0,0,0.0,-77.2917,0.0,0.0
49.74999999999931,-425.51873989471744,-529.4904918063702,174.0051657135383,0,0,0.0,-77.2917,0.0,0.0
49.79999999999931,-425.51873989471744,-529.4904918063702,174.0051657135383,0,0,0.0,-77.2917,0.0,0.0
49.849999999999305,-425.51873989471744,-529.4904918063702,174.0051657135383,0,0,0.0,-77.2917,0.0,0.0
49.8999999999993,-425.51873989471744,-529.4904918063702,174.0051657135383,0,0,0.0,-77.2917,0.0,0.0
49.9499999999993,-425.51873989471744,-529.4904918063702,174.0051657135383,0,0,0.0,-77.2917,0.0,0.0
49.9999999999993,-425.51873989471744,-529.4904918063702,174.0051657135383,0,0,0.0,-77.2917,0.0,0.0
50.049999999999294,-425.51873989471744,-529.4904918063702,174.0051657135383,0,0,0.0,-77.2917,0.0,0.0
50.09999999999929,-425.51873989471744,-529.4904918063702,174.0051657135383,0,0,0.0,-77.2917,0.0,0.0
50.14999999999929,-425.51873989471744,-529.4904918063702,174.0051657135383,0,0,0.0,-77.2917,0.0,0.0
50.199999999999285,-425.51873989471744,-529.4904918063702,174.0051657135383,0,0,0.0,-77.2917,0.0,0.0
50.24999999999928,-425.51873989471744,-529.4904918063702,174.0051657135383,0,0,0.0,-77.2917,0.0,0.0
50.29999999999928,-425.51873989471744,-529.4904918063702,174.0051657135383,0,0,0.0,-77.2917,0.0,0.0
50.34999999999928,-425.51873989471744,-529.4904918063702,174.0051657135383,0,0,0.0,-77.2917,0.0,0.0
50.399999999999274,-425.51873989471744,-529.4904918063702,174.0051657135383,0,0,0.0,-77.2917,0.0,0.0
50.44999999999927,-425.51873989471744,-529.4904918063702,174.0051657135383,0,0,0.0,-77.2917,0.0,0.0
50.49999999999927,-425.51873989471744,-529.4904918063702,174.0051657135383,0,0,0.0,-77.2917,0.0,0.0
50.549999999999265,-425.51873989471744,-529.4904918063702,174.0051657135383,0,0,0.0,-77.2917,0.0,0.0
50.59999999999926,-425.51873989471744,-529.4904918063702,174.0051657135383,0,0,0.0,-77.2917,0.0,0.0
50.64999999999926,-425.51873989471744,-529.4904918063702,174.0051657135383,0,0,0.0,-77.2917,0.0,0.0
50.69999999999926,-425.51873989471744,-529.4904918063702,174.0051657135383,0,0,0.0,-77.2917,0.0,0.0
50.749999999999254,-425.51873989471744,-529.4904918063702,174.0051657135383,0,0,0.0,-77.2917,0.0,0.0
50.79999999999925,-425.51873989471744,-529.4904918063702,174.0051657135383,0,0,0.0,-77.2917,0.0,0.0
50.84999999999925,-425.51873989471744,-529.4904918063702,174.0051657135383,0,0,0.0,-77.2917,0.0,0.0
50.899999999999245,-425.51873989471744,-529.4904918063702,174.0051657135383,0,0,0.0,-77.2917,0.0,0.0
50.94999999999924,-425.51873989471744,-529.4904918063702,174.0051657135383,0,0,0.0,-77.2917,0.0,0.0
50.99999999999924,-425.51873989471744,-529.4904918063702,174.0051657135383,0,0,0.0,-77.2917,0.0,0.0
51.04999999999924,-425.51873989471744,-529.4904918063702,174.0051657135383,0,0,0.0,-77.2917,0.0,0.0
51.099999999999234,-425.51873989471744,-529.4904918063702,174.0051657135383,0,0,0.0,-77.2917,0.0,0.0
51.14999999999923,-425.51873989471744,-529.4904918063702,174.0051657135383,0,0,0.0,-77.2917,0.0,0.0
51.19999999999923,-425.51873989471744,-529.4904918063702,174.0051657135383,0,0,0.0,-77.2917,0.0,0.0
51.249999999999226,-425.51873989471744,-529.4904918063702,174.0051657135383,0,0,0.0,-77.2917,0.0,0.0
51.29999999999922,-425.51873989471744,-529.4904918063702,174.0051657135383,0,0,0.0,-77.2917,0.0,0.0
51.34999999999922,-425.51873989471744,-529.4904918063702,174.0051657135383,0,0,0.0,-77.2917,0.0,0.0
51.39999999999922,-425.51873989471744,-529.4904918063702,174.0051657135383,0,0,0.0,-77.2917,0.0,0.0
51.449999999999214,-425.51873989471744,-529.4904918063702,174.0051657135383,0,0,0.0,-77.2917,0.0,0.0
51.49999999999921,-425.51873989471744,-529.4904918063702,174.0051657135383,0,0,0.0,-77.2917,0.0,0.0
51.54999999999921,-425.51873989471744,-529.4904918063702,174.0051657135383,0,0,0.0,-77.2917,0.0,0.0
51.599999999999206,-425.51873989471744,-529.4904918063702,174.0051657135383,0,0,0.0,-77.2917,0.0,0.0
51.6499999999992,-425.51873989471744,-529.4904918063702,174.0051657135383,0,0,0.0,-77.2917,0.0,0.0
51.6999999999992,-425.51873989471744,-529.4904918063702,174.0051657135383,0,0,0.0,-77.2917,0.0,0.0
51.7499999999992,-425.51873989471744,-529.4904918063702,174.0051657135383,0,0,0.0,-77.2917,0.0,0.0
51.799999999999194,-425.51873989471744,-529.4904918063702,174.0051657135383,0,0,0.0,-77.2917,0.0,0.0
51.84999999999919,-425.51873989471744,-529.4904918063702,174.0051657135383,0,0,0.0,-77.2917,0.0,0.0
51.89999999999919,-425.51873989471744,-529.4904918063702,174.0051657135383,0,0,0.0,-77.2917,0.0,0.0
51.949999999999186,-425.51873989471744,-529.4904918063702,174.0051657135383,0,0,0.0,-77.2917,0.0,0.0
51.99999999999918,-425.51873989471744,-529.4904918063702,174.0051657135383,0,0,0.0,-77.2917,0.0,0.0
52.04999999999918,-425.51873989471744,-529.4904918063702,174.0051657135383,0,0,0.0,-77.2917,0.0,0.0
52.09999999999918,-425.51873989471744,-529.4904918063702,174.0051657135383,0,0,0.0,-77.2917,0.0,0.0
52.149999999999174,-425.51873989471744,-529.4904918063702,174.0051657135383,0,0,0.0,-77.2917,0.0,0.0
52.19999999999917,-425.51873989471744,-529.4904918063702,174.0051657135383,0,0,0.0,-77.2917,0.0,0.0
52.24999999999917,-425.51873989471744,-529.4904918063702,174.0051657135383,0,0,0.0,-77.2917,0.0,0.0
52.299999999999166,-425.51873989471744,-529.4904918063702,174.0051657135383,0,0,0.0,-77.2917,0.0,0.0
52.34999999999916,-425.51873989471744,-529.4904918063702,174.0051657135383,0,0,0.0,-77.2917,0.0,0.0
52.39999999999916,-425.51873989471744,-529.4904918063702,174.0051657135383,0,0,0.0,-77.2917,0.0,0.0
52.44999999999916,-425.51873989471744,-529.4904918063702,174.0051657135383,0,0,0.0,-77.2917,0.0,0.0
52.499999999999154,-425.51873989471744,-529.4904918063702,174.0051657135383,0,0,0.0,-77.2917,0.0,0.0
52.54999999999915,-425.51873989471744,-529.4904918063702,174.0051657135383,0,0,0.0,-77.2917,0.0,0.0
52.59999999999915,-425.51873989471744,-529.4904918063702,174.0051657135383,0,0,0.0,-77.2917,0.0,0.0
52.649999999999146,-425.51873989471744,-529.4904918063702,174.0051657135383,0,0,0.0,-77.2917,0.0,0.0
52.69999999999914,-425.51873989471744,-529.4904918063702,174.0051657135383,0,0,0.0,-77.2917,0.0,0.0
52.74999999999914,-425.51873989471744,-529.4904918063702,174.0051657135383,0,0,0.0,-77.2917,0.0,0.0
52.79999999999914,-425.51873989471744,-529.4904918063702,174.0051657135383,0,0,0.0,-77.2917,0.0,0.0
52.849999999999135,-425.51873989471744,-529.4904918063702,174.0051657135383,0,0,0.0,-77.2917,0.0,0.0
52.89999999999913,-425.51873989471744,-529.4904918063702,174.0051657135383,0,0,0.0,-77.2917,0.0,0.0
52.94999999999913,-425.51873989471744,-529.4904918063702,174.0051657135383,0,0,0.0,-77.2917,0.0,0.0
52.999999999999126,-425.51873989471744,-529.4904918063702,174.0051657135383,0,0,0.0,-77.2917,0.0,0.0
53.04999999999912,-425.51873989471744,-529.4904918063702,174.0051657135383,0,0,0.0,-77.2917,0.0,0.0
53.09999999999912,-425.51873989471744,-529.4904918063702,174.0051657135383,0,0,0.0,-77.2917,0.0,0.0
53.14999999999912,-425.51873989471744,-529.4904918063702,174.0051657135383,0,0,0.0,-77.2917,0.0,0.0
53.199999999999115,-425.51873989471744,-529.4904918063702,174.0051657135383,0,0,0.0,-77.2917,0.0,0.0
53.24999999999911,-425.51873989471744,-529.4904918063702,174.0051657135383,0,0,0.0,-77.2917,0.0,0.0
53.29999999999911,-425.51873989471744,-529.4904918063702,174.0051657135383,0,0,0.0,-77.2917,0.0,0.0
53.349999999999106,-425.51873989471744,-529.4904918063702,174.0051657135383,0,0,0.0,-77.2917,0.0,0.0
53.3999999999991,-425.51873989471744,-529.4904918063702,174.0051657135383,0,0,0.0,-77.2917,0.0,0.0
53.4499999999991,-425.51873989471744,-529.4904918063702,174.0051657135383,0,0,0.0,-77.2917,0.0,0.0
53.4999999999991,-425.51873989471744,-529.4904918063702,174.0051657135383,0,0,0.0,-77.2917,0.0,0.0
53.549999999999095,-425.51873989471744,-529.4904918063702,174.0051657135383,0,0,0.0,-77.2917,0.0,0.0
53.59999999999909,-425.51873989471744,-529.4904918063702,174.0051657135383,0,0,0.0,-77.2917,0.0,0.0
53.64999999999909,-425.51873989471744,-529.4904918063702,174.0051657135383,0,0,0.0,-77.2917,0.0,0.0
53.699999999999086,-425.51873989471744,-529.4904918063702,174.0051657135383,0,0,0.0,-77.2917,0.0,0.0
53.74999999999908,-425.51873989471744,-529.4904918063702,174.0051657135383,0,0,0.0,-77.2917,0.0,0.0
53.79999999999908,-425.51873989471744,-529.4904918063702,174.0051657135383,0,0,0.0,-77.2917,0.0,0.0
53.84999999999908,-425.51873989471744,-529.4904918063702,174.0051657135383,0,0,0.0,-77.2917,0.0,0.0
53.899999999999075,-425.51873989471744,-529.4904918063702,174.0051657135383,0,0,0.0,-77.2917,0.0,0.0
53.94999999999907,-425.51873989471744,-529.4904918063702,174.0051657135383,0,0,0.0,-77.2917,0.0,0.0
53.99999999999907,-425.51873989471744,-529.4904918063702,174.0051657135383,0,0,0.0,-77.2917,0.0,0.0
54.049999999999066,-425.51873989471744,-529.4904918063702,174.0051657135383,0,0,0.0,-77.2917,0.0,0.0
54.09999999999906,-425.51873989471744,-529.4904918063702,174.0051657135383,0,0,0.0,-77.2917,0.0,0.0
54.14999999999906,-425.51873989471744,-529.4904918063702,174.0051657135383,0,0,0.0,-77.2917,0.0,0.0
54.19999999999906,-425.51873989471744,-529.4904918063702,174.0051657135383,0,0,0.0,-77.2917,0.0,0.0
54.249999999999055,-425.51873989471744,-529.4904918063702,174.0051657135383,0,0,0.0,-77.2917,0.0,0.0
54.29999999999905,-425.51873989471744,-529.4904918063702,174.0051657135383,0,0,0.0,-77.2917,0.0,0.0
54.34999999999905,-425.51873989471744,-529.4904918063702,174.0051657135383,0,0,0.0,-77.2917,0.0,0.0
54.39999999999905,-425.51873989471744,-529.4904918063702,174.0051657135383,0,0,0.0,-77.2917,0.0,0.0
54.449999999999044,-425.51873989471744,-529.4904918063702,174.0051657135383,0,0,0.0,-77.2917,0.0,0.0
54.49999999999904,-425.51873989471744,-529.4904918063702,174.0051657135383,0,0,0.0,-77.2917,0.0,0.0
54.54999999999904,-425.51873989471744,-529.4904918063702,174.0051657135383,0,0,0.0,-77.2917,0.0,0.0
54.599999999999035,-425.51873989471744,-529.4904918063702,174.0051657135383,0,0,0.0,-77.2917,0.0,0.0
54.64999999999903,-425.51873989471744,-529.4904918063702,174.0051657135383,0,0,0.0,-77.2917,0.0,0.0
54.69999999999903,-425.51873989471744,-529.4904918063702,174.0051657135383,0,0,0.0,-77.2917,0.0,0.0
54.74999999999903,-425.51873989471744,-529.4904918063702,174.0051657135383,0,0,0.0,-77.2917,0.0,0.0
54.799999999999024,-425.51873989471744,-529.4904918063702,174.0051657135383,0,0,0.0,-77.2917,0.0,0.0
54.84999999999902,-425.51873989471744,-529.4904918063702,174.0051657135383,0,0,0.0,-77.2917,0.0,0.0
54.89999999999902,-425.51873989471744,-529.4904918063702,174.0051657135383,0,0,0.0,-77.2917,0.0,0.0
54.949999999999015,-425.51873989471744,-529.4904918063702,174.0051657135383,0,0,0.0,-77.2917,0.0,0.0
54.99999999999901,-425.51873989471744,-529.4904918063702,174.0051657135383,0,0,0.0,-77.2917,0.0,0.0
55.04999999999901,-425.51873989471744,-529.4904918063702,174.0051657135383,0,0,0.0,-77.2917,0.0,0.0
55.09999999999901,-425.51873989471744,-529.4904918063702,174.0051657135383,0,0,0.0,-77.2917,0.0,0.0
55.149999999999004,-425.51873989471744,-529.4904918063702,174.0051657135383,0,0,0.0,-77.2917,0.0,0.0
55.199999999999,-425.51873989471744,-529.4904918063702,174.0051657135383,0,0,0.0,-77.2917,0.0,0.0
55.249999999999,-425.51873989471744,-529.4904918063702,174.0051657135383,0,0,0.0,-77.2917,0.0,0.0
55.299999999998995,-425.51873989471744,-529.4904918063702,174.0051657135383,0,0,0.0,-77.2917,0.0,0.0
55.34999999999899,-425.51873989471744,-529.4904918063702,174.0051657135383,0,0,0.0,-77.2917,0.0,0.0
55.39999999999899,-425.51873989471744,-529.4904918063702,174.0051657135383,0,0,0.0,-77.2917,0.0,0.0
55.44999999999899,-425.51873989471744,-529.4904918063702,174.0051657135383,0,0,0.0,-77.2917,0.0,0.0
55.499999999998984,-425.51873989471744,-529.4904918063702,174.0051657135383,0,0,0.0,-77.2917,0.0,0.0
55.54999999999898,-425.51873989471744,-529.4904918063702,174.0051657135383,0,0,0.0,-77.2917,0.0,0.0
55.59999999999898,-425.51873989471744,-529.4904918063702,174.0051657135383,0,0,0.0,-77.2917,0.0,0.0
55.649999999998975,-425.51873989471744,-529.4904918063702,174.0051657135383,0,0,0.0,-77.2917,0.0,0.0
55.69999999999897,-425.51873989471744,-529.4904918063702,174.0051657135383,0,0,0.0,-77.2917,0.0,0.0
55.74999999999897,-425.51873989471744,-529.4904918063702,174.0051657135383,0,0,0.0,-77.2917,0.0,0.0
55.79999999999897,-425.51873989471744,-529.4904918063702,174.0051657135383,0,0,0.0,-77.2917,0.0,0.0
55.849999999998964,-425.51873989471744,-529.4904918063702,174.0051657135383,0,0,0.0,-77.2917,0.0,0.0
55.89999999999896,-425.51873989471744,-529.4904918063702,174.0051657135383,0,0,0.0,-77.2917,0.0,0.0
55.94999999999896,-425.51873989471744,-529.4904918063702,174.0051657135383,0,0,0.0,-77.2917,0.0,0.0
55.999999999998956,-425.51873989471744,-529.4904918063702,174.0051657135383,0,0,0.0,-77.2917,0.0,0.0
56.04999999999895,-425.51873989471744,-529.4904918063702,174.0051657135383,0,0,0.0,-77.2917,0.0,0.0
56.09999999999895,-425.51873989471744,-529.4904918063702,174.0051657135383,0,0,0.0,-77.2917,0.0,0.0
56.14999999999895,-425.51873989471744,-529.4904918063702,174.0051657135383,0,0,0.0,-77.2917,0.0,0.0
56.199999999998944,-425.51873989471744,-529.4904918063702,174.0051657135383,0,0,0.0,-77.2917,0.0,0.0
56.24999999999894,-425.51873989471744,-529.4904918063702,174.0051657135383,0,0,0.0,-77.2917,0.0,0.0
56.29999999999894,-425.51873989471744,-529.4904918063702,174.0051657135383,0,0,0.0,-77.2917,0.0,0.0
56.349999999998936,-425.51873989471744,-529.4904918063702,174.0051657135383,0,0,0.0,-77.2917,0.0,0.0
56.39999999999893,-425.51873989471744,-529.4904918063702,174.0051657135383,0,0,0.0,-77.2917,0.0,0.0
56.44999999999893,-425.51873989471744,-529.4904918063702,174.0051657135383,0,0,0.0,-77.2917,0.0,0.0
56.49999999999893,-425.51873989471744,-529.4904918063702,174.0051657135383,0,0,0.0,-77.2917,0.0,0.0
56.549999999998924,-425.51873989471744,-529.4904918063702,174.0051657135383,0,0,0.0,-77.2917,0.0,0.0
56.59999999999892,-425.51873989471744,-529.4904918063702,174.0051657135383,0,0,0.0,-77.2917,0.0,0.0
56.64999999999892,-425.51873989471744,-529.4904918063702,174.0051657135383,0,0,0.0,-77.2917,0.0,0.0
56.699999999998916,-425.51873989471744,-529.4904918063702,174.0051657135383,0,0,0.0,-77.2917,0.0,0.0
56.74999999999891,-425.51873989471744,-529.4904918063702,174.0051657135383,0,0,0.0,-77.2917,0.0,0.0
56.79999999999891,-425.51873989471744,-529.4904918063702,174.0051657135383,0,0,0.0,-77.2917,0.0,0.0
56.84999999999891,-425.51873989471744,-529.4904918063702,174.0051657135383,0,0,0.0,-77.2917,0.0,0.0
56.899999999998904,-425.51873989471744,-529.4904918063702,174.0051657135383,0,0,0.0,-77.2917,0.0,0.0
56.9499999999989,-425.51873989471744,-529.4904918063702,174.0051657135383,0,0,0.0,-77.2917,0.0,0.0
56.9999999999989,-425.51873989471744,-529.4904918063702,174.0051657135383,0,0,0.0,-77.2917,0.0,0.0
57.049999999998896,-425.51873989471744,-529.4904918063702,174.0051657135383,0,0,0.0,-77.2917,0.0,0.0
57.09999999999889,-425.51873989471744,-529.4904918063702,174.0051657135383,0,0,0.0,-77.2917,0.0,0.0
57.14999999999889,-425.51873989471744,-529.4904918063702,174.0051657135383,0,0,0.0,-77.2917,0.0,0.0
57.19999999999889,-425.51873989471744,-529.4904918063702,174.0051657135383,0,0,0.0,-77.2917,0.0,0.0
57.249999999998884,-425.51873989471744,-529.4904918063702,174.0051657135383,0,0,0.0,-77.2917,0.0,0.0
57.29999999999888,-425.51873989471744,-529.4904918063702,174.0051657135383,0,0,0.0,-77.2917,0.0,0.0
57.34999999999888,-425.51873989471744,-529.4904918063702,174.0051657135383,0,0,0.0,-77.2917,0.0,0.0
57.399999999998876,-425.51873989471744,-529.4904918063702,174.0051657135383,0,0,0.0,-77.2917,0.0,0.0
57.44999999999887,-425.51873989471744,-529.4904918063702,174.0051657135383,0,0,0.0,-77.2917,0.0,0.0
57.49999999999887,-425.51873989471744,-529.4904918063702,174.0051657135383,0,0,0.0,-77.2917,0.0,0.0
57.54999999999887,-425.51873989471744,-529.4904918063702,174.0051657135383,0,0,0.0,-77.2917,0.0,0.0
57.599999999998865,-425.51873989471744,-529.4904918063702,174.0051657135383,0,0,0.0,-77.2917,0.0,0.0
57.64999999999886,-425.51873989471744,-529.4904918063702,174.0051657135383,0,0,0.0,-77.2917,0.0,0.0
57.69999999999886,-425.51873989471744,-529.4904918063702,174.0051657135383,0,0,0.0,-77.2917,0.0,0.0
57.749999999998856,-425.51873989471744,-529.4904918063702,174.0051657135383,0,0,0.0,-77.2917,0.0,0.0
57.79999999999885,-425.51873989471744,-529.4904918063702,174.0051657135383,0,0,0.0,-77.2917,0.0,0.0
57.84999999999885,-425.51873989471744,-529.4904918063702,174.0051657135383,0,0,0.0,-77.2917,0.0,0.0
57.89999999999885,-425.51873989471744,-529.4904918063702,174.0051657135383,0,0,0.0,-77.2917,0.0,0.0
57.949999999998845,-425.51873989471744,-529.4904918063702,174.0051657135383,0,0,0.0,-77.2917,0.0,0.0
57.99999999999884,-425.51873989471744,-529.4904918063702,174.0051657135383,0,0,0.0,-77.2917,0.0,0.0
58.04999999999884,-425.51873989471744,-529.4904918063702,174.0051657135383,0,0,0.0,-77.2917,0.0,0.0
58.099999999998836,-425.51873989471744,-529.4904918063702,174.0051657135383,0,0,0.0,-77.2917,0.0,0.0
58.14999999999883,-425.51873989471744,-529.4904918063702,174.0051657135383,0,0,0.0,-77.2917,0.0,0.0
58.19999999999883,-425.51873989471744,-529.4904918063702,174.0051657135383,0,0,0.0,-77.2917,0.0,0.0
58.24999999999883,-425.51873989471744,-529.4904918063702,174.0051657135383,0,0,0.0,-77.2917,0.0,0.0
58.299999999998825,-425.51873989471744,-529.4904918063702,174.0051657135383,0,0,0.0,-77.2917,0.0,0.0
58.34999999999882,-425.51873989471744,-529.4904918063702,174.0051657135383,0,0,0.0,-77.2917,0.0,0.0
58.39999999999882,-425.51873989471744,-529.4904918063702,174.0051657135383,0,0,0.0,-77.2917,0.0,0.0
58.449999999998816,-425.51873989471744,-529.4904918063702,174.0051657135383,0,0,0.0,-77.2917,0.0,0.0
58.49999999999881,-425.51873989471744,-529.4904918063702,174.0051657135383,0,0,0.0,-77.2917,0.0,0.0
58.54999999999881,-425.51873989471744,-529.4904918063702,174.0051657135383,0,0,0.0,-77.2917,0.0,0.0
58.59999999999881,-425.51873989471744,-529.4904918063702,174.0051657135383,0,0,0.0,-77.2917,0.0,0.0
58.649999999998805,-425.51873989471744,-529.4904918063702,174.0051657135383,0,0,0.0,-77.2917,0.0,0.0
58.6999999999988,-425.51873989471744,-529.4904918063702,174.0051657135383,0,0,0.0,-77.2917,0.0,0.0
58.7499999999988,-425.51873989471744,-529.4904918063702,174.0051657135383,0,0,0.0,-77.2917,0.0,0.0
58.799999999998796,-425.51873989471744,-529.4904918063702,174.0051657135383,0,0,0.0,-77.2917,0.0,0.0
58.84999999999879,-425.51873989471744,-529.4904918063702,174.0051657135383,0,0,0.0,-77.2917,0.0,0.0
58.89999999999879,-425.51873989471744,-529.4904918063702,174.0051657135383,0,0,0.0,-77.2917,0.0,0.0
58.94999999999879,-425.51873989471744,-529.4904918063702,174.0051657135383,0,0,0.0,-77.2917,0.0,0.0
58.999999999998785,-425.51873989471744,-529.4904918063702,174.0051657135383,0,0,0.0,-77.2917,0.0,0.0
59.04999999999878,-425.51873989471744,-529.4904918063702,174.0051657135383,0,0,0.0,-77.2917,0.0,0.0
59.09999999999878,-425.51873989471744,-529.4904918063702,174.0051657135383,0,0,0.0,-77.2917,0.0,0.0
59.149999999998776,-425.51873989471744,-529.4904918063702,174.0051657135383,0,0,0.0,-77.2917,0.0,0.0
59.199999999998774,-425.51873989471744,-529.4904918063702,174.0051657135383,0,0,0.0,-77.2917,0.0,0.0
59.24999999999877,-425.51873989471744,-529.4904918063702,174.0051657135383,0,0,0.0,-77.2917,0.0,0.0
59.29999999999877,-425.51873989471744,-529.4904918063702,174.0051657135383,0,0,0.0,-77.2917,0.0,0.0
59.349999999998765,-425.51873989471744,-529.4904918063702,174.0051657135383,0,0,0.0,-77.2917,0.0,0.0
59.39999999999876,-425.51873989471744,-529.4904918063702,174.0051657135383,0,0,0.0,-77.2917,0.0,0.0
59.44999999999876,-425.51873989471744,-529.4904918063702,174.0051657135383,0,0,0.0,-77.2917,0.0,0.0
59.49999999999876,-425.51873989471744,-529.4904918063702,174.0051657135383,0,0,0.0,-77.2917,0.0,0.0
59.549999999998754,-425.51873989471744,-529.4904918063702,174.0051657135383,0,0,0.0,-77.2917,0.0,0.0
59.59999999999875,-425.51873989471744,-529.4904918063702,174.0051657135383,0,0,0.0,-77.2917,0.0,0.0
59.64999999999875,-425.51873989471744,-529.4904918063702,174.0051657135383,0,0,0.0,-77.2917,0.0,0.0
59.699999999998745,-425.51873989471744,-529.4904918063702,174.0051657135383,0,0,0.0,-77.2917,0.0,0.0
59.74999999999874,-425.51873989471744,-529.4904918063702,174.0051657135383,0,0,0.0,-77.2917,0.0,0.0
59.79999999999874,-425.51873989471744,-529.4904918063702,174.0051657135383,0,0,0.0,-77.2917,0.0,0.0
59.84999999999874,-425.51873989471744,-529.4904918063702,174.0051657135383,0,0,0.0,-77.2917,0.0,0.0
59.899999999998734,-425.51873989471744,-529.4904918063702,174.0051657135383,0,0,0.0,-77.2917,0.0,0.0
59.94999999999873,-425.51873989471744,-529.4904918063702,174.0051657135383,0,0,0.0,-77.2917,0.0,0.0
59.99999999999873,-425.51873989471744,-529.4904918063702,174.0051657135383,0,0,0.0,-77.2917,0.0,0.0
