t,x,y,theta,pwm_l,pwm_r,v_true,v_exp,apf_vx,apf_vy
0.0,6.4189275,0.0,-2.687587453565044,105,66,128.37855,399.0,283.0188679245283,-283.0188679245283
0.05,12.770723191249491,-0.29816398294294183,-5.30626240832072,104,66,127.17579999999998,396.6666666666667,279.71360381861575,-286.3961813842482
0.1,19.16214299472172,-0.8917826703503435,-7.71819986664832,103,68,128.37855000000002,399.0,277.29468599033817,-288.8888888888889
0.15000000000000002,25.46332610475187,-1.745774285046151,-10.061224826166551,102,68,127.17580000000001,396.66666666666674,273.83863080684597,-292.4205378973105
0.2,31.78354099300465,-2.8671636093061004,-12.335337286875415,102,69,128.37855,399.0,271.28712871287127,-295.0495049504951
0.25,37.995531977874734,-4.22561061526284,-14.540537248774939,101,69,127.17579999999998,396.6666666666667,268.0,-297.0
0.3,44.03422891521448,-5.791882847088642,-16.607912213055727,99,69,124.77029999999999,392.0,262.0,-295.0
0.35,49.83960624039242,-7.523413965150345,-18.606374678527175,97,68,121.16205,385.0,255.0,-294.0
0.39999999999999997,55.5240751059584,-9.437153199642864,-20.535924645189255,96,68,119.95930000000001,382.6666666666667,250.0,-292.0
0.44999999999999996,60.971936246017556,-11.47791925406695,-22.396562113041966,94,67,116.35104999999999,375.6666666666667,244.0,-290.0
0.49999999999999994,66.29506308273147,-13.671580158236315,-24.18828708208531,93,67,115.1483,373.33333333333337,239.0,-288.0
0.5499999999999999,71.38242649826665,-15.956681986006886,-25.911099552319314,91,66,111.54004999999998,366.33333333333337,233.0,-286.0
0.6,76.34469840044207,-18.36741983925959,-27.56499952374395,90,66,110.3373,364.0,228.0,-284.0
0.65,81.0753911215317,-20.836887729997574,-29.149986996359218,88,65,106.72904999999997,357.0,223.0,-281.0
0.7000000000000001,85.6309271871141,-23.377674786538186,-30.597149471355777,86,65,104.32354999999998,352.33333333333337,218.0,-279.0
0.7500000000000001,90.01731368459498,-25.971481985275897,-32.04431194635234,85,64,101.91805,347.6666666666667,214.0,-276.0
0.8000000000000002,94.18386983975236,-28.57951797927983,-33.42256192253953,83,63,98.3098,340.6666666666667,209.0,-274.0
0.8500000000000002,98.23629769943199,-31.25389198852921,-34.73189939991738,82,63,97.10705,338.33333333333337,205.0,-271.0
0.9000000000000002,102.12771208215369,-33.95164161237366,-36.041236877295205,81,62,94.70154999999998,333.6666666666667,201.0,-268.0
0.9500000000000003,105.85921251574734,-36.66684079992817,-37.21274935705432,79,62,92.29605,329.0,197.0,-266.0
1.0000000000000002,109.43863337995413,-39.38502470193653,-38.38426183681344,78,61,89.89054999999999,324.33333333333337,194.0,-263.0
1.0500000000000003,112.86745264435585,-42.10114019760748,-39.55577431657255,77,60,87.48504999999999,319.6666666666667,190.0,-260.0
1.1000000000000003,116.14729069620962,-44.81019666141888,-40.58946179871293,75,60,85.07954999999998,315.0,187.0,-257.0
1.1500000000000004,119.28638712588243,-47.49972635333933,-41.62314928085334,74,59,82.67405,310.33333333333337,183.0,-255.0
1.2000000000000004,122.33149828467982,-50.20550347642108,-42.58792426418438,73,59,81.47129999999999,308.0,180.0,-252.0
1.2500000000000004,125.24206744713942,-52.88077710254594,-43.55269924751542,72,58,79.0658,303.33333333333337,177.0,-249.0
1.3000000000000005,128.06359442105446,-55.5632427451453,-44.44856173203709,71,58,77.86305,301.0,174.0,-247.0
1.3500000000000005,130.71404308007374,-58.16315816944336,-45.275511717749396,69,57,74.25479999999999,294.0,171.0,-244.0
1.4000000000000006,133.28437374326043,-60.75832777948592,-46.03354920465236,68,57,73.05205,291.6666666666667,169.0,-241.0
1.4500000000000006,135.77839603355824,-63.343991638482805,-46.722674192745956,67,57,71.84929999999999,289.33333333333337,166.0,-239.0
1.5000000000000007,138.158687454446,-65.87189910272039,-47.41179918083955,66,56,69.4438,284.6666666666667,164.0,-236.0
1.5500000000000007,140.46770652440256,-68.38397656914798,-48.169836667742516,66,55,68.24105,282.33333333333337,161.0,-234.0
1.6000000000000008,142.6630746848683,-70.83676228125564,-48.79004915702674,64,55,65.83555,277.6666666666667,159.0,-231.0
1.6500000000000008,144.79214415628346,-73.26792666802342,-49.47917414512034,64,54,64.63279999999999,275.33333333333337,157.0,-229.0
1.7000000000000008,146.8527467075286,-75.67880726094133,-50.099386634404595,63,54,63.430049999999994,273.0,155.0,-226.0
1.7500000000000009,148.80998052192322,-78.01958171666033,-50.581774126070115,61,54,61.02454999999999,268.33333333333337,153.0,-224.0
1.800000000000001,150.70925174959083,-80.33029333688773,-51.133074116545004,61,53,59.821799999999996,266.0,151.0,-221.0
1.850000000000001,152.5484646280351,-82.61234910855963,-51.61546160821052,60,53,58.61904999999999,263.6666666666667,149.0,-219.0
1.900000000000001,154.29371624034832,-84.8155297227455,-52.09784909987604,59,52,56.21354999999999,259.0,147.0,-217.0
1.950000000000001,155.98341373115673,-86.98587363124382,-52.511324092732195,58,52,55.010799999999996,256.6666666666667,145.0,-215.0
2.000000000000001,157.6574050733581,-89.16835462264669,-52.92479908558835,58,52,55.010799999999996,256.6666666666667,144.0,-213.0
2.0500000000000007,159.24309377620418,-91.26689823856017,-53.3382740784445,57,51,52.605299999999986,252.0,142.0,-210.0
2.1000000000000005,160.77768971599372,-93.32858945400386,-53.6828365724913,56,51,51.40254999999999,249.66666666666669,140.0,-208.0
2.1500000000000004,162.22862606659723,-95.30256031960792,-54.027399066538095,55,50,48.99705,245.0,139.0,-206.0
2.2,163.63234061897796,-97.23655184923248,-54.30304906177554,54,50,47.79429999999999,242.66666666666669,137.0,-204.0
2.25,164.99164441839355,-99.12843570121721,-54.64761155582234,54,49,46.59154999999999,240.33333333333337,136.0,-202.0
2.3,166.30475061507934,-100.97941112780325,-54.92326155105977,53,49,45.388799999999996,238.0,135.0,-200.0
2.3499999999999996,167.60893660697454,-102.83668246289253,-55.19891154629721,53,49,45.388799999999996,238.0,133.0,-199.0
2.3999999999999995,168.86984998252964,-104.65082551013342,-55.40564904272529,52,49,44.186049999999994,235.66666666666669,132.0,-197.0
2.4499999999999993,170.05592163744635,-106.37049696862756,-55.61238653915336,51,48,41.78054999999999,231.0,131.0,-195.0
2.499999999999999,171.2357805802846,-108.09443686629245,-55.81912403558144,51,48,41.78054999999999,231.0,129.0,-193.0
2.549999999999999,172.34184007863118,-109.72312308296328,-56.025861532009515,50,47,39.375049999999995,226.33333333333334,128.0,-191.0
2.5999999999999988,173.44201568254303,-111.35578962785645,-56.23259902843759,50,47,39.375049999999995,226.33333333333334,127.0,-190.0
2.6499999999999986,174.50286727901465,-112.9424228899837,-56.37042402605631,49,47,38.17229999999999,224.0,126.0,-188.0
2.6999999999999984,175.52659372746558,-114.4815308221146,-56.5771615224844,49,46,36.96954999999999,221.66666666666669,125.0,-187.0
2.7499999999999982,176.5116354924047,-115.97413012431385,-56.714986520103125,48,46,35.76679999999999,219.33333333333334,124.0,-185.0
2.799999999999998,177.49308396324867,-117.46909462378467,-56.85281151772185,48,46,35.76679999999999,219.33333333333334,123.0,-184.0
2.849999999999998,178.43805077408683,-118.91606442561904,-57.05954901414992,48,45,34.564049999999995,217.0,122.0,-182.0
2.8999999999999977,179.34508962270118,-120.31596491184274,-57.197374011768645,47,45,33.36129999999999,214.66666666666669,121.0,-181.0
2.9499999999999975,180.21617909542942,-121.66749514670924,-57.266286510578,46,45,32.15854999999999,212.33333333333334,120.0,-179.0
2.9999999999999973,181.08564238549738,-123.02007210661965,-57.33519900938737,46,45,32.15854999999999,212.33333333333334,119.0,-178.0
3.049999999999997,181.92102062842656,-124.32306753076378,-57.47302400700609,46,44,30.95579999999999,210.0,118.0,-176.0
3.099999999999997,182.75326210195794,-125.62806868548905,-57.61084900462481,46,44,30.95579999999999,210.0,118.0,-175.0
3.149999999999997,183.51793465264652,-126.8335042770693,-57.74867400224353,45,43,28.550299999999993,205.33333333333334,117.0,-174.0
3.1999999999999966,184.2797053184549,-128.04077579911348,-57.886498999862255,45,43,28.550299999999993,205.33333333333334,116.0,-173.0
3.2499999999999964,185.03856969145235,-129.2498762658325,-58.02432399748098,45,43,28.550299999999993,205.33333333333334,115.0,-171.0
3.2999999999999963,185.76267701465406,-130.40978566401492,-58.09323649629033,44,43,27.34754999999999,203.0,114.0,-170.0
3.349999999999996,186.45360374646856,-131.51951385995486,-58.09323649629033,43,43,26.14479999999999,200.66666666666669,114.0,-169.0
3.399999999999996,187.11274549133768,-132.57819077274607,-58.1621489950997,43,42,24.942049999999995,198.33333333333334,113.0,-168.0
3.4499999999999957,187.77061343609728,-133.63765970233487,-58.23106149390907,43,42,24.942049999999995,198.33333333333334,112.0,-167.0
3.4999999999999956,188.42720662907072,-134.69791911608567,-58.299973992718435,43,42,24.942049999999995,198.33333333333334,112.0,-166.0
3.5499999999999954,189.05092354578437,-135.70780184147026,-58.299973992718435,42,42,23.7393,196.0,111.0,-165.0
3.599999999999995,189.64303988785693,-136.66651892810577,-58.3688864915278,42,41,22.53655,193.66666666666669,110.0,-164.0
3.649999999999995,190.2340027049516,-137.6259474890564,-58.43779899033717,42,41,22.53655,193.66666666666669,110.0,-163.0
3.699999999999995,190.82381114217722,-138.58608613640567,-58.50671148914654,42,41,22.53655,193.66666666666669,109.0,-162.0
3.7499999999999947,191.41246434631256,-139.54693348120998,-58.57562398795591,42,41,22.53655,193.66666666666669,109.0,-161.0
3.7999999999999945,191.93725336181888,-140.40585398070928,-58.644536486765276,41,40,20.131049999999995,189.0,108.0,-160.0
3.8499999999999943,192.46100893136168,-141.26540504878446,-58.713448985574644,41,40,20.131049999999995,189.0,108.0,-159.0
3.899999999999994,192.98373029727225,-142.12558544200255,-58.78236148438401,41,40,20.131049999999995,189.0,107.0,-158.0
3.949999999999994,193.47424801992915,-142.9349640406722,-58.78236148438401,40,40,18.928299999999993,186.66666666666669,107.0,-157.0
3.999999999999994,193.96476574258605,-143.74434263934188,-58.78236148438401,40,40,18.928299999999993,186.66666666666669,106.0,-157.0
4.049999999999994,194.42411478179406,-144.50229136266353,-58.85127398319338,40,39,17.72554999999999,184.33333333333334,106.0,-156.0
4.099999999999993,194.88255186614603,-145.2607920196818,-58.92018648200275,40,39,17.72554999999999,184.33333333333334,105.0,-155.0
4.149999999999993,195.3400763324635,-146.01984351314397,-58.989098980812116,40,39,17.72554999999999,184.33333333333334,105.0,-154.0
4.199999999999993,195.79668751888818,-146.7794447450006,-59.058011479621484,40,39,17.72554999999999,184.33333333333334,104.0,-153.0
4.249999999999993,196.22146387032,-147.48801538429092,-59.058011479621484,39,39,16.52279999999999,182.0,104.0,-153.0
4.299999999999993,196.64624022175184,-148.19658602358123,-59.058011479621484,39,39,16.52279999999999,182.0,103.0,-152.0
4.3499999999999925,197.07101657318367,-148.90515666287155,-59.058011479621484,39,39,16.52279999999999,182.0,103.0,-151.0
4.399999999999992,197.4957929246155,-149.61372730216186,-59.058011479621484,39,39,16.52279999999999,182.0,102.0,-151.0
4.449999999999992,197.85872748692142,-150.21913947722015,-59.058011479621484,38,38,14.117299999999986,177.33333333333334,102.0,-150.0
4.499999999999992,198.22166204922735,-150.82455165227844,-59.058011479621484,38,38,14.117299999999986,177.33333333333334,102.0,-149.0
4.549999999999992,198.58459661153327,-151.42996382733673,-59.058011479621484,38,38,14.117299999999986,177.33333333333334,101.0,-149.0
4.599999999999992,198.9475311738392,-152.03537600239503,-59.058011479621484,38,38,14.117299999999986,177.33333333333334,101.0,-148.0
4.6499999999999915,199.31046573614512,-152.64078817745332,-59.058011479621484,38,38,14.117299999999986,177.33333333333334,101.0,-147.0
4.699999999999991,199.61155850932516,-153.14304188827958,-59.058011479621484,37,37,11.711799999999997,172.66666666666669,100.0,-147.0
4.749999999999991,199.9126512825052,-153.64529559910585,-59.058011479621484,37,37,11.711799999999997,172.66666666666669,100.0,-146.0
4.799999999999991,200.21374405568525,-154.14754930993212,-59.058011479621484,37,37,11.711799999999997,172.66666666666669,100.0,-146.0
4.849999999999991,200.5148368288653,-154.64980302075838,-59.058011479621484,37,37,11.711799999999997,172.66666666666669,99.0,-145.0
4.899999999999991,200.81592960204534,-155.15205673158465,-59.058011479621484,37,37,11.711799999999997,172.66666666666669,99.0,-145.0
4.94999999999999,201.1170223752254,-155.65431044241092,-59.058011479621484,37,37,11.711799999999997,172.66666666666669,99.0,-144.0
4.99999999999999,201.41811514840543,-156.15656415323718,-59.058011479621484,37,37,11.711799999999997,172.66666666666669,98.0,-144.0
5.04999999999999,201.71920792158548,-156.65881786406345,-59.058011479621484,37,37,11.711799999999997,172.66666666666669,98.0,-143.0
5.09999999999999,202.02030069476552,-157.16107157488972,-59.058011479621484,37,37,11.711799999999997,172.66666666666669,98.0,-143.0
5.14999999999999,202.2595516788197,-157.56016682148396,-59.058011479621484,36,36,9.306299999999993,168.0,97.0,-142.0
5.1999999999999895,202.49880266287386,-157.9592620680782,-59.058011479621484,36,36,9.306299999999993,168.0,97.0,-142.0
5.249999999999989,202.73805364692802,-158.35835731467245,-59.058011479621484,36,36,9.306299999999993,168.0,97.0,-142.0
5.299999999999989,202.9773046309822,-158.7574525612667,-59.058011479621484,36,36,9.306299999999993,168.0,97.0,-141.0
5.349999999999989,203.21655561503636,-159.15654780786093,-59.058011479621484,36,36,9.306299999999993,168.0,97.0,-141.0
5.399999999999989,203.45580659909052,-159.55564305445517,-59.058011479621484,36,36,9.306299999999993,168.0,96.0,-140.0
5.449999999999989,203.6950575831447,-159.95473830104942,-59.058011479621484,36,36,9.306299999999993,168.0,96.0,-140.0
5.4999999999999885,203.93430856719885,-160.35383354764366,-59.058011479621484,36,36,9.306299999999993,168.0,96.0,-140.0
5.549999999999988,204.14263865669005,-160.7013495621219,-58.989098980812116,35,36,8.103549999999991,165.66666666666669,96.0,-139.0
5.599999999999988,204.35138657028097,-161.0486147562858,-59.058011479621484,36,35,8.103549999999991,165.66666666666669,95.0,-139.0
5.649999999999988,204.52879576520922,-161.344551538648,-59.058011479621484,35,35,6.90079999999999,163.33333333333334,95.0,-138.0
5.699999999999988,204.70620496013748,-161.64048832101022,-59.058011479621484,35,35,6.90079999999999,163.33333333333334,95.0,-138.0
5.749999999999988,204.88361415506574,-161.93642510337244,-59.058011479621484,35,35,6.90079999999999,163.33333333333334,95.0,-138.0
5.799999999999987,205.061023349994,-162.23236188573466,-59.058011479621484,35,35,6.90079999999999,163.33333333333334,95.0,-138.0
5.849999999999987,205.23843254492226,-162.52829866809688,-59.058011479621484,35,35,6.90079999999999,163.33333333333334,94.0,-137.0
5.899999999999987,205.41584173985052,-162.8242354504591,-59.058011479621484,35,35,6.90079999999999,163.33333333333334,94.0,-137.0
5.949999999999987,205.59325093477878,-163.12017223282132,-59.058011479621484,35,35,6.90079999999999,163.33333333333334,94.0,-137.0
5.999999999999987,205.7397392351441,-163.36452978306752,-58.989098980812116,34,35,5.698049999999995,161.0,94.0,-136.0
6.0499999999999865,205.9175042396308,-163.66025297251983,-58.989098980812116,35,35,6.90079999999999,163.33333333333334,94.0,-136.0
6.099999999999986,206.0952692441175,-163.95597616197213,-58.989098980812116,35,35,6.90079999999999,163.33333333333334,94.0,-136.0
6.149999999999986,206.2420513395,-164.20015734671284,-59.058011479621484,35,34,5.698049999999995,161.0,93.0,-136.0
6.199999999999986,206.35761874530237,-164.39293566484304,-59.058011479621484,34,34,4.4953,158.66666666666669,93.0,-135.0
6.249999999999986,206.47318615110476,-164.58571398297323,-59.058011479621484,34,34,4.4953,158.66666666666669,93.0,-135.0
6.299999999999986,206.58875355690714,-164.77849230110343,-59.058011479621484,34,34,4.4953,158.66666666666669,93.0,-135.0
6.349999999999985,206.70432096270952,-164.97127061923362,-59.058011479621484,34,34,4.4953,158.66666666666669,93.0,-135.0
6.399999999999985,206.8198883685119,-165.16404893736382,-59.058011479621484,34,34,4.4953,158.66666666666669,93.0,-135.0
6.449999999999985,206.96637666887722,-165.40840648761002,-58.989098980812116,34,35,5.698049999999995,161.0,93.0,-134.0
6.499999999999985,207.0821758551555,-165.60104566763914,-58.989098980812116,34,34,4.4953,158.66666666666669,93.0,-134.0
6.549999999999985,207.228957950538,-165.84522685237985,-59.058011479621484,35,34,5.698049999999995,161.0,92.0,-134.0
6.5999999999999845,207.34452535634037,-166.03800517051005,-59.058011479621484,34,34,4.4953,158.66666666666669,92.0,-134.0
6.649999999999984,207.46009276214275,-166.23078348864024,-59.058011479621484,34,34,4.4953,158.66666666666669,92.0,-133.0
6.699999999999984,207.57566016794513,-166.42356180677044,-59.058011479621484,34,34,4.4953,158.66666666666669,92.0,-133.0
6.749999999999984,207.6912275737475,-166.61634012490063,-59.058011479621484,34,34,4.4953,158.66666666666669,92.0,-133.0
6.799999999999984,207.8067949795499,-166.80911844303083,-59.058011479621484,34,34,4.4953,158.66666666666669,92.0,-133.0
6.849999999999984,207.92236238535227,-167.00189676116102,-59.058011479621484,34,34,4.4953,158.66666666666669,92.0,-133.0
6.8999999999999835,208.0070088965917,-167.1430958471752,-58.989098980812116,33,34,3.2925499999999985,156.33333333333334,92.0,-132.0
6.949999999999983,208.12280808287,-167.33573502720432,-58.989098980812116,34,34,4.4953,158.66666666666669,91.0,-132.0
6.999999999999983,208.23860726914828,-167.52837420723344,-58.989098980812116,34,34,4.4953,158.66666666666669,91.0,-132.0
7.049999999999983,208.35440645542656,-167.72101338726256,-58.989098980812116,34,34,4.4953,158.66666666666669,91.0,-132.0
7.099999999999983,208.47020564170484,-167.91365256729168,-58.989098980812116,34,34,4.4953,158.66666666666669,91.0,-132.0
7.149999999999983,208.58600482798312,-168.1062917473208,-58.989098980812116,34,34,4.4953,158.66666666666669,91.0,-132.0
7.199999999999982,208.7018040142614,-168.29893092734991,-58.989098980812116,34,34,4.4953,158.66666666666669,91.0,-131.0
7.249999999999982,208.81760320053968,-168.49157010737903,-58.989098980812116,34,34,4.4953,158.66666666666669,91.0,-131.0
7.299999999999982,208.93340238681796,-168.68420928740815,-58.989098980812116,34,34,4.4953,158.66666666666669,91.0,-131.0
7.349999999999982,209.04920157309624,-168.87684846743727,-58.989098980812116,34,34,4.4953,158.66666666666669,91.0,-131.0
7.399999999999982,209.13401785027028,-169.0179456427548,-59.058011479621484,34,33,3.2925499999999985,156.33333333333334,90.0,-131.0
7.4499999999999815,209.21866436150972,-169.15914472876898,-58.989098980812116,33,34,3.2925499999999985,156.33333333333334,90.0,-130.0
7.499999999999981,209.27249772957956,-169.2486998993749,-58.989098980812116,33,33,2.0897999999999968,154.0,90.0,-130.0
7.549999999999981,209.3263310976494,-169.33825506998085,-58.989098980812116,33,33,2.0897999999999968,154.0,90.0,-130.0
7.599999999999981,209.38016446571922,-169.42781024058678,-58.989098980812116,33,33,2.0897999999999968,154.0,90.0,-130.0
7.649999999999981,209.43399783378905,-169.5173654111927,-58.989098980812116,33,33,2.0897999999999968,154.0,90.0,-130.0
7.699999999999981,209.48783120185888,-169.60692058179865,-58.989098980812116,33,33,2.0897999999999968,154.0,90.0,-130.0
7.7499999999999805,209.5416645699287,-169.69647575240458,-58.989098980812116,33,33,2.0897999999999968,154.0,90.0,-130.0
7.79999999999998,209.59549793799854,-169.78603092301051,-58.989098980812116,33,33,2.0897999999999968,154.0,90.0,-130.0
7.84999999999998,209.64933130606838,-169.87558609361645,-58.989098980812116,33,33,2.0897999999999968,154.0,90.0,-130.0
7.89999999999998,209.7031646741382,-169.96514126422238,-58.989098980812116,33,33,2.0897999999999968,154.0,90.0,-130.0
7.94999999999998,209.75699804220804,-170.05469643482832,-58.989098980812116,33,33,2.0897999999999968,154.0,90.0,-130.0
7.99999999999998,209.81083141027787,-170.14425160543425,-58.989098980812116,33,33,2.0897999999999968,154.0,90.0,-129.0
8.04999999999998,209.8646647783477,-170.23380677604018,-58.989098980812116,33,33,2.0897999999999968,154.0,90.0,-129.0
8.09999999999998,209.91849814641753,-170.32336194664612,-58.989098980812116,33,33,2.0897999999999968,154.0,90.0,-129.0
8.14999999999998,209.97233151448737,-170.41291711725205,-58.989098980812116,33,33,2.0897999999999968,154.0,90.0,-129.0
8.199999999999982,210.0261648825572,-170.50247228785798,-58.989098980812116,33,33,2.0897999999999968,154.0,90.0,-129.0
8.249999999999982,210.07999825062703,-170.59202745846392,-58.989098980812116,33,33,2.0897999999999968,154.0,89.0,-129.0
8.299999999999983,210.13383161869686,-170.68158262906985,-58.989098980812116,33,33,2.0897999999999968,154.0,89.0,-129.0
8.349999999999984,210.1876649867667,-170.77113779967578,-58.989098980812116,33,33,2.0897999999999968,154.0,89.0,-129.0
8.399999999999984,210.24149835483652,-170.86069297028172,-58.989098980812116,33,33,2.0897999999999968,154.0,89.0,-129.0
8.449999999999985,210.29533172290635,-170.95024814088765,-58.989098980812116,33,33,2.0897999999999968,154.0,89.0,-129.0
8.499999999999986,210.3491650909762,-171.03980331149359,-58.989098980812116,33,33,2.0897999999999968,154.0,89.0,-129.0
8.549999999999986,210.40299845904602,-171.12935848209952,-58.989098980812116,33,33,2.0897999999999968,154.0,89.0,-128.0
8.599999999999987,210.45683182711585,-171.21891365270545,-58.989098980812116,33,33,2.0897999999999968,154.0,89.0,-128.0
8.649999999999988,210.51066519518568,-171.3084688233114,-58.989098980812116,33,33,2.0897999999999968,154.0,89.0,-128.0
8.699999999999989,210.5644985632555,-171.39802399391732,-58.989098980812116,33,33,2.0897999999999968,154.0,89.0,-128.0
8.74999999999999,210.61833193132534,-171.48757916452325,-58.989098980812116,33,33,2.0897999999999968,154.0,89.0,-128.0
8.79999999999999,210.67216529939517,-171.5771343351292,-58.989098980812116,33,33,2.0897999999999968,154.0,89.0,-128.0
8.84999999999999,210.725998667465,-171.66668950573512,-58.989098980812116,33,33,2.0897999999999968,154.0,89.0,-128.0
8.899999999999991,210.77983203553484,-171.75624467634105,-58.989098980812116,33,33,2.0897999999999968,154.0,89.0,-128.0
8.949999999999992,210.83366540360467,-171.845799846947,-58.989098980812116,33,33,2.0897999999999968,154.0,89.0,-128.0
8.999999999999993,210.8874987716745,-171.93535501755292,-58.989098980812116,33,33,2.0897999999999968,154.0,89.0,-128.0
9.049999999999994,210.94133213974433,-172.02491018815886,-58.989098980812116,33,33,2.0897999999999968,154.0,89.0,-128.0
9.099999999999994,210.99516550781416,-172.1144653587648,-58.989098980812116,33,33,2.0897999999999968,154.0,89.0,-127.0
9.149999999999995,211.048998875884,-172.20402052937072,-58.989098980812116,33,33,2.0897999999999968,154.0,89.0,-127.0
9.199999999999996,211.10283224395383,-172.29357569997666,-58.989098980812116,33,33,2.0897999999999968,154.0,88.0,-127.0
9.249999999999996,211.15666561202366,-172.3831308705826,-58.989098980812116,33,33,2.0897999999999968,154.0,88.0,-127.0
9.299999999999997,211.2104989800935,-172.47268604118852,-58.989098980812116,33,33,2.0897999999999968,154.0,88.0,-127.0
9.349999999999998,211.26433234816332,-172.56224121179446,-58.989098980812116,33,33,2.0897999999999968,154.0,88.0,-127.0
9.399999999999999,211.31816571623315,-172.6517963824004,-58.989098980812116,33,33,2.0897999999999968,154.0,88.0,-127.0
9.45,211.37199908430298,-172.74135155300633,-58.989098980812116,33,33,2.0897999999999968,154.0,88.0,-127.0
9.5,211.42583245237282,-172.83090672361226,-58.989098980812116,33,33,2.0897999999999968,154.0,88.0,-127.0
9.55,211.47966582044265,-172.9204618942182,-58.989098980812116,33,33,2.0897999999999968,154.0,88.0,-127.0
9.600000000000001,211.53349918851248,-173.01001706482413,-58.989098980812116,33,33,2.0897999999999968,154.0,88.0,-127.0
9.650000000000002,211.5253667383739,-172.99648822600687,-58.989098980812116,32,32,-0.31570000000000675,149.33333333333334,88.0,-126.0
9.700000000000003,211.57920010644372,-173.0860433966128,-58.989098980812116,33,33,2.0897999999999968,154.0,88.0,-127.0
9.750000000000004,211.57106765630513,-173.07251455779556,-58.989098980812116,32,32,-0.31570000000000675,149.33333333333334,88.0,-126.0
9.800000000000004,211.56293520616654,-173.0589857189783,-58.989098980812116,32,32,-0.31570000000000675,149.33333333333334,88.0,-126.0
9.850000000000005,211.55480275602795,-173.04545688016105,-58.989098980812116,32,32,-0.31570000000000675,149.33333333333334,88.0,-126.0
9.900000000000006,211.54667030588936,-173.0319280413438,-58.989098980812116,32,32,-0.31570000000000675,149.33333333333334,88.0,-126.0
9.950000000000006,211.53853785575077,-173.01839920252655,-58.989098980812116,32,32,-0.31570000000000675,149.33333333333334,88.0,-126.0
10.000000000000007,211.53040540561219,-173.0048703637093,-58.989098980812116,32,32,-0.31570000000000675,149.33333333333334,88.0,-126.0
10.050000000000008,211.5222729554736,-172.99134152489205,-58.989098980812116,32,32,-0.31570000000000675,149.33333333333334,88.0,-126.0
10.100000000000009,211.57610632354343,-173.08089669549798,-58.989098980812116,33,33,2.0897999999999968,154.0,88.0,-127.0
10.15000000000001,211.56797387340484,-173.06736785668073,-58.989098980812116,32,32,-0.31570000000000675,149.33333333333334,88.0,-126.0
10.20000000000001,211.55984142326625,-173.05383901786348,-58.989098980812116,32,32,-0.31570000000000675,149.33333333333334,88.0,-126.0
10.25000000000001,211.55170897312766,-173.04031017904623,-58.989098980812116,32,32,-0.31570000000000675,149.33333333333334,88.0,-126.0
10.300000000000011,211.54357652298907,-173.02678134022898,-58.989098980812116,32,32,-0.31570000000000675,149.33333333333334,88.0,-126.0
10.350000000000012,211.53544407285048,-173.01325250141173,-58.989098980812116,32,32,-0.31570000000000675,149.33333333333334,88.0,-126.0
10.400000000000013,211.5273116227119,-172.99972366259448,-58.989098980812116,32,32,-0.31570000000000675,149.33333333333334,88.0,-126.0
10.450000000000014,211.58114499078172,-173.0892788332004,-58.989098980812116,33,33,2.0897999999999968,154.0,88.0,-127.0
10.500000000000014,211.57301254064313,-173.07574999438316,-58.989098980812116,32,32,-0.31570000000000675,149.33333333333334,88.0,-126.0
10.550000000000015,211.56488009050454,-173.0622211555659,-58.989098980812116,32,32,-0.31570000000000675,149.33333333333334,88.0,-126.0
10.600000000000016,211.55674764036596,-173.04869231674866,-58.989098980812116,32,32,-0.31570000000000675,149.33333333333334,88.0,-126.0
10.650000000000016,211.54861519022737,-173.0351634779314,-58.989098980812116,32,32,-0.31570000000000675,149.33333333333334,88.0,-126.0
10.700000000000017,211.54048274008878,-173.02163463911415,-58.989098980812116,32,32,-0.31570000000000675,149.33333333333334,88.0,-126.0
10.750000000000018,211.5323502899502,-173.0081058002969,-58.989098980812116,32,32,-0.31570000000000675,149.33333333333334,88.0,-126.0
10.800000000000018,211.5242178398116,-172.99457696147965,-58.989098980812116,32,32,-0.31570000000000675,149.33333333333334,88.0,-126.0
10.85000000000002,211.57805120788143,-173.08413213208559,-58.989098980812116,33,33,2.0897999999999968,154.0,88.0,-127.0
10.90000000000002,211.56991875774284,-173.07060329326833,-58.989098980812116,32,32,-0.31570000000000675,149.33333333333334,88.0,-126.0
10.95000000000002,211.56178630760425,-173.05707445445108,-58.989098980812116,32,32,-0.31570000000000675,149.33333333333334,88.0,-126.0
11.000000000000021,211.55365385746566,-173.04354561563383,-58.989098980812116,32,32,-0.31570000000000675,149.33333333333334,88.0,-126.0
11.050000000000022,211.54552140732707,-173.03001677681658,-58.989098980812116,32,32,-0.31570000000000675,149.33333333333334,88.0,-126.0
11.100000000000023,211.53738895718848,-173.01648793799933,-58.989098980812116,32,32,-0.31570000000000675,149.33333333333334,88.0,-126.0
11.150000000000023,211.5292565070499,-173.00295909918208,-58.989098980812116,32,32,-0.31570000000000675,149.33333333333334,88.0,-126.0
11.200000000000024,211.5211240569113,-172.98943026036483,-58.989098980812116,32,32,-0.31570000000000675,149.33333333333334,88.0,-126.0
11.250000000000025,211.57495742498114,-173.07898543097076,-58.989098980812116,33,33,2.0897999999999968,154.0,88.0,-127.0
11.300000000000026,211.56682497484255,-173.0654565921535,-58.989098980812116,32,32,-0.31570000000000675,149.33333333333334,88.0,-126.0
11.350000000000026,211.55869252470396,-173.05192775333626,-58.989098980812116,32,32,-0.31570000000000675,149.33333333333334,88.0,-126.0
11.400000000000027,211.55056007456537,-173.038398914519,-58.989098980812116,32,32,-0.31570000000000675,149.33333333333334,88.0,-126.0
11.450000000000028,211.54242762442678,-173.02487007570176,-58.989098980812116,32,32,-0.31570000000000675,149.33333333333334,88.0,-126.0
11.500000000000028,211.5342951742882,-173.0113412368845,-58.989098980812116,32,32,-0.31570000000000675,149.33333333333334,88.0,-126.0
11.55000000000003,211.5261627241496,-172.99781239806725,-58.989098980812116,32,32,-0.31570000000000675,149.33333333333334,88.0,-126.0
11.60000000000003,211.57999609221943,-173.0873675686732,-58.989098980812116,33,33,2.0897999999999968,154.0,88.0,-127.0
11.65000000000003,211.57186364208084,-173.07383872985594,-58.989098980812116,32,32,-0.31570000000000675,149.33333333333334,88.0,-126.0
11.700000000000031,211.56373119194225,-173.06030989103868,-58.989098980812116,32,32,-0.31570000000000675,149.33333333333334,88.0,-126.0
11.750000000000032,211.55559874180366,-173.04678105222143,-58.989098980812116,32,32,-0.31570000000000675,149.33333333333334,88.0,-126.0
11.800000000000033,211.54746629166507,-173.03325221340418,-58.989098980812116,32,32,-0.31570000000000675,149.33333333333334,88.0,-126.0
11.850000000000033,211.53933384152649,-173.01972337458693,-58.989098980812116,32,32,-0.31570000000000675,149.33333333333334,88.0,-126.0
11.900000000000034,211.5312013913879,-173.00619453576968,-58.989098980812116,32,32,-0.31570000000000675,149.33333333333334,88.0,-126.0
11.950000000000035,211.5230689412493,-172.99266569695243,-58.989098980812116,32,32,-0.31570000000000675,149.33333333333334,88.0,-126.0
12.000000000000036,211.57690230931914,-173.08222086755836,-58.989098980812116,33,33,2.0897999999999968,154.0,88.0,-127.0
12.050000000000036,211.56876985918055,-173.0686920287411,-58.989098980812116,32,32,-0.31570000000000675,149.33333333333334,88.0,-126.0
12.100000000000037,211.56063740904196,-173.05516318992386,-58.989098980812116,32,32,-0.31570000000000675,149.33333333333334,88.0,-126.0
12.150000000000038,211.55250495890337,-173.0416343511066,-58.989098980812116,32,32,-0.31570000000000675,149.33333333333334,88.0,-126.0
12.200000000000038,211.54437250876478,-173.02810551228936,-58.989098980812116,32,32,-0.31570000000000675,149.33333333333334,88.0,-126.0
12.250000000000039,211.5362400586262,-173.0145766734721,-58.989098980812116,32,32,-0.31570000000000675,149.33333333333334,88.0,-126.0
12.30000000000004,211.5281076084876,-173.00104783465486,-58.989098980812116,32,32,-0.31570000000000675,149.33333333333334,88.0,-126.0
12.35000000000004,211.519975158349,-172.9875189958376,-58.989098980812116,32,32,-0.31570000000000675,149.33333333333334,88.0,-126.0
12.400000000000041,211.57380852641884,-173.07707416644354,-58.989098980812116,33,33,2.0897999999999968,154.0,88.0,-127.0
12.450000000000042,211.56567607628025,-173.0635453276263,-58.989098980812116,32,32,-0.31570000000000675,149.33333333333334,88.0,-126.0
12.500000000000043,211.55754362614167,-173.05001648880904,-58.989098980812116,32,32,-0.31570000000000675,149.33333333333334,88.0,-126.0
12.550000000000043,211.54941117600308,-173.03648764999178,-58.989098980812116,32,32,-0.31570000000000675,149.33333333333334,88.0,-126.0
12.600000000000044,211.5412787258645,-173.02295881117453,-58.989098980812116,32,32,-0.31570000000000675,149.33333333333334,88.0,-126.0
12.650000000000045,211.5331462757259,-173.00942997235728,-58.989098980812116,32,32,-0.31570000000000675,149.33333333333334,88.0,-126.0
12.700000000000045,211.5250138255873,-172.99590113354003,-58.989098980812116,32,32,-0.31570000000000675,149.33333333333334,88.0,-126.0
12.750000000000046,211.57884719365714,-173.08545630414596,-58.989098980812116,33,33,2.0897999999999968,154.0,88.0,-127.0
12.800000000000047,211.57071474351855,-173.0719274653287,-58.989098980812116,32,32,-0.31570000000000675,149.33333333333334,88.0,-126.0
12.850000000000048,211.56258229337996,-173.05839862651146,-58.989098980812116,32,32,-0.31570000000000675,149.33333333333334,88.0,-126.0
12.900000000000048,211.55444984324137,-173.0448697876942,-58.989098980812116,32,32,-0.31570000000000675,149.33333333333334,88.0,-126.0
12.950000000000049,211.54631739310278,-173.03134094887696,-58.989098980812116,32,32,-0.31570000000000675,149.33333333333334,88.0,-126.0
13.00000000000005,211.5381849429642,-173.0178121100597,-58.989098980812116,32,32,-0.31570000000000675,149.33333333333334,88.0,-126.0
13.05000000000005,211.5300524928256,-173.00428327124246,-58.989098980812116,32,32,-0.31570000000000675,149.33333333333334,88.0,-126.0
13.100000000000051,211.52192004268701,-172.9907544324252,-58.989098980812116,32,32,-0.31570000000000675,149.33333333333334,88.0,-126.0
13.150000000000052,211.57575341075685,-173.08030960303114,-58.989098980812116,33,33,2.0897999999999968,154.0,88.0,-127.0
13.200000000000053,211.56762096061826,-173.0667807642139,-58.989098980812116,32,32,-0.31570000000000675,149.33333333333334,88.0,-126.0
13.250000000000053,211.55948851047967,-173.05325192539664,-58.989098980812116,32,32,-0.31570000000000675,149.33333333333334,88.0,-126.0
13.300000000000054,211.55135606034108,-173.0397230865794,-58.989098980812116,32,32,-0.31570000000000675,149.33333333333334,88.0,-126.0
13.350000000000055,211.5432236102025,-173.02619424776213,-58.989098980812116,32,32,-0.31570000000000675,149.33333333333334,88.0,-126.0
13.400000000000055,211.5350911600639,-173.01266540894488,-58.989098980812116,32,32,-0.31570000000000675,149.33333333333334,88.0,-126.0
13.450000000000056,211.5269587099253,-172.99913657012763,-58.989098980812116,32,32,-0.31570000000000675,149.33333333333334,88.0,-126.0
13.500000000000057,211.58079207799514,-173.08869174073357,-58.989098980812116,33,33,2.0897999999999968,154.0,88.0,-127.0
13.550000000000058,211.57265962785655,-173.07516290191631,-58.989098980812116,32,32,-0.31570000000000675,149.33333333333334,88.0,-126.0
13.600000000000058,211.56452717771796,-173.06163406309906,-58.989098980812116,32,32,-0.31570000000000675,149.33333333333334,88.0,-126.0
13.650000000000059,211.55639472757937,-173.0481052242818,-58.989098980812116,32,32,-0.31570000000000675,149.33333333333334,88.0,-126.0
13.70000000000006,211.54826227744078,-173.03457638546456,-58.989098980812116,32,32,-0.31570000000000675,149.33333333333334,88.0,-126.0
13.75000000000006,211.5401298273022,-173.0210475466473,-58.989098980812116,32,32,-0.31570000000000675,149.33333333333334,88.0,-126.0
13.800000000000061,211.5319973771636,-173.00751870783006,-58.989098980812116,32,32,-0.31570000000000675,149.33333333333334,88.0,-126.0
13.850000000000062,211.52386492702502,-172.9939898690128,-58.989098980812116,32,32,-0.31570000000000675,149.33333333333334,88.0,-126.0
13.900000000000063,211.57769829509485,-173.08354503961874,-58.989098980812116,33,33,2.0897999999999968,154.0,88.0,-127.0
13.950000000000063,211.56956584495626,-173.0700162008015,-58.989098980812116,32,32,-0.31570000000000675,149.33333333333334,88.0,-126.0
14.000000000000064,211.56143339481767,-173.05648736198424,-58.989098980812116,32,32,-0.31570000000000675,149.33333333333334,88.0,-126.0
14.050000000000065,211.55330094467908,-173.042958523167,-58.989098980812116,32,32,-0.31570000000000675,149.33333333333334,88.0,-126.0
14.100000000000065,211.5451684945405,-173.02942968434974,-58.989098980812116,32,32,-0.31570000000000675,149.33333333333334,88.0,-126.0
14.150000000000066,211.5370360444019,-173.01590084553249,-58.989098980812116,32,32,-0.31570000000000675,149.33333333333334,88.0,-126.0
14.200000000000067,211.5289035942633,-173.00237200671523,-58.989098980812116,32,32,-0.31570000000000675,149.33333333333334,88.0,-126.0
14.250000000000068,211.52077114412472,-172.98884316789798,-58.989098980812116,32,32,-0.31570000000000675,149.33333333333334,88.0,-126.0
14.300000000000068,211.57460451219455,-173.07839833850392,-58.989098980812116,33,33,2.0897999999999968,154.0,88.0,-127.0
14.350000000000069,211.56647206205596,-173.06486949968667,-58.989098980812116,32,32,-0.31570000000000675,149.33333333333334,88.0,-126.0
14.40000000000007,211.55833961191738,-173.0513406608694,-58.989098980812116,32,32,-0.31570000000000675,149.33333333333334,88.0,-126.0
14.45000000000007,211.5502071617788,-173.03781182205216,-58.989098980812116,32,32,-0.31570000000000675,149.33333333333334,88.0,-126.0
14.500000000000071,211.5420747116402,-173.0242829832349,-58.989098980812116,32,32,-0.31570000000000675,149.33333333333334,88.0,-126.0
14.550000000000072,211.5339422615016,-173.01075414441766,-58.989098980812116,32,32,-0.31570000000000675,149.33333333333334,88.0,-126.0
14.600000000000072,211.52580981136302,-172.9972253056004,-58.989098980812116,32,32,-0.31570000000000675,149.33333333333334,88.0,-126.0
14.650000000000073,211.57964317943285,-173.08678047620634,-58.989098980812116,33,33,2.0897999999999968,154.0,88.0,-127.0
14.700000000000074,211.57151072929426,-173.0732516373891,-58.989098980812116,32,32,-0.31570000000000675,149.33333333333334,88.0,-126.0
14.750000000000075,211.56337827915567,-173.05972279857184,-58.989098980812116,32,32,-0.31570000000000675,149.33333333333334,88.0,-126.0
14.800000000000075,211.55524582901708,-173.0461939597546,-58.989098980812116,32,32,-0.31570000000000675,149.33333333333334,88.0,-126.0
14.850000000000076,211.5471133788785,-173.03266512093734,-58.989098980812116,32,32,-0.31570000000000675,149.33333333333334,88.0,-126.0
14.900000000000077,211.5389809287399,-173.0191362821201,-58.989098980812116,32,32,-0.31570000000000675,149.33333333333334,88.0,-126.0
14.950000000000077,211.5308484786013,-173.00560744330284,-58.989098980812116,32,32,-0.31570000000000675,149.33333333333334,88.0,-126.0
15.000000000000078,211.52271602846272,-172.99207860448558,-58.989098980812116,32,32,-0.31570000000000675,149.33333333333334,88.0,-126.0
15.050000000000079,211.57654939653256,-173.08163377509152,-58.989098980812116,33,33,2.0897999999999968,154.0,88.0,-127.0
15.10000000000008,211.56841694639397,-173.06810493627427,-58.989098980812116,32,32,-0.31570000000000675,149.33333333333334,88.0,-126.0
15.15000000000008,211.56028449625538,-173.05457609745702,-58.989098980812116,32,32,-0.31570000000000675,149.33333333333334,88.0,-126.0
15.200000000000081,211.5521520461168,-173.04104725863976,-58.989098980812116,32,32,-0.31570000000000675,149.33333333333334,88.0,-126.0
15.250000000000082,211.5440195959782,-173.0275184198225,-58.989098980812116,32,32,-0.31570000000000675,149.33333333333334,88.0,-126.0
15.300000000000082,211.5358871458396,-173.01398958100526,-58.989098980812116,32,32,-0.31570000000000675,149.33333333333334,88.0,-126.0
15.350000000000083,211.52775469570102,-173.000460742188,-58.989098980812116,32,32,-0.31570000000000675,149.33333333333334,88.0,-126.0
15.400000000000084,211.51962224556243,-172.98693190337076,-58.989098980812116,32,32,-0.31570000000000675,149.33333333333334,88.0,-126.0
15.450000000000085,211.57345561363226,-173.0764870739767,-58.989098980812116,33,33,2.0897999999999968,154.0,88.0,-127.0
15.500000000000085,211.56532316349367,-173.06295823515944,-58.989098980812116,32,32,-0.31570000000000675,149.33333333333334,88.0,-126.0
15.550000000000086,211.55719071335508,-173.0494293963422,-58.989098980812116,32,32,-0.31570000000000675,149.33333333333334,88.0,-126.0
15.600000000000087,211.5490582632165,-173.03590055752494,-58.989098980812116,32,32,-0.31570000000000675,149.33333333333334,88.0,-126.0
15.650000000000087,211.5409258130779,-173.0223717187077,-58.989098980812116,32,32,-0.31570000000000675,149.33333333333334,88.0,-126.0
15.700000000000088,211.53279336293932,-173.00884287989044,-58.989098980812116,32,32,-0.31570000000000675,149.33333333333334,88.0,-126.0
15.750000000000089,211.52466091280073,-172.9953140410732,-58.989098980812116,32,32,-0.31570000000000675,149.33333333333334,88.0,-126.0
15.80000000000009,211.57849428087056,-173.08486921167912,-58.989098980812116,33,33,2.0897999999999968,154.0,88.0,-127.0
15.85000000000009,211.57036183073197,-173.07134037286187,-58.989098980812116,32,32,-0.31570000000000675,149.33333333333334,88.0,-126.0
15.900000000000091,211.56222938059338,-173.05781153404462,-58.989098980812116,32,32,-0.31570000000000675,149.33333333333334,88.0,-126.0
15.950000000000092,211.5540969304548,-173.04428269522737,-58.989098980812116,32,32,-0.31570000000000675,149.33333333333334,88.0,-126.0
16.000000000000092,211.5459644803162,-173.03075385641012,-58.989098980812116,32,32,-0.31570000000000675,149.33333333333334,88.0,-126.0
16.050000000000093,211.5378320301776,-173.01722501759286,-58.989098980812116,32,32,-0.31570000000000675,149.33333333333334,88.0,-126.0
16.100000000000094,211.52969958003902,-173.0036961787756,-58.989098980812116,32,32,-0.31570000000000675,149.33333333333334,88.0,-126.0
16.150000000000095,211.52156712990043,-172.99016733995836,-58.989098980812116,32,32,-0.31570000000000675,149.33333333333334,88.0,-126.0
16.200000000000095,211.57540049797026,-173.0797225105643,-58.989098980812116,33,33,2.0897999999999968,154.0,88.0,-127.0
16.250000000000096,211.56726804783167,-173.06619367174704,-58.989098980812116,32,32,-0.31570000000000675,149.33333333333334,88.0,-126.0
16.300000000000097,211.55913559769309,-173.0526648329298,-58.989098980812116,32,32,-0.31570000000000675,149.33333333333334,88.0,-126.0
16.350000000000097,211.5510031475545,-173.03913599411254,-58.989098980812116,32,32,-0.31570000000000675,149.33333333333334,88.0,-126.0
16.400000000000098,211.5428706974159,-173.0256071552953,-58.989098980812116,32,32,-0.31570000000000675,149.33333333333334,88.0,-126.0
16.4500000000001,211.53473824727732,-173.01207831647804,-58.989098980812116,32,32,-0.31570000000000675,149.33333333333334,88.0,-126.0
16.5000000000001,211.52660579713873,-172.9985494776608,-58.989098980812116,32,32,-0.31570000000000675,149.33333333333334,88.0,-126.0
16.5500000000001,211.58043916520856,-173.08810464826672,-58.989098980812116,33,33,2.0897999999999968,154.0,88.0,-127.0
16.6000000000001,211.57230671506997,-173.07457580944947,-58.989098980812116,32,32,-0.31570000000000675,149.33333333333334,88.0,-126.0
16.6500000000001,211.56417426493138,-173.06104697063222,-58.989098980812116,32,32,-0.31570000000000675,149.33333333333334,88.0,-126.0
16.700000000000102,211.5560418147928,-173.04751813181497,-58.989098980812116,32,32,-0.31570000000000675,149.33333333333334,88.0,-126.0
16.750000000000103,211.5479093646542,-173.03398929299772,-58.989098980812116,32,32,-0.31570000000000675,149.33333333333334,88.0,-126.0
16.800000000000104,211.5397769145156,-173.02046045418047,-58.989098980812116,32,32,-0.31570000000000675,149.33333333333334,88.0,-126.0
16.850000000000104,211.53164446437702,-173.00693161536321,-58.989098980812116,32,32,-0.31570000000000675,149.33333333333334,88.0,-126.0
16.900000000000105,211.52351201423843,-172.99340277654596,-58.989098980812116,32,32,-0.31570000000000675,149.33333333333334,88.0,-126.0
16.950000000000106,211.57734538230827,-173.0829579471519,-58.989098980812116,33,33,2.0897999999999968,154.0,88.0,-127.0
17.000000000000107,211.56921293216968,-173.06942910833465,-58.989098980812116,32,32,-0.31570000000000675,149.33333333333334,88.0,-126.0
17.050000000000107,211.5610804820311,-173.0559002695174,-58.989098980812116,32,32,-0.31570000000000675,149.33333333333334,88.0,-126.0
17.100000000000108,211.5529480318925,-173.04237143070014,-58.989098980812116,32,32,-0.31570000000000675,149.33333333333334,88.0,-126.0
17.15000000000011,211.5448155817539,-173.0288425918829,-58.989098980812116,32,32,-0.31570000000000675,149.33333333333334,88.0,-126.0
17.20000000000011,211.53668313161532,-173.01531375306564,-58.989098980812116,32,32,-0.31570000000000675,149.33333333333334,88.0,-126.0
17.25000000000011,211.52855068147673,-173.0017849142484,-58.989098980812116,32,32,-0.31570000000000675,149.33333333333334,88.0,-126.0
17.30000000000011,211.52041823133814,-172.98825607543114,-58.989098980812116,32,32,-0.31570000000000675,149.33333333333334,88.0,-126.0
17.35000000000011,211.57425159940797,-173.07781124603707,-58.989098980812116,33,33,2.0897999999999968,154.0,88.0,-127.0
17.400000000000112,211.56611914926938,-173.06428240721982,-58.989098980812116,32,32,-0.31570000000000675,149.33333333333334,88.0,-126.0
17.450000000000113,211.5579866991308,-173.05075356840257,-58.989098980812116,32,32,-0.31570000000000675,149.33333333333334,88.0,-126.0
17.500000000000114,211.5498542489922,-173.03722472958532,-58.989098980812116,32,32,-0.31570000000000675,149.33333333333334,88.0,-126.0
17.550000000000114,211.54172179885362,-173.02369589076807,-58.989098980812116,32,32,-0.31570000000000675,149.33333333333334,88.0,-126.0
17.600000000000115,211.53358934871503,-173.01016705195082,-58.989098980812116,32,32,-0.31570000000000675,149.33333333333334,88.0,-126.0
17.650000000000116,211.52545689857644,-172.99663821313356,-58.989098980812116,32,32,-0.31570000000000675,149.33333333333334,88.0,-126.0
17.700000000000117,211.57929026664627,-173.0861933837395,-58.989098980812116,33,33,2.0897999999999968,154.0,88.0,-127.0
17.750000000000117,211.57115781650768,-173.07266454492225,-58.989098980812116,32,32,-0.31570000000000675,149.33333333333334,88.0,-126.0
17.800000000000118,211.5630253663691,-173.059135706105,-58.989098980812116,32,32,-0.31570000000000675,149.33333333333334,88.0,-126.0
17.85000000000012,211.5548929162305,-173.04560686728774,-58.989098980812116,32,32,-0.31570000000000675,149.33333333333334,88.0,-126.0
17.90000000000012,211.5467604660919,-173.0320780284705,-58.989098980812116,32,32,-0.31570000000000675,149.33333333333334,88.0,-126.0
17.95000000000012,211.53862801595332,-173.01854918965324,-58.989098980812116,32,32,-0.31570000000000675,149.33333333333334,88.0,-126.0
18.00000000000012,211.53049556581473,-173.005020350836,-58.989098980812116,32,32,-0.31570000000000675,149.33333333333334,88.0,-126.0
18.05000000000012,211.52236311567614,-172.99149151201874,-58.989098980812116,32,32,-0.31570000000000675,149.33333333333334,88.0,-126.0
18.100000000000122,211.57619648374597,-173.08104668262467,-58.989098980812116,33,33,2.0897999999999968,154.0,88.0,-127.0
18.150000000000123,211.56806403360738,-173.06751784380742,-58.989098980812116,32,32,-0.31570000000000675,149.33333333333334,88.0,-126.0
18.200000000000124,211.5599315834688,-173.05398900499017,-58.989098980812116,32,32,-0.31570000000000675,149.33333333333334,88.0,-126.0
18.250000000000124,211.5517991333302,-173.04046016617292,-58.989098980812116,32,32,-0.31570000000000675,149.33333333333334,88.0,-126.0
18.300000000000125,211.54366668319162,-173.02693132735567,-58.989098980812116,32,32,-0.31570000000000675,149.33333333333334,88.0,-126.0
18.350000000000126,211.53553423305303,-173.01340248853842,-58.989098980812116,32,32,-0.31570000000000675,149.33333333333334,88.0,-126.0
18.400000000000126,211.52740178291444,-172.99987364972117,-58.989098980812116,32,32,-0.31570000000000675,149.33333333333334,88.0,-126.0
18.450000000000127,211.58123515098427,-173.0894288203271,-58.989098980812116,33,33,2.0897999999999968,154.0,88.0,-127.0
18.500000000000128,211.57310270084568,-173.07589998150985,-58.989098980812116,32,32,-0.31570000000000675,149.33333333333334,88.0,-126.0
18.55000000000013,211.5649702507071,-173.0623711426926,-58.989098980812116,32,32,-0.31570000000000675,149.33333333333334,88.0,-126.0
18.60000000000013,211.5568378005685,-173.04884230387535,-58.989098980812116,32,32,-0.31570000000000675,149.33333333333334,88.0,-126.0
18.65000000000013,211.5487053504299,-173.0353134650581,-58.989098980812116,32,32,-0.31570000000000675,149.33333333333334,88.0,-126.0
18.70000000000013,211.54057290029132,-173.02178462624084,-58.989098980812116,32,32,-0.31570000000000675,149.33333333333334,88.0,-126.0
18.75000000000013,211.53244045015273,-173.0082557874236,-58.989098980812116,32,32,-0.31570000000000675,149.33333333333334,88.0,-126.0
18.800000000000132,211.52430800001414,-172.99472694860634,-58.989098980812116,32,32,-0.31570000000000675,149.33333333333334,88.0,-126.0
18.850000000000133,211.57814136808398,-173.08428211921228,-58.989098980812116,33,33,2.0897999999999968,154.0,88.0,-127.0
18.900000000000134,211.5700089179454,-173.07075328039502,-58.989098980812116,32,32,-0.31570000000000675,149.33333333333334,88.0,-126.0
18.950000000000134,211.5618764678068,-173.05722444157777,-58.989098980812116,32,32,-0.31570000000000675,149.33333333333334,88.0,-126.0
19.000000000000135,211.5537440176682,-173.04369560276052,-58.989098980812116,32,32,-0.31570000000000675,149.33333333333334,88.0,-126.0
19.050000000000136,211.54561156752962,-173.03016676394327,-58.989098980812116,32,32,-0.31570000000000675,149.33333333333334,88.0,-126.0
19.100000000000136,211.53747911739103,-173.01663792512602,-58.989098980812116,32,32,-0.31570000000000675,149.33333333333334,88.0,-126.0
19.150000000000137,211.52934666725244,-173.00310908630877,-58.989098980812116,32,32,-0.31570000000000675,149.33333333333334,88.0,-126.0
19.200000000000138,211.52121421711385,-172.98958024749152,-58.989098980812116,32,32,-0.31570000000000675,149.33333333333334,88.0,-126.0
19.25000000000014,211.57504758518368,-173.07913541809745,-58.989098980812116,33,33,2.0897999999999968,154.0,88.0,-127.0
19.30000000000014,211.5669151350451,-173.0656065792802,-58.989098980812116,32,32,-0.31570000000000675,149.33333333333334,88.0,-126.0
19.35000000000014,211.5587826849065,-173.05207774046295,-58.989098980812116,32,32,-0.31570000000000675,149.33333333333334,88.0,-126.0
19.40000000000014,211.55065023476791,-173.0385489016457,-58.989098980812116,32,32,-0.31570000000000675,149.33333333333334,88.0,-126.0
19.45000000000014,211.54251778462933,-173.02502006282845,-58.989098980812116,32,32,-0.31570000000000675,149.33333333333334,88.0,-126.0
19.500000000000142,211.53438533449074,-173.0114912240112,-58.989098980812116,32,32,-0.31570000000000675,149.33333333333334,88.0,-126.0
19.550000000000143,211.52625288435215,-172.99796238519394,-58.989098980812116,32,32,-0.31570000000000675,149.33333333333334,88.0,-126.0
19.600000000000144,211.58008625242198,-173.08751755579988,-58.989098980812116,33,33,2.0897999999999968,154.0,88.0,-127.0
19.650000000000144,211.5719538022834,-173.07398871698263,-58.989098980812116,32,32,-0.31570000000000675,149.33333333333334,88.0,-126.0
19.700000000000145,211.5638213521448,-173.06045987816537,-58.989098980812116,32,32,-0.31570000000000675,149.33333333333334,88.0,-126.0
19.750000000000146,211.5556889020062,-173.04693103934812,-58.989098980812116,32,32,-0.31570000000000675,149.33333333333334,88.0,-126.0
19.800000000000146,211.54755645186762,-173.03340220053087,-58.989098980812116,32,32,-0.31570000000000675,149.33333333333334,88.0,-126.0
19.850000000000147,211.53942400172903,-173.01987336171362,-58.989098980812116,32,32,-0.31570000000000675,149.33333333333334,88.0,-126.0
19.900000000000148,211.53129155159044,-173.00634452289637,-58.989098980812116,32,32,-0.31570000000000675,149.33333333333334,88.0,-126.0
19.95000000000015,211.52315910145185,-172.99281568407912,-58.989098980812116,32,32,-0.31570000000000675,149.33333333333334,88.0,-126.0
20.00000000000015,211.57699246952168,-173.08237085468505,-58.989098980812116,33,33,2.0897999999999968,154.0,88.0,-127.0
20.05000000000015,211.5688600193831,-173.0688420158678,-58.989098980812116,32,32,-0.31570000000000675,149.33333333333334,88.0,-126.0
20.10000000000015,211.5607275692445,-173.05531317705055,-58.989098980812116,32,32,-0.31570000000000675,149.33333333333334,88.0,-126.0
20.15000000000015,211.55259511910592,-173.0417843382333,-58.989098980812116,32,32,-0.31570000000000675,149.33333333333334,88.0,-126.0
20.200000000000152,211.54446266896733,-173.02825549941605,-58.989098980812116,32,32,-0.31570000000000675,149.33333333333334,88.0,-126.0
20.250000000000153,211.53633021882874,-173.0147266605988,-58.989098980812116,32,32,-0.31570000000000675,149.33333333333334,88.0,-126.0
20.300000000000153,211.52819776869015,-173.00119782178155,-58.989098980812116,32,32,-0.31570000000000675,149.33333333333334,88.0,-126.0
20.350000000000154,211.52006531855156,-172.9876689829643,-58.989098980812116,32,32,-0.31570000000000675,149.33333333333334,88.0,-126.0
20.400000000000155,211.5738986866214,-173.07722415357023,-58.989098980812116,33,33,2.0897999999999968,154.0,88.0,-127.0
20.450000000000156,211.5657662364828,-173.06369531475298,-58.989098980812116,32,32,-0.31570000000000675,149.33333333333334,88.0,-126.0
20.500000000000156,211.5576337863442,-173.05016647593573,-58.989098980812116,32,32,-0.31570000000000675,149.33333333333334,88.0,-126.0
20.550000000000157,211.54950133620562,-173.03663763711847,-58.989098980812116,32,32,-0.31570000000000675,149.33333333333334,88.0,-126.0
20.600000000000158,211.54136888606703,-173.02310879830122,-58.989098980812116,32,32,-0.31570000000000675,149.33333333333334,88.0,-126.0
20.65000000000016,211.53323643592844,-173.00957995948397,-58.989098980812116,32,32,-0.31570000000000675,149.33333333333334,88.0,-126.0
20.70000000000016,211.52510398578985,-172.99605112066672,-58.989098980812116,32,32,-0.31570000000000675,149.33333333333334,88.0,-126.0
20.75000000000016,211.5789373538597,-173.08560629127265,-58.989098980812116,33,33,2.0897999999999968,154.0,88.0,-127.0
20.80000000000016,211.5708049037211,-173.0720774524554,-58.989098980812116,32,32,-0.31570000000000675,149.33333333333334,88.0,-126.0
20.85000000000016,211.5626724535825,-173.05854861363815,-58.989098980812116,32,32,-0.31570000000000675,149.33333333333334,88.0,-126.0
20.900000000000162,211.55454000344392,-173.0450197748209,-58.989098980812116,32,32,-0.31570000000000675,149.33333333333334,88.0,-126.0
20.950000000000163,211.54640755330533,-173.03149093600365,-58.989098980812116,32,32,-0.31570000000000675,149.33333333333334,88.0,-126.0
21.000000000000163,211.53827510316674,-173.0179620971864,-58.989098980812116,32,32,-0.31570000000000675,149.33333333333334,88.0,-126.0
21.050000000000164,211.53014265302815,-173.00443325836915,-58.989098980812116,32,32,-0.31570000000000675,149.33333333333334,88.0,-126.0
21.100000000000165,211.52201020288956,-172.9909044195519,-58.989098980812116,32,32,-0.31570000000000675,149.33333333333334,88.0,-126.0
21.150000000000166,211.5758435709594,-173.08045959015783,-58.989098980812116,33,33,2.0897999999999968,154.0,88.0,-127.0
21.200000000000166,211.5677111208208,-173.06693075134058,-58.989098980812116,32,32,-0.31570000000000675,149.33333333333334,88.0,-126.0
21.250000000000167,211.5595786706822,-173.05340191252333,-58.989098980812116,32,32,-0.31570000000000675,149.33333333333334,88.0,-126.0
21.300000000000168,211.55144622054362,-173.03987307370608,-58.989098980812116,32,32,-0.31570000000000675,149.33333333333334,88.0,-126.0
21.35000000000017,211.54331377040504,-173.02634423488882,-58.989098980812116,32,32,-0.31570000000000675,149.33333333333334,88.0,-126.0
21.40000000000017,211.53518132026645,-173.01281539607157,-58.989098980812116,32,32,-0.31570000000000675,149.33333333333334,88.0,-126.0
21.45000000000017,211.52704887012786,-172.99928655725432,-58.989098980812116,32,32,-0.31570000000000675,149.33333333333334,88.0,-126.0
21.50000000000017,211.5808822381977,-173.08884172786026,-58.989098980812116,33,33,2.0897999999999968,154.0,88.0,-127.0
21.55000000000017,211.5727497880591,-173.075312889043,-58.989098980812116,32,32,-0.31570000000000675,149.33333333333334,88.0,-126.0
21.600000000000172,211.5646173379205,-173.06178405022575,-58.989098980812116,32,32,-0.31570000000000675,149.33333333333334,88.0,-126.0
21.650000000000173,211.55648488778192,-173.0482552114085,-58.989098980812116,32,32,-0.31570000000000675,149.33333333333334,88.0,-126.0
21.700000000000173,211.54835243764333,-173.03472637259125,-58.989098980812116,32,32,-0.31570000000000675,149.33333333333334,88.0,-126.0
21.750000000000174,211.54021998750474,-173.021197533774,-58.989098980812116,32,32,-0.31570000000000675,149.33333333333334,88.0,-126.0
21.800000000000175,211.53208753736615,-173.00766869495675,-58.989098980812116,32,32,-0.31570000000000675,149.33333333333334,88.0,-126.0
21.850000000000176,211.52395508722756,-172.9941398561395,-58.989098980812116,32,32,-0.31570000000000675,149.33333333333334,88.0,-126.0
21.900000000000176,211.5777884552974,-173.08369502674543,-58.989098980812116,33,33,2.0897999999999968,154.0,88.0,-127.0
21.950000000000177,211.5696560051588,-173.07016618792818,-58.989098980812116,32,32,-0.31570000000000675,149.33333333333334,88.0,-126.0
22.000000000000178,211.56152355502022,-173.05663734911093,-58.989098980812116,32,32,-0.31570000000000675,149.33333333333334,88.0,-126.0
22.05000000000018,211.55339110488163,-173.04310851029368,-58.989098980812116,32,32,-0.31570000000000675,149.33333333333334,88.0,-126.0
22.10000000000018,211.54525865474304,-173.02957967147643,-58.989098980812116,32,32,-0.31570000000000675,149.33333333333334,88.0,-126.0
22.15000000000018,211.53712620460445,-173.01605083265918,-58.989098980812116,32,32,-0.31570000000000675,149.33333333333334,88.0,-126.0
22.20000000000018,211.52899375446586,-173.00252199384192,-58.989098980812116,32,32,-0.31570000000000675,149.33333333333334,88.0,-126.0
22.25000000000018,211.52086130432727,-172.98899315502467,-58.989098980812116,32,32,-0.31570000000000675,149.33333333333334,88.0,-126.0
22.300000000000182,211.5746946723971,-173.0785483256306,-58.989098980812116,33,33,2.0897999999999968,154.0,88.0,-127.0
22.350000000000183,211.5665622222585,-173.06501948681336,-58.989098980812116,32,32,-0.31570000000000675,149.33333333333334,88.0,-126.0
22.400000000000183,211.55842977211992,-173.0514906479961,-58.989098980812116,32,32,-0.31570000000000675,149.33333333333334,88.0,-126.0
22.450000000000184,211.55029732198133,-173.03796180917885,-58.989098980812116,32,32,-0.31570000000000675,149.33333333333334,88.0,-126.0
22.500000000000185,211.54216487184274,-173.0244329703616,-58.989098980812116,32,32,-0.31570000000000675,149.33333333333334,88.0,-126.0
22.550000000000185,211.53403242170415,-173.01090413154435,-58.989098980812116,32,32,-0.31570000000000675,149.33333333333334,88.0,-126.0
22.600000000000186,211.52589997156556,-172.9973752927271,-58.989098980812116,32,32,-0.31570000000000675,149.33333333333334,88.0,-126.0
22.650000000000187,211.5797333396354,-173.08693046333303,-58.989098980812116,33,33,2.0897999999999968,154.0,88.0,-127.0
22.700000000000188,211.5716008894968,-173.07340162451578,-58.989098980812116,32,32,-0.31570000000000675,149.33333333333334,88.0,-126.0
22.75000000000019,211.56346843935822,-173.05987278569853,-58.989098980812116,32,32,-0.31570000000000675,149.33333333333334,88.0,-126.0
22.80000000000019,211.55533598921963,-173.04634394688128,-58.989098980812116,32,32,-0.31570000000000675,149.33333333333334,88.0,-126.0
22.85000000000019,211.54720353908104,-173.03281510806403,-58.989098980812116,32,32,-0.31570000000000675,149.33333333333334,88.0,-126.0
22.90000000000019,211.53907108894245,-173.01928626924678,-58.989098980812116,32,32,-0.31570000000000675,149.33333333333334,88.0,-126.0
22.95000000000019,211.53093863880386,-173.00575743042953,-58.989098980812116,32,32,-0.31570000000000675,149.33333333333334,88.0,-126.0
23.000000000000192,211.52280618866527,-172.99222859161227,-58.989098980812116,32,32,-0.31570000000000675,149.33333333333334,88.0,-126.0
23.050000000000193,211.5766395567351,-173.0817837622182,-58.989098980812116,33,33,2.0897999999999968,154.0,88.0,-127.0
23.100000000000193,211.5685071065965,-173.06825492340096,-58.989098980812116,32,32,-0.31570000000000675,149.33333333333334,88.0,-126.0
23.150000000000194,211.56037465645792,-173.0547260845837,-58.989098980812116,32,32,-0.31570000000000675,149.33333333333334,88.0,-126.0
23.200000000000195,211.55224220631933,-173.04119724576645,-58.989098980812116,32,32,-0.31570000000000675,149.33333333333334,88.0,-126.0
23.250000000000195,211.54410975618075,-173.0276684069492,-58.989098980812116,32,32,-0.31570000000000675,149.33333333333334,88.0,-126.0
23.300000000000196,211.53597730604216,-173.01413956813195,-58.989098980812116,32,32,-0.31570000000000675,149.33333333333334,88.0,-126.0
23.350000000000197,211.52784485590357,-173.0006107293147,-58.989098980812116,32,32,-0.31570000000000675,149.33333333333334,88.0,-126.0
23.400000000000198,211.51971240576498,-172.98708189049745,-58.989098980812116,32,32,-0.31570000000000675,149.33333333333334,88.0,-126.0
23.4500000000002,211.5735457738348,-173.07663706110338,-58.989098980812116,33,33,2.0897999999999968,154.0,88.0,-127.0
23.5000000000002,211.56541332369622,-173.06310822228613,-58.989098980812116,32,32,-0.31570000000000675,149.33333333333334,88.0,-126.0
23.5500000000002,211.55728087355763,-173.04957938346888,-58.989098980812116,32,32,-0.31570000000000675,149.33333333333334,88.0,-126.0
23.6000000000002,211.54914842341904,-173.03605054465163,-58.989098980812116,32,32,-0.31570000000000675,149.33333333333334,88.0,-126.0
23.6500000000002,211.54101597328045,-173.02252170583438,-58.989098980812116,32,32,-0.31570000000000675,149.33333333333334,88.0,-126.0
23.700000000000202,211.53288352314186,-173.00899286701713,-58.989098980812116,32,32,-0.31570000000000675,149.33333333333334,88.0,-126.0
23.750000000000203,211.52475107300327,-172.99546402819988,-58.989098980812116,32,32,-0.31570000000000675,149.33333333333334,88.0,-126.0
23.800000000000203,211.5785844410731,-173.0850191988058,-58.989098980812116,33,33,2.0897999999999968,154.0,88.0,-127.0
23.850000000000204,211.57045199093452,-173.07149035998856,-58.989098980812116,32,32,-0.31570000000000675,149.33333333333334,88.0,-126.0
23.900000000000205,211.56231954079593,-173.0579615211713,-58.989098980812116,32,32,-0.31570000000000675,149.33333333333334,88.0,-126.0
23.950000000000205,211.55418709065734,-173.04443268235406,-58.989098980812116,32,32,-0.31570000000000675,149.33333333333334,88.0,-126.0
24.000000000000206,211.54605464051875,-173.0309038435368,-58.989098980812116,32,32,-0.31570000000000675,149.33333333333334,88.0,-126.0
24.050000000000207,211.53792219038016,-173.01737500471955,-58.989098980812116,32,32,-0.31570000000000675,149.33333333333334,88.0,-126.0
24.100000000000207,211.52978974024157,-173.0038461659023,-58.989098980812116,32,32,-0.31570000000000675,149.33333333333334,88.0,-126.0
24.150000000000208,211.52165729010298,-172.99031732708505,-58.989098980812116,32,32,-0.31570000000000675,149.33333333333334,88.0,-126.0
24.20000000000021,211.5754906581728,-173.07987249769099,-58.989098980812116,33,33,2.0897999999999968,154.0,88.0,-127.0
24.25000000000021,211.56735820803422,-173.06634365887373,-58.989098980812116,32,32,-0.31570000000000675,149.33333333333334,88.0,-126.0
24.30000000000021,211.55922575789563,-173.05281482005648,-58.989098980812116,32,32,-0.31570000000000675,149.33333333333334,88.0,-126.0
24.35000000000021,211.55109330775704,-173.03928598123923,-58.989098980812116,32,32,-0.31570000000000675,149.33333333333334,88.0,-126.0
24.40000000000021,211.54296085761845,-173.02575714242198,-58.989098980812116,32,32,-0.31570000000000675,149.33333333333334,88.0,-126.0
24.450000000000212,211.53482840747986,-173.01222830360473,-58.989098980812116,32,32,-0.31570000000000675,149.33333333333334,88.0,-126.0
24.500000000000213,211.52669595734127,-172.99869946478748,-58.989098980812116,32,32,-0.31570000000000675,149.33333333333334,88.0,-126.0
24.550000000000214,211.5805293254111,-173.0882546353934,-58.989098980812116,33,33,2.0897999999999968,154.0,88.0,-127.0
24.600000000000215,211.57239687527252,-173.07472579657616,-58.989098980812116,32,32,-0.31570000000000675,149.33333333333334,88.0,-126.0
24.650000000000215,211.56426442513393,-173.0611969577589,-58.989098980812116,32,32,-0.31570000000000675,149.33333333333334,88.0,-126.0
24.700000000000216,211.55613197499534,-173.04766811894166,-58.989098980812116,32,32,-0.31570000000000675,149.33333333333334,88.0,-126.0
24.750000000000217,211.54799952485675,-173.0341392801244,-58.989098980812116,32,32,-0.31570000000000675,149.33333333333334,88.0,-126.0
24.800000000000217,211.53986707471816,-173.02061044130716,-58.989098980812116,32,32,-0.31570000000000675,149.33333333333334,88.0,-126.0
24.850000000000218,211.53173462457957,-173.0070816024899,-58.989098980812116,32,32,-0.31570000000000675,149.33333333333334,88.0,-126.0
24.90000000000022,211.52360217444098,-172.99355276367265,-58.989098980812116,32,32,-0.31570000000000675,149.33333333333334,88.0,-126.0
24.95000000000022,211.5774355425108,-173.0831079342786,-58.989098980812116,33,33,2.0897999999999968,154.0,88.0,-127.0
25.00000000000022,211.56930309237222,-173.06957909546134,-58.989098980812116,32,32,-0.31570000000000675,149.33333333333334,88.0,-126.0
25.05000000000022,211.56117064223363,-173.05605025664408,-58.989098980812116,32,32,-0.31570000000000675,149.33333333333334,88.0,-126.0
25.10000000000022,211.55303819209504,-173.04252141782683,-58.989098980812116,32,32,-0.31570000000000675,149.33333333333334,88.0,-126.0
25.150000000000222,211.54490574195646,-173.02899257900958,-58.989098980812116,32,32,-0.31570000000000675,149.33333333333334,88.0,-126.0
25.200000000000223,211.53677329181787,-173.01546374019233,-58.989098980812116,32,32,-0.31570000000000675,149.33333333333334,88.0,-126.0
25.250000000000224,211.52864084167928,-173.00193490137508,-58.989098980812116,32,32,-0.31570000000000675,149.33333333333334,88.0,-126.0
25.300000000000225,211.5205083915407,-172.98840606255783,-58.989098980812116,32,32,-0.31570000000000675,149.33333333333334,88.0,-126.0
25.350000000000225,211.57434175961052,-173.07796123316376,-58.989098980812116,33,33,2.0897999999999968,154.0,88.0,-127.0
25.400000000000226,211.56620930947193,-173.0644323943465,-58.989098980812116,32,32,-0.31570000000000675,149.33333333333334,88.0,-126.0
25.450000000000227,211.55807685933334,-173.05090355552926,-58.989098980812116,32,32,-0.31570000000000675,149.33333333333334,88.0,-126.0
25.500000000000227,211.54994440919475,-173.037374716712,-58.989098980812116,32,32,-0.31570000000000675,149.33333333333334,88.0,-126.0
25.550000000000228,211.54181195905616,-173.02384587789476,-58.989098980812116,32,32,-0.31570000000000675,149.33333333333334,88.0,-126.0
25.60000000000023,211.53367950891757,-173.0103170390775,-58.989098980812116,32,32,-0.31570000000000675,149.33333333333334,88.0,-126.0
25.65000000000023,211.52554705877898,-172.99678820026026,-58.989098980812116,32,32,-0.31570000000000675,149.33333333333334,88.0,-126.0
25.70000000000023,211.57938042684881,-173.0863433708662,-58.989098980812116,33,33,2.0897999999999968,154.0,88.0,-127.0
25.75000000000023,211.57124797671023,-173.07281453204894,-58.989098980812116,32,32,-0.31570000000000675,149.33333333333334,88.0,-126.0
25.80000000000023,211.56311552657164,-173.0592856932317,-58.989098980812116,32,32,-0.31570000000000675,149.33333333333334,88.0,-126.0
25.850000000000232,211.55498307643305,-173.04575685441444,-58.989098980812116,32,32,-0.31570000000000675,149.33333333333334,88.0,-126.0
25.900000000000233,211.54685062629446,-173.03222801559718,-58.989098980812116,32,32,-0.31570000000000675,149.33333333333334,88.0,-126.0
25.950000000000234,211.53871817615587,-173.01869917677993,-58.989098980812116,32,32,-0.31570000000000675,149.33333333333334,88.0,-126.0
26.000000000000234,211.53058572601728,-173.00517033796268,-58.989098980812116,32,32,-0.31570000000000675,149.33333333333334,88.0,-126.0
26.050000000000235,211.5224532758787,-172.99164149914543,-58.989098980812116,32,32,-0.31570000000000675,149.33333333333334,88.0,-126.0
26.100000000000236,211.57628664394852,-173.08119666975136,-58.989098980812116,33,33,2.0897999999999968,154.0,88.0,-127.0
26.150000000000237,211.56815419380993,-173.0676678309341,-58.989098980812116,32,32,-0.31570000000000675,149.33333333333334,88.0,-126.0
26.200000000000237,211.56002174367134,-173.05413899211686,-58.989098980812116,32,32,-0.31570000000000675,149.33333333333334,88.0,-126.0
26.250000000000238,211.55188929353275,-173.0406101532996,-58.989098980812116,32,32,-0.31570000000000675,149.33333333333334,88.0,-126.0
26.30000000000024,211.54375684339416,-173.02708131448236,-58.989098980812116,32,32,-0.31570000000000675,149.33333333333334,88.0,-126.0
26.35000000000024,211.53562439325557,-173.0135524756651,-58.989098980812116,32,32,-0.31570000000000675,149.33333333333334,88.0,-126.0
26.40000000000024,211.52749194311698,-173.00002363684786,-58.989098980812116,32,32,-0.31570000000000675,149.33333333333334,88.0,-126.0
26.45000000000024,211.5193594929784,-172.9864947980306,-58.989098980812116,32,32,-0.31570000000000675,149.33333333333334,88.0,-126.0
26.50000000000024,211.57319286104823,-173.07604996863654,-58.989098980812116,33,33,2.0897999999999968,154.0,88.0,-127.0
26.550000000000242,211.56506041090964,-173.0625211298193,-58.989098980812116,32,32,-0.31570000000000675,149.33333333333334,88.0,-126.0
26.600000000000243,211.55692796077105,-173.04899229100204,-58.989098980812116,32,32,-0.31570000000000675,149.33333333333334,88.0,-126.0
26.650000000000244,211.54879551063246,-173.03546345218479,-58.989098980812116,32,32,-0.31570000000000675,149.33333333333334,88.0,-126.0
26.700000000000244,211.54066306049387,-173.02193461336753,-58.989098980812116,32,32,-0.31570000000000675,149.33333333333334,88.0,-126.0
26.750000000000245,211.53253061035528,-173.00840577455028,-58.989098980812116,32,32,-0.31570000000000675,149.33333333333334,88.0,-126.0
26.800000000000246,211.5243981602167,-172.99487693573303,-58.989098980812116,32,32,-0.31570000000000675,149.33333333333334,88.0,-126.0
26.850000000000247,211.57823152828652,-173.08443210633897,-58.989098980812116,33,33,2.0897999999999968,154.0,88.0,-127.0
26.900000000000247,211.57009907814793,-173.07090326752171,-58.989098980812116,32,32,-0.31570000000000675,149.33333333333334,88.0,-126.0
26.950000000000248,211.56196662800934,-173.05737442870446,-58.989098980812116,32,32,-0.31570000000000675,149.33333333333334,88.0,-126.0
27.00000000000025,211.55383417787075,-173.0438455898872,-58.989098980812116,32,32,-0.31570000000000675,149.33333333333334,88.0,-126.0
27.05000000000025,211.54570172773217,-173.03031675106996,-58.989098980812116,32,32,-0.31570000000000675,149.33333333333334,88.0,-126.0
27.10000000000025,211.53756927759358,-173.0167879122527,-58.989098980812116,32,32,-0.31570000000000675,149.33333333333334,88.0,-126.0
27.15000000000025,211.529436827455,-173.00325907343546,-58.989098980812116,32,32,-0.31570000000000675,149.33333333333334,88.0,-126.0
27.20000000000025,211.5213043773164,-172.9897302346182,-58.989098980812116,32,32,-0.31570000000000675,149.33333333333334,88.0,-126.0
27.250000000000252,211.57513774538623,-173.07928540522414,-58.989098980812116,33,33,2.0897999999999968,154.0,88.0,-127.0
27.300000000000253,211.56700529524764,-173.0657565664069,-58.989098980812116,32,32,-0.31570000000000675,149.33333333333334,88.0,-126.0
27.350000000000254,211.55887284510905,-173.05222772758964,-58.989098980812116,32,32,-0.31570000000000675,149.33333333333334,88.0,-126.0
27.400000000000254,211.55074039497046,-173.0386988887724,-58.989098980812116,32,32,-0.31570000000000675,149.33333333333334,88.0,-126.0
27.450000000000255,211.54260794483187,-173.02517004995514,-58.989098980812116,32,32,-0.31570000000000675,149.33333333333334,88.0,-126.0
27.500000000000256,211.53447549469328,-173.01164121113788,-58.989098980812116,32,32,-0.31570000000000675,149.33333333333334,88.0,-126.0
27.550000000000257,211.5263430445547,-172.99811237232063,-58.989098980812116,32,32,-0.31570000000000675,149.33333333333334,88.0,-126.0
27.600000000000257,211.58017641262452,-173.08766754292657,-58.989098980812116,33,33,2.0897999999999968,154.0,88.0,-127.0
27.650000000000258,211.57204396248594,-173.07413870410932,-58.989098980812116,32,32,-0.31570000000000675,149.33333333333334,88.0,-126.0
27.70000000000026,211.56391151234735,-173.06060986529207,-58.989098980812116,32,32,-0.31570000000000675,149.33333333333334,88.0,-126.0
27.75000000000026,211.55577906220876,-173.0470810264748,-58.989098980812116,32,32,-0.31570000000000675,149.33333333333334,88.0,-126.0
27.80000000000026,211.54764661207017,-173.03355218765756,-58.989098980812116,32,32,-0.31570000000000675,149.33333333333334,88.0,-126.0
27.85000000000026,211.53951416193158,-173.0200233488403,-58.989098980812116,32,32,-0.31570000000000675,149.33333333333334,88.0,-126.0
27.90000000000026,211.531381711793,-173.00649451002306,-58.989098980812116,32,32,-0.31570000000000675,149.33333333333334,88.0,-126.0
27.950000000000262,211.5232492616544,-172.9929656712058,-58.989098980812116,32,32,-0.31570000000000675,149.33333333333334,88.0,-126.0
28.000000000000263,211.57708262972423,-173.08252084181174,-58.989098980812116,33,33,2.0897999999999968,154.0,88.0,-127.0
28.050000000000264,211.56895017958564,-173.0689920029945,-58.989098980812116,32,32,-0.31570000000000675,149.33333333333334,88.0,-126.0
28.100000000000264,211.56081772944705,-173.05546316417724,-58.989098980812116,32,32,-0.31570000000000675,149.33333333333334,88.0,-126.0
28.150000000000265,211.55268527930846,-173.04193432536,-58.989098980812116,32,32,-0.31570000000000675,149.33333333333334,88.0,-126.0
28.200000000000266,211.54455282916987,-173.02840548654274,-58.989098980812116,32,32,-0.31570000000000675,149.33333333333334,88.0,-126.0
28.250000000000266,211.53642037903128,-173.0148766477255,-58.989098980812116,32,32,-0.31570000000000675,149.33333333333334,88.0,-126.0
28.300000000000267,211.5282879288927,-173.00134780890824,-58.989098980812116,32,32,-0.31570000000000675,149.33333333333334,88.0,-126.0
28.350000000000268,211.5201554787541,-172.98781897009098,-58.989098980812116,32,32,-0.31570000000000675,149.33333333333334,88.0,-126.0
28.40000000000027,211.57398884682394,-173.07737414069692,-58.989098980812116,33,33,2.0897999999999968,154.0,88.0,-127.0
28.45000000000027,211.56585639668535,-173.06384530187967,-58.989098980812116,32,32,-0.31570000000000675,149.33333333333334,88.0,-126.0
28.50000000000027,211.55772394654676,-173.05031646306242,-58.989098980812116,32,32,-0.31570000000000675,149.33333333333334,88.0,-126.0
28.55000000000027,211.54959149640817,-173.03678762424516,-58.989098980812116,32,32,-0.31570000000000675,149.33333333333334,88.0,-126.0
28.60000000000027,211.54145904626958,-173.0232587854279,-58.989098980812116,32,32,-0.31570000000000675,149.33333333333334,88.0,-126.0
28.650000000000272,211.533326596131,-173.00972994661066,-58.989098980812116,32,32,-0.31570000000000675,149.33333333333334,88.0,-126.0
28.700000000000273,211.5251941459924,-172.9962011077934,-58.989098980812116,32,32,-0.31570000000000675,149.33333333333334,88.0,-126.0
28.750000000000274,211.57902751406223,-173.08575627839934,-58.989098980812116,33,33,2.0897999999999968,154.0,88.0,-127.0
28.800000000000274,211.57089506392364,-173.0722274395821,-58.989098980812116,32,32,-0.31570000000000675,149.33333333333334,88.0,-126.0
28.850000000000275,211.56276261378505,-173.05869860076484,-58.989098980812116,32,32,-0.31570000000000675,149.33333333333334,88.0,-126.0
28.900000000000276,211.55463016364646,-173.0451697619476,-58.989098980812116,32,32,-0.31570000000000675,149.33333333333334,88.0,-126.0
28.950000000000276,211.54649771350788,-173.03164092313034,-58.989098980812116,32,32,-0.31570000000000675,149.33333333333334,88.0,-126.0
29.000000000000277,211.5383652633693,-173.0181120843131,-58.989098980812116,32,32,-0.31570000000000675,149.33333333333334,88.0,-126.0
29.050000000000278,211.5302328132307,-173.00458324549584,-58.989098980812116,32,32,-0.31570000000000675,149.33333333333334,88.0,-126.0
29.10000000000028,211.5221003630921,-172.9910544066786,-58.989098980812116,32,32,-0.31570000000000675,149.33333333333334,88.0,-126.0
29.15000000000028,211.57593373116194,-173.08060957728452,-58.989098980812116,33,33,2.0897999999999968,154.0,88.0,-127.0
29.20000000000028,211.56780128102335,-173.06708073846727,-58.989098980812116,32,32,-0.31570000000000675,149.33333333333334,88.0,-126.0
29.25000000000028,211.55966883088476,-173.05355189965002,-58.989098980812116,32,32,-0.31570000000000675,149.33333333333334,88.0,-126.0
29.30000000000028,211.55153638074617,-173.04002306083277,-58.989098980812116,32,32,-0.31570000000000675,149.33333333333334,88.0,-126.0
29.350000000000282,211.54340393060758,-173.02649422201551,-58.989098980812116,32,32,-0.31570000000000675,149.33333333333334,88.0,-126.0
29.400000000000283,211.535271480469,-173.01296538319826,-58.989098980812116,32,32,-0.31570000000000675,149.33333333333334,88.0,-126.0
29.450000000000284,211.5271390303304,-172.999436544381,-58.989098980812116,32,32,-0.31570000000000675,149.33333333333334,88.0,-126.0
29.500000000000284,211.58097239840023,-173.08899171498695,-58.989098980812116,33,33,2.0897999999999968,154.0,88.0,-127.0
29.550000000000285,211.57283994826165,-173.0754628761697,-58.989098980812116,32,32,-0.31570000000000675,149.33333333333334,88.0,-126.0
29.600000000000286,211.56470749812306,-173.06193403735244,-58.989098980812116,32,32,-0.31570000000000675,149.33333333333334,88.0,-126.0
29.650000000000286,211.55657504798447,-173.0484051985352,-58.989098980812116,32,32,-0.31570000000000675,149.33333333333334,88.0,-126.0
29.700000000000287,211.54844259784588,-173.03487635971794,-58.989098980812116,32,32,-0.31570000000000675,149.33333333333334,88.0,-126.0
29.750000000000288,211.5403101477073,-173.0213475209007,-58.989098980812116,32,32,-0.31570000000000675,149.33333333333334,88.0,-126.0
29.80000000000029,211.5321776975687,-173.00781868208344,-58.989098980812116,32,32,-0.31570000000000675,149.33333333333334,88.0,-126.0
29.85000000000029,211.5240452474301,-172.9942898432662,-58.989098980812116,32,32,-0.31570000000000675,149.33333333333334,88.0,-126.0
29.90000000000029,211.57787861549994,-173.08384501387212,-58.989098980812116,33,33,2.0897999999999968,154.0,88.0,-127.0
29.95000000000029,211.56974616536135,-173.07031617505487,-58.989098980812116,32,32,-0.31570000000000675,149.33333333333334,88.0,-126.0
30.00000000000029,211.56161371522276,-173.05678733623762,-58.989098980812116,32,32,-0.31570000000000675,149.33333333333334,88.0,-126.0
30.050000000000292,211.55348126508417,-173.04325849742037,-58.989098980812116,32,32,-0.31570000000000675,149.33333333333334,88.0,-126.0
30.100000000000293,211.54534881494558,-173.02972965860312,-58.989098980812116,32,32,-0.31570000000000675,149.33333333333334,88.0,-126.0
30.150000000000293,211.537216364807,-173.01620081978587,-58.989098980812116,32,32,-0.31570000000000675,149.33333333333334,88.0,-126.0
30.200000000000294,211.5290839146684,-173.0026719809686,-58.989098980812116,32,32,-0.31570000000000675,149.33333333333334,88.0,-126.0
30.250000000000295,211.52095146452982,-172.98914314215136,-58.989098980812116,32,32,-0.31570000000000675,149.33333333333334,88.0,-126.0
30.300000000000296,211.57478483259965,-173.0786983127573,-58.989098980812116,33,33,2.0897999999999968,154.0,88.0,-127.0
30.350000000000296,211.56665238246106,-173.06516947394005,-58.989098980812116,32,32,-0.31570000000000675,149.33333333333334,88.0,-126.0
30.400000000000297,211.55851993232247,-173.0516406351228,-58.989098980812116,32,32,-0.31570000000000675,149.33333333333334,88.0,-126.0
30.450000000000298,211.55038748218388,-173.03811179630554,-58.989098980812116,32,32,-0.31570000000000675,149.33333333333334,88.0,-126.0
30.5000000000003,211.5422550320453,-173.0245829574883,-58.989098980812116,32,32,-0.31570000000000675,149.33333333333334,88.0,-126.0
30.5500000000003,211.5341225819067,-173.01105411867104,-58.989098980812116,32,32,-0.31570000000000675,149.33333333333334,88.0,-126.0
30.6000000000003,211.5259901317681,-172.9975252798538,-58.989098980812116,32,32,-0.31570000000000675,149.33333333333334,88.0,-126.0
30.6500000000003,211.57982349983794,-173.08708045045972,-58.989098980812116,33,33,2.0897999999999968,154.0,88.0,-127.0
30.7000000000003,211.57169104969935,-173.07355161164247,-58.989098980812116,32,32,-0.31570000000000675,149.33333333333334,88.0,-126.0
30.750000000000302,211.56355859956076,-173.06002277282522,-58.989098980812116,32,32,-0.31570000000000675,149.33333333333334,88.0,-126.0
30.800000000000303,211.55542614942217,-173.04649393400797,-58.989098980812116,32,32,-0.31570000000000675,149.33333333333334,88.0,-126.0
30.850000000000303,211.54729369928359,-173.03296509519072,-58.989098980812116,32,32,-0.31570000000000675,149.33333333333334,88.0,-126.0
30.900000000000304,211.539161249145,-173.01943625637347,-58.989098980812116,32,32,-0.31570000000000675,149.33333333333334,88.0,-126.0
30.950000000000305,211.5310287990064,-173.00590741755622,-58.989098980812116,32,32,-0.31570000000000675,149.33333333333334,88.0,-126.0
31.000000000000306,211.52289634886782,-172.99237857873896,-58.989098980812116,32,32,-0.31570000000000675,149.33333333333334,88.0,-126.0
31.050000000000306,211.57672971693765,-173.0819337493449,-58.989098980812116,33,33,2.0897999999999968,154.0,88.0,-127.0
31.100000000000307,211.56859726679906,-173.06840491052765,-58.989098980812116,32,32,-0.31570000000000675,149.33333333333334,88.0,-126.0
31.150000000000308,211.56046481666047,-173.0548760717104,-58.989098980812116,32,32,-0.31570000000000675,149.33333333333334,88.0,-126.0
31.20000000000031,211.55233236652188,-173.04134723289314,-58.989098980812116,32,32,-0.31570000000000675,149.33333333333334,88.0,-126.0
31.25000000000031,211.5441999163833,-173.0278183940759,-58.989098980812116,32,32,-0.31570000000000675,149.33333333333334,88.0,-126.0
31.30000000000031,211.5360674662447,-173.01428955525864,-58.989098980812116,32,32,-0.31570000000000675,149.33333333333334,88.0,-126.0
31.35000000000031,211.5279350161061,-173.0007607164414,-58.989098980812116,32,32,-0.31570000000000675,149.33333333333334,88.0,-126.0
31.40000000000031,211.51980256596752,-172.98723187762414,-58.989098980812116,32,32,-0.31570000000000675,149.33333333333334,88.0,-126.0
31.450000000000312,211.57363593403736,-173.07678704823007,-58.989098980812116,33,33,2.0897999999999968,154.0,88.0,-127.0
31.500000000000313,211.56550348389877,-173.06325820941282,-58.989098980812116,32,32,-0.31570000000000675,149.33333333333334,88.0,-126.0
31.550000000000313,211.55737103376018,-173.04972937059557,-58.989098980812116,32,32,-0.31570000000000675,149.33333333333334,88.0,-126.0
31.600000000000314,211.5492385836216,-173.03620053177832,-58.989098980812116,32,32,-0.31570000000000675,149.33333333333334,88.0,-126.0
31.650000000000315,211.541106133483,-173.02267169296107,-58.989098980812116,32,32,-0.31570000000000675,149.33333333333334,88.0,-126.0
31.700000000000315,211.5329736833444,-173.00914285414382,-58.989098980812116,32,32,-0.31570000000000675,149.33333333333334,88.0,-126.0
31.750000000000316,211.52484123320582,-172.99561401532657,-58.989098980812116,32,32,-0.31570000000000675,149.33333333333334,88.0,-126.0
31.800000000000317,211.57867460127565,-173.0851691859325,-58.989098980812116,33,33,2.0897999999999968,154.0,88.0,-127.0
31.850000000000318,211.57054215113706,-173.07164034711525,-58.989098980812116,32,32,-0.31570000000000675,149.33333333333334,88.0,-126.0
31.90000000000032,211.56240970099847,-173.058111508298,-58.989098980812116,32,32,-0.31570000000000675,149.33333333333334,88.0,-126.0
31.95000000000032,211.55427725085988,-173.04458266948075,-58.989098980812116,32,32,-0.31570000000000675,149.33333333333334,88.0,-126.0
32.00000000000032,211.5461448007213,-173.0310538306635,-58.989098980812116,32,32,-0.31570000000000675,149.33333333333334,88.0,-126.0
32.05000000000032,211.5380123505827,-173.01752499184624,-58.989098980812116,32,32,-0.31570000000000675,149.33333333333334,88.0,-126.0
32.100000000000314,211.52987990044412,-173.003996153029,-58.989098980812116,32,32,-0.31570000000000675,149.33333333333334,88.0,-126.0
32.15000000000031,211.52174745030553,-172.99046731421174,-58.989098980812116,32,32,-0.31570000000000675,149.33333333333334,88.0,-126.0
32.20000000000031,211.57558081837536,-173.08002248481768,-58.989098980812116,33,33,2.0897999999999968,154.0,88.0,-127.0
32.250000000000306,211.56744836823677,-173.06649364600042,-58.989098980812116,32,32,-0.31570000000000675,149.33333333333334,88.0,-126.0
32.3000000000003,211.55931591809818,-173.05296480718317,-58.989098980812116,32,32,-0.31570000000000675,149.33333333333334,88.0,-126.0
32.3500000000003,211.5511834679596,-173.03943596836592,-58.989098980812116,32,32,-0.31570000000000675,149.33333333333334,88.0,-126.0
32.4000000000003,211.543051017821,-173.02590712954867,-58.989098980812116,32,32,-0.31570000000000675,149.33333333333334,88.0,-126.0
32.450000000000294,211.5349185676824,-173.01237829073142,-58.989098980812116,32,32,-0.31570000000000675,149.33333333333334,88.0,-126.0
32.50000000000029,211.52678611754382,-172.99884945191417,-58.989098980812116,32,32,-0.31570000000000675,149.33333333333334,88.0,-126.0
32.55000000000029,211.58061948561365,-173.0884046225201,-58.989098980812116,33,33,2.0897999999999968,154.0,88.0,-127.0
32.600000000000286,211.57248703547506,-173.07487578370285,-58.989098980812116,32,32,-0.31570000000000675,149.33333333333334,88.0,-126.0
32.65000000000028,211.56435458533647,-173.0613469448856,-58.989098980812116,32,32,-0.31570000000000675,149.33333333333334,88.0,-126.0
32.70000000000028,211.55622213519788,-173.04781810606835,-58.989098980812116,32,32,-0.31570000000000675,149.33333333333334,88.0,-126.0
32.75000000000028,211.5480896850593,-173.0342892672511,-58.989098980812116,32,32,-0.31570000000000675,149.33333333333334,88.0,-126.0
32.800000000000274,211.5399572349207,-173.02076042843385,-58.989098980812116,32,32,-0.31570000000000675,149.33333333333334,88.0,-126.0
32.85000000000027,211.53182478478212,-173.0072315896166,-58.989098980812116,32,32,-0.31570000000000675,149.33333333333334,88.0,-126.0
32.90000000000027,211.52369233464353,-172.99370275079934,-58.989098980812116,32,32,-0.31570000000000675,149.33333333333334,88.0,-126.0
32.950000000000266,211.57752570271336,-173.08325792140528,-58.989098980812116,33,33,2.0897999999999968,154.0,88.0,-127.0
33.00000000000026,211.56939325257477,-173.06972908258803,-58.989098980812116,32,32,-0.31570000000000675,149.33333333333334,88.0,-126.0
33.05000000000026,211.56126080243618,-173.05620024377077,-58.989098980812116,32,32,-0.31570000000000675,149.33333333333334,88.0,-126.0
33.10000000000026,211.5531283522976,-173.04267140495352,-58.989098980812116,32,32,-0.31570000000000675,149.33333333333334,88.0,-126.0
33.150000000000254,211.544995902159,-173.02914256613627,-58.989098980812116,32,32,-0.31570000000000675,149.33333333333334,88.0,-126.0
33.20000000000025,211.5368634520204,-173.01561372731902,-58.989098980812116,32,32,-0.31570000000000675,149.33333333333334,88.0,-126.0
33.25000000000025,211.52873100188182,-173.00208488850177,-58.989098980812116,32,32,-0.31570000000000675,149.33333333333334,88.0,-126.0
33.300000000000246,211.52059855174323,-172.98855604968452,-58.989098980812116,32,32,-0.31570000000000675,149.33333333333334,88.0,-126.0
33.35000000000024,211.57443191981307,-173.07811122029045,-58.989098980812116,33,33,2.0897999999999968,154.0,88.0,-127.0
33.40000000000024,211.56629946967448,-173.0645823814732,-58.989098980812116,32,32,-0.31570000000000675,149.33333333333334,88.0,-126.0
33.45000000000024,211.5581670195359,-173.05105354265595,-58.989098980812116,32,32,-0.31570000000000675,149.33333333333334,88.0,-126.0
33.500000000000234,211.5500345693973,-173.0375247038387,-58.989098980812116,32,32,-0.31570000000000675,149.33333333333334,88.0,-126.0
33.55000000000023,211.5419021192587,-173.02399586502145,-58.989098980812116,32,32,-0.31570000000000675,149.33333333333334,88.0,-126.0
33.60000000000023,211.53376966912012,-173.0104670262042,-58.989098980812116,32,32,-0.31570000000000675,149.33333333333334,88.0,-126.0
33.650000000000226,211.52563721898153,-172.99693818738695,-58.989098980812116,32,32,-0.31570000000000675,149.33333333333334,88.0,-126.0
33.70000000000022,211.57947058705136,-173.08649335799288,-58.989098980812116,33,33,2.0897999999999968,154.0,88.0,-127.0
33.75000000000022,211.57133813691277,-173.07296451917563,-58.989098980812116,32,32,-0.31570000000000675,149.33333333333334,88.0,-126.0
33.80000000000022,211.56320568677418,-173.05943568035838,-58.989098980812116,32,32,-0.31570000000000675,149.33333333333334,88.0,-126.0
33.850000000000215,211.5550732366356,-173.04590684154113,-58.989098980812116,32,32,-0.31570000000000675,149.33333333333334,88.0,-126.0
33.90000000000021,211.546940786497,-173.03237800272387,-58.989098980812116,32,32,-0.31570000000000675,149.33333333333334,88.0,-126.0
33.95000000000021,211.53880833635841,-173.01884916390662,-58.989098980812116,32,32,-0.31570000000000675,149.33333333333334,88.0,-126.0
34.000000000000206,211.53067588621983,-173.00532032508937,-58.989098980812116,32,32,-0.31570000000000675,149.33333333333334,88.0,-126.0
34.0500000000002,211.52254343608124,-172.99179148627212,-58.989098980812116,32,32,-0.31570000000000675,149.33333333333334,88.0,-126.0
34.1000000000002,211.57637680415107,-173.08134665687805,-58.989098980812116,33,33,2.0897999999999968,154.0,88.0,-127.0
34.1500000000002,211.56824435401248,-173.0678178180608,-58.989098980812116,32,32,-0.31570000000000675,149.33333333333334,88.0,-126.0
34.200000000000195,211.5601119038739,-173.05428897924355,-58.989098980812116,32,32,-0.31570000000000675,149.33333333333334,88.0,-126.0
34.25000000000019,211.5519794537353,-173.0407601404263,-58.989098980812116,32,32,-0.31570000000000675,149.33333333333334,88.0,-126.0
34.30000000000019,211.5438470035967,-173.02723130160905,-58.989098980812116,32,32,-0.31570000000000675,149.33333333333334,88.0,-126.0
34.350000000000186,211.53571455345812,-173.0137024627918,-58.989098980812116,32,32,-0.31570000000000675,149.33333333333334,88.0,-126.0
34.40000000000018,211.52758210331953,-173.00017362397455,-58.989098980812116,32,32,-0.31570000000000675,149.33333333333334,88.0,-126.0
34.45000000000018,211.51944965318094,-172.9866447851573,-58.989098980812116,32,32,-0.31570000000000675,149.33333333333334,88.0,-126.0
34.50000000000018,211.57328302125077,-173.07619995576323,-58.989098980812116,33,33,2.0897999999999968,154.0,88.0,-127.0
34.550000000000175,211.56515057111218,-173.06267111694598,-58.989098980812116,32,32,-0.31570000000000675,149.33333333333334,88.0,-126.0
34.60000000000017,211.5570181209736,-173.04914227812873,-58.989098980812116,32,32,-0.31570000000000675,149.33333333333334,88.0,-126.0
34.65000000000017,211.548885670835,-173.03561343931148,-58.989098980812116,32,32,-0.31570000000000675,149.33333333333334,88.0,-126.0
34.700000000000166,211.54075322069642,-173.02208460049422,-58.989098980812116,32,32,-0.31570000000000675,149.33333333333334,88.0,-126.0
34.75000000000016,211.53262077055783,-173.00855576167697,-58.989098980812116,32,32,-0.31570000000000675,149.33333333333334,88.0,-126.0
34.80000000000016,211.52448832041924,-172.99502692285972,-58.989098980812116,32,32,-0.31570000000000675,149.33333333333334,88.0,-126.0
34.85000000000016,211.57832168848907,-173.08458209346566,-58.989098980812116,33,33,2.0897999999999968,154.0,88.0,-127.0
34.900000000000155,211.57018923835048,-173.0710532546484,-58.989098980812116,32,32,-0.31570000000000675,149.33333333333334,88.0,-126.0
34.95000000000015,211.5620567882119,-173.05752441583115,-58.989098980812116,32,32,-0.31570000000000675,149.33333333333334,88.0,-126.0
35.00000000000015,211.5539243380733,-173.0439955770139,-58.989098980812116,32,32,-0.31570000000000675,149.33333333333334,88.0,-126.0
35.050000000000146,211.5457918879347,-173.03046673819665,-58.989098980812116,32,32,-0.31570000000000675,149.33333333333334,88.0,-126.0
35.10000000000014,211.53765943779612,-173.0169378993794,-58.989098980812116,32,32,-0.31570000000000675,149.33333333333334,88.0,-126.0
35.15000000000014,211.52952698765753,-173.00340906056215,-58.989098980812116,32,32,-0.31570000000000675,149.33333333333334,88.0,-126.0
35.20000000000014,211.52139453751894,-172.9898802217449,-58.989098980812116,32,32,-0.31570000000000675,149.33333333333334,88.0,-126.0
35.250000000000135,211.57522790558878,-173.07943539235083,-58.989098980812116,33,33,2.0897999999999968,154.0,88.0,-127.0
35.30000000000013,211.5670954554502,-173.06590655353358,-58.989098980812116,32,32,-0.31570000000000675,149.33333333333334,88.0,-126.0
35.35000000000013,211.5589630053116,-173.05237771471633,-58.989098980812116,32,32,-0.31570000000000675,149.33333333333334,88.0,-126.0
35.40000000000013,211.550830555173,-173.03884887589908,-58.989098980812116,32,32,-0.31570000000000675,149.33333333333334,88.0,-126.0
35.450000000000124,211.54269810503442,-173.02532003708183,-58.989098980812116,32,32,-0.31570000000000675,149.33333333333334,88.0,-126.0
35.50000000000012,211.53456565489583,-173.01179119826458,-58.989098980812116,32,32,-0.31570000000000675,149.33333333333334,88.0,-126.0
35.55000000000012,211.52643320475724,-172.99826235944732,-58.989098980812116,32,32,-0.31570000000000675,149.33333333333334,88.0,-126.0
35.600000000000115,211.58026657282707,-173.08781753005326,-58.989098980812116,33,33,2.0897999999999968,154.0,88.0,-127.0
35.65000000000011,211.57213412268848,-173.074288691236,-58.989098980812116,32,32,-0.31570000000000675,149.33333333333334,88.0,-126.0
35.70000000000011,211.5640016725499,-173.06075985241876,-58.989098980812116,32,32,-0.31570000000000675,149.33333333333334,88.0,-126.0
35.75000000000011,211.5558692224113,-173.0472310136015,-58.989098980812116,32,32,-0.31570000000000675,149.33333333333334,88.0,-126.0
35.800000000000104,211.5477367722727,-173.03370217478425,-58.989098980812116,32,32,-0.31570000000000675,149.33333333333334,88.0,-126.0
35.8500000000001,211.53960432213412,-173.020173335967,-58.989098980812116,32,32,-0.31570000000000675,149.33333333333334,88.0,-126.0
35.9000000000001,211.53147187199554,-173.00664449714975,-58.989098980812116,32,32,-0.31570000000000675,149.33333333333334,88.0,-126.0
35.950000000000095,211.52333942185695,-172.9931156583325,-58.989098980812116,32,32,-0.31570000000000675,149.33333333333334,88.0,-126.0
36.00000000000009,211.57717278992678,-173.08267082893843,-58.989098980812116,33,33,2.0897999999999968,154.0,88.0,-127.0
36.05000000000009,211.5690403397882,-173.06914199012118,-58.989098980812116,32,32,-0.31570000000000675,149.33333333333334,88.0,-126.0
36.10000000000009,211.5609078896496,-173.05561315130393,-58.989098980812116,32,32,-0.31570000000000675,149.33333333333334,88.0,-126.0
36.150000000000084,211.552775439511,-173.04208431248668,-58.989098980812116,32,32,-0.31570000000000675,149.33333333333334,88.0,-126.0
36.20000000000008,211.54464298937242,-173.02855547366943,-58.989098980812116,32,32,-0.31570000000000675,149.33333333333334,88.0,-126.0
36.25000000000008,211.53651053923383,-173.01502663485218,-58.989098980812116,32,32,-0.31570000000000675,149.33333333333334,88.0,-126.0
36.300000000000075,211.52837808909524,-173.00149779603493,-58.989098980812116,32,32,-0.31570000000000675,149.33333333333334,88.0,-126.0
36.35000000000007,211.52024563895665,-172.98796895721767,-58.989098980812116,32,32,-0.31570000000000675,149.33333333333334,88.0,-126.0
36.40000000000007,211.57407900702648,-173.0775241278236,-58.989098980812116,33,33,2.0897999999999968,154.0,88.0,-127.0
36.45000000000007,211.5659465568879,-173.06399528900636,-58.989098980812116,32,32,-0.31570000000000675,149.33333333333334,88.0,-126.0
36.500000000000064,211.5578141067493,-173.0504664501891,-58.989098980812116,32,32,-0.31570000000000675,149.33333333333334,88.0,-126.0
36.55000000000006,211.54968165661072,-173.03693761137185,-58.989098980812116,32,32,-0.31570000000000675,149.33333333333334,88.0,-126.0
36.60000000000006,211.54154920647213,-173.0234087725546,-58.989098980812116,32,32,-0.31570000000000675,149.33333333333334,88.0,-126.0
36.650000000000055,211.53341675633354,-173.00987993373735,-58.989098980812116,32,32,-0.31570000000000675,149.33333333333334,88.0,-126.0
36.70000000000005,211.52528430619495,-172.9963510949201,-58.989098980812116,32,32,-0.31570000000000675,149.33333333333334,88.0,-126.0
36.75000000000005,211.57911767426478,-173.08590626552603,-58.989098980812116,33,33,2.0897999999999968,154.0,88.0,-127.0
36.80000000000005,211.5709852241262,-173.07237742670878,-58.989098980812116,32,32,-0.31570000000000675,149.33333333333334,88.0,-126.0
36.850000000000044,211.5628527739876,-173.05884858789153,-58.989098980812116,32,32,-0.31570000000000675,149.33333333333334,88.0,-126.0
36.90000000000004,211.554720323849,-173.04531974907428,-58.989098980812116,32,32,-0.31570000000000675,149.33333333333334,88.0,-126.0
36.95000000000004,211.54658787371042,-173.03179091025703,-58.989098980812116,32,32,-0.31570000000000675,149.33333333333334,88.0,-126.0
37.000000000000036,211.53845542357183,-173.01826207143978,-58.989098980812116,32,32,-0.31570000000000675,149.33333333333334,88.0,-126.0
37.05000000000003,211.53032297343324,-173.00473323262253,-58.989098980812116,32,32,-0.31570000000000675,149.33333333333334,88.0,-126.0
37.10000000000003,211.52219052329465,-172.99120439380528,-58.989098980812116,32,32,-0.31570000000000675,149.33333333333334,88.0,-126.0
37.15000000000003,211.57602389136449,-173.0807595644112,-58.989098980812116,33,33,2.0897999999999968,154.0,88.0,-127.0
37.200000000000024,211.5678914412259,-173.06723072559396,-58.989098980812116,32,32,-0.31570000000000675,149.33333333333334,88.0,-126.0
37.25000000000002,211.5597589910873,-173.0537018867767,-58.989098980812116,32,32,-0.31570000000000675,149.33333333333334,88.0,-126.0
37.30000000000002,211.55162654094872,-173.04017304795946,-58.989098980812116,32,32,-0.31570000000000675,149.33333333333334,88.0,-126.0
37.350000000000016,211.54349409081013,-173.0266442091422,-58.989098980812116,32,32,-0.31570000000000675,149.33333333333334,88.0,-126.0
37.40000000000001,211.53536164067154,-173.01311537032495,-58.989098980812116,32,32,-0.31570000000000675,149.33333333333334,88.0,-126.0
37.45000000000001,211.52722919053295,-172.9995865315077,-58.989098980812116,32,32,-0.31570000000000675,149.33333333333334,88.0,-126.0
37.50000000000001,211.58106255860278,-173.08914170211364,-58.989098980812116,33,33,2.0897999999999968,154.0,88.0,-127.0
37.550000000000004,211.5729301084642,-173.07561286329639,-58.989098980812116,32,32,-0.31570000000000675,149.33333333333334,88.0,-126.0
37.6,211.5647976583256,-173.06208402447913,-58.989098980812116,32,32,-0.31570000000000675,149.33333333333334,88.0,-126.0
37.65,211.556665208187,-173.04855518566188,-58.989098980812116,32,32,-0.31570000000000675,149.33333333333334,88.0,-126.0
37.699999999999996,211.54853275804842,-173.03502634684463,-58.989098980812116,32,32,-0.31570000000000675,149.33333333333334,88.0,-126.0
37.74999999999999,211.54040030790983,-173.02149750802738,-58.989098980812116,32,32,-0.31570000000000675,149.33333333333334,88.0,-126.0
37.79999999999999,211.53226785777125,-173.00796866921013,-58.989098980812116,32,32,-0.31570000000000675,149.33333333333334,88.0,-126.0
37.84999999999999,211.52413540763266,-172.99443983039288,-58.989098980812116,32,32,-0.31570000000000675,149.33333333333334,88.0,-126.0
37.899999999999984,211.5779687757025,-173.0839950009988,-58.989098980812116,33,33,2.0897999999999968,154.0,88.0,-127.0
37.94999999999998,211.5698363255639,-173.07046616218156,-58.989098980812116,32,32,-0.31570000000000675,149.33333333333334,88.0,-126.0
37.99999999999998,211.5617038754253,-173.0569373233643,-58.989098980812116,32,32,-0.31570000000000675,149.33333333333334,88.0,-126.0
38.049999999999976,211.55357142528672,-173.04340848454706,-58.989098980812116,32,32,-0.31570000000000675,149.33333333333334,88.0,-126.0
38.09999999999997,211.54543897514813,-173.0298796457298,-58.989098980812116,32,32,-0.31570000000000675,149.33333333333334,88.0,-126.0
38.14999999999997,211.53730652500954,-173.01635080691256,-58.989098980812116,32,32,-0.31570000000000675,149.33333333333334,88.0,-126.0
38.19999999999997,211.52917407487095,-173.0028219680953,-58.989098980812116,32,32,-0.31570000000000675,149.33333333333334,88.0,-126.0
38.249999999999964,211.52104162473236,-172.98929312927805,-58.989098980812116,32,32,-0.31570000000000675,149.33333333333334,88.0,-126.0
38.29999999999996,211.5748749928022,-173.078848299884,-58.989098980812116,33,33,2.0897999999999968,154.0,88.0,-127.0
38.34999999999996,211.5667425426636,-173.06531946106674,-58.989098980812116,32,32,-0.31570000000000675,149.33333333333334,88.0,-126.0
38.399999999999956,211.55861009252502,-173.05179062224948,-58.989098980812116,32,32,-0.31570000000000675,149.33333333333334,88.0,-126.0
38.44999999999995,211.55047764238643,-173.03826178343223,-58.989098980812116,32,32,-0.31570000000000675,149.33333333333334,88.0,-126.0
38.49999999999995,211.54234519224784,-173.02473294461498,-58.989098980812116,32,32,-0.31570000000000675,149.33333333333334,88.0,-126.0
38.54999999999995,211.53421274210925,-173.01120410579773,-58.989098980812116,32,32,-0.31570000000000675,149.33333333333334,88.0,-126.0
38.599999999999945,211.52608029197066,-172.99767526698048,-58.989098980812116,32,32,-0.31570000000000675,149.33333333333334,88.0,-126.0
38.64999999999994,211.5799136600405,-173.0872304375864,-58.989098980812116,33,33,2.0897999999999968,154.0,88.0,-127.0
38.69999999999994,211.5717812099019,-173.07370159876916,-58.989098980812116,32,32,-0.31570000000000675,149.33333333333334,88.0,-126.0
38.749999999999936,211.5636487597633,-173.0601727599519,-58.989098980812116,32,32,-0.31570000000000675,149.33333333333334,88.0,-126.0
38.79999999999993,211.55551630962472,-173.04664392113466,-58.989098980812116,32,32,-0.31570000000000675,149.33333333333334,88.0,-126.0
38.84999999999993,211.54738385948613,-173.0331150823174,-58.989098980812116,32,32,-0.31570000000000675,149.33333333333334,88.0,-126.0
38.89999999999993,211.53925140934754,-173.01958624350016,-58.989098980812116,32,32,-0.31570000000000675,149.33333333333334,88.0,-126.0
38.949999999999925,211.53111895920895,-173.0060574046829,-58.989098980812116,32,32,-0.31570000000000675,149.33333333333334,88.0,-126.0
38.99999999999992,211.52298650907036,-172.99252856586565,-58.989098980812116,32,32,-0.31570000000000675,149.33333333333334,88.0,-126.0
39.04999999999992,211.5768198771402,-173.0820837364716,-58.989098980812116,33,33,2.0897999999999968,154.0,88.0,-127.0
39.099999999999916,211.5686874270016,-173.06855489765434,-58.989098980812116,32,32,-0.31570000000000675,149.33333333333334,88.0,-126.0
39.14999999999991,211.56055497686302,-173.0550260588371,-58.989098980812116,32,32,-0.31570000000000675,149.33333333333334,88.0,-126.0
39.19999999999991,211.55242252672443,-173.04149722001983,-58.989098980812116,32,32,-0.31570000000000675,149.33333333333334,88.0,-126.0
39.24999999999991,211.54429007658584,-173.02796838120258,-58.989098980812116,32,32,-0.31570000000000675,149.33333333333334,88.0,-126.0
39.299999999999905,211.53615762644725,-173.01443954238533,-58.989098980812116,32,32,-0.31570000000000675,149.33333333333334,88.0,-126.0
39.3499999999999,211.52802517630866,-173.00091070356808,-58.989098980812116,32,32,-0.31570000000000675,149.33333333333334,88.0,-126.0
39.3999999999999,211.51989272617007,-172.98738186475083,-58.989098980812116,32,32,-0.31570000000000675,149.33333333333334,88.0,-126.0
39.449999999999896,211.5737260942399,-173.07693703535676,-58.989098980812116,33,33,2.0897999999999968,154.0,88.0,-127.0
39.49999999999989,211.5655936441013,-173.0634081965395,-58.989098980812116,32,32,-0.31570000000000675,149.33333333333334,88.0,-126.0
39.54999999999989,211.55746119396272,-173.04987935772226,-58.989098980812116,32,32,-0.31570000000000675,149.33333333333334,88.0,-126.0
39.59999999999989,211.54932874382413,-173.036350518905,-58.989098980812116,32,32,-0.31570000000000675,149.33333333333334,88.0,-126.0
39.649999999999885,211.54119629368554,-173.02282168008776,-58.989098980812116,32,32,-0.31570000000000675,149.33333333333334,88.0,-126.0
39.69999999999988,211.53306384354696,-173.0092928412705,-58.989098980812116,32,32,-0.31570000000000675,149.33333333333334,88.0,-126.0
39.74999999999988,211.52493139340837,-172.99576400245326,-58.989098980812116,32,32,-0.31570000000000675,149.33333333333334,88.0,-126.0
39.799999999999876,211.5787647614782,-173.0853191730592,-58.989098980812116,33,33,2.0897999999999968,154.0,88.0,-127.0
39.84999999999987,211.5706323113396,-173.07179033424194,-58.989098980812116,32,32,-0.31570000000000675,149.33333333333334,88.0,-126.0
39.89999999999987,211.56249986120102,-173.0582614954247,-58.989098980812116,32,32,-0.31570000000000675,149.33333333333334,88.0,-126.0
39.94999999999987,211.55436741106243,-173.04473265660744,-58.989098980812116,32,32,-0.31570000000000675,149.33333333333334,88.0,-126.0
39.999999999999865,211.54623496092384,-173.03120381779019,-58.989098980812116,32,32,-0.31570000000000675,149.33333333333334,88.0,-126.0
40.04999999999986,211.53810251078525,-173.01767497897293,-58.989098980812116,32,32,-0.31570000000000675,149.33333333333334,88.0,-126.0
40.09999999999986,211.52997006064666,-173.00414614015568,-58.989098980812116,32,32,-0.31570000000000675,149.33333333333334,88.0,-126.0
40.14999999999986,211.52183761050807,-172.99061730133843,-58.989098980812116,32,32,-0.31570000000000675,149.33333333333334,88.0,-126.0
40.199999999999854,211.5756709785779,-173.08017247194437,-58.989098980812116,33,33,2.0897999999999968,154.0,88.0,-127.0
40.24999999999985,211.56753852843931,-173.06664363312711,-58.989098980812116,32,32,-0.31570000000000675,149.33333333333334,88.0,-126.0
40.29999999999985,211.55940607830073,-173.05311479430986,-58.989098980812116,32,32,-0.31570000000000675,149.33333333333334,88.0,-126.0
40.349999999999845,211.55127362816214,-173.0395859554926,-58.989098980812116,32,32,-0.31570000000000675,149.33333333333334,88.0,-126.0
40.39999999999984,211.54314117802355,-173.02605711667536,-58.989098980812116,32,32,-0.31570000000000675,149.33333333333334,88.0,-126.0
40.44999999999984,211.53500872788496,-173.0125282778581,-58.989098980812116,32,32,-0.31570000000000675,149.33333333333334,88.0,-126.0
40.49999999999984,211.52687627774637,-172.99899943904086,-58.989098980812116,32,32,-0.31570000000000675,149.33333333333334,88.0,-126.0
40.549999999999834,211.5807096458162,-173.0885546096468,-58.989098980812116,33,33,2.0897999999999968,154.0,88.0,-127.0
40.59999999999983,211.5725771956776,-173.07502577082954,-58.989098980812116,32,32,-0.31570000000000675,149.33333333333334,88.0,-126.0
40.64999999999983,211.56444474553902,-173.0614969320123,-58.989098980812116,32,32,-0.31570000000000675,149.33333333333334,88.0,-126.0
40.699999999999825,211.55631229540043,-173.04796809319504,-58.989098980812116,32,32,-0.31570000000000675,149.33333333333334,88.0,-126.0
40.74999999999982,211.54817984526184,-173.0344392543778,-58.989098980812116,32,32,-0.31570000000000675,149.33333333333334,88.0,-126.0
40.79999999999982,211.54004739512325,-173.02091041556054,-58.989098980812116,32,32,-0.31570000000000675,149.33333333333334,88.0,-126.0
40.84999999999982,211.53191494498466,-173.00738157674328,-58.989098980812116,32,32,-0.31570000000000675,149.33333333333334,88.0,-126.0
40.899999999999814,211.52378249484607,-172.99385273792603,-58.989098980812116,32,32,-0.31570000000000675,149.33333333333334,88.0,-126.0
40.94999999999981,211.5776158629159,-173.08340790853197,-58.989098980812116,33,33,2.0897999999999968,154.0,88.0,-127.0
40.99999999999981,211.56948341277732,-173.06987906971472,-58.989098980812116,32,32,-0.31570000000000675,149.33333333333334,88.0,-126.0
41.049999999999805,211.56135096263873,-173.05635023089746,-58.989098980812116,32,32,-0.31570000000000675,149.33333333333334,88.0,-126.0
41.0999999999998,211.55321851250014,-173.0428213920802,-58.989098980812116,32,32,-0.31570000000000675,149.33333333333334,88.0,-126.0
41.1499999999998,211.54508606236155,-173.02929255326296,-58.989098980812116,32,32,-0.31570000000000675,149.33333333333334,88.0,-126.0
41.1999999999998,211.53695361222296,-173.0157637144457,-58.989098980812116,32,32,-0.31570000000000675,149.33333333333334,88.0,-126.0
41.249999999999794,211.52882116208437,-173.00223487562846,-58.989098980812116,32,32,-0.31570000000000675,149.33333333333334,88.0,-126.0
41.29999999999979,211.52068871194578,-172.9887060368112,-58.989098980812116,32,32,-0.31570000000000675,149.33333333333334,88.0,-126.0
41.34999999999979,211.5745220800156,-173.07826120741714,-58.989098980812116,33,33,2.0897999999999968,154.0,88.0,-127.0
41.399999999999785,211.56638962987702,-173.0647323685999,-58.989098980812116,32,32,-0.31570000000000675,149.33333333333334,88.0,-126.0
41.44999999999978,211.55825717973843,-173.05120352978264,-58.989098980812116,32,32,-0.31570000000000675,149.33333333333334,88.0,-126.0
41.49999999999978,211.55012472959984,-173.0376746909654,-58.989098980812116,32,32,-0.31570000000000675,149.33333333333334,88.0,-126.0
41.54999999999978,211.54199227946125,-173.02414585214814,-58.989098980812116,32,32,-0.31570000000000675,149.33333333333334,88.0,-126.0
41.599999999999774,211.53385982932267,-173.0106170133309,-58.989098980812116,32,32,-0.31570000000000675,149.33333333333334,88.0,-126.0
41.64999999999977,211.52572737918408,-172.99708817451364,-58.989098980812116,32,32,-0.31570000000000675,149.33333333333334,88.0,-126.0
41.69999999999977,211.5795607472539,-173.08664334511957,-58.989098980812116,33,33,2.0897999999999968,154.0,88.0,-127.0
41.749999999999766,211.57142829711532,-173.07311450630232,-58.989098980812116,32,32,-0.31570000000000675,149.33333333333334,88.0,-126.0
41.79999999999976,211.56329584697673,-173.05958566748507,-58.989098980812116,32,32,-0.31570000000000675,149.33333333333334,88.0,-126.0
41.84999999999976,211.55516339683814,-173.04605682866782,-58.989098980812116,32,32,-0.31570000000000675,149.33333333333334,88.0,-126.0
41.89999999999976,211.54703094669955,-173.03252798985056,-58.989098980812116,32,32,-0.31570000000000675,149.33333333333334,88.0,-126.0
41.949999999999754,211.53889849656096,-173.0189991510333,-58.989098980812116,32,32,-0.31570000000000675,149.33333333333334,88.0,-126.0
41.99999999999975,211.53076604642237,-173.00547031221606,-58.989098980812116,32,32,-0.31570000000000675,149.33333333333334,88.0,-126.0
42.04999999999975,211.52263359628378,-172.9919414733988,-58.989098980812116,32,32,-0.31570000000000675,149.33333333333334,88.0,-126.0
42.099999999999746,211.5764669643536,-173.08149664400474,-58.989098980812116,33,33,2.0897999999999968,154.0,88.0,-127.0
42.14999999999974,211.56833451421502,-173.0679678051875,-58.989098980812116,32,32,-0.31570000000000675,149.33333333333334,88.0,-126.0
42.19999999999974,211.56020206407644,-173.05443896637024,-58.989098980812116,32,32,-0.31570000000000675,149.33333333333334,88.0,-126.0
42.24999999999974,211.55206961393785,-173.040910127553,-58.989098980812116,32,32,-0.31570000000000675,149.33333333333334,88.0,-126.0
42.299999999999734,211.54393716379926,-173.02738128873574,-58.989098980812116,32,32,-0.31570000000000675,149.33333333333334,88.0,-126.0
42.34999999999973,211.53580471366067,-173.0138524499185,-58.989098980812116,32,32,-0.31570000000000675,149.33333333333334,88.0,-126.0
42.39999999999973,211.52767226352208,-173.00032361110124,-58.989098980812116,32,32,-0.31570000000000675,149.33333333333334,88.0,-126.0
42.449999999999726,211.5195398133835,-172.986794772284,-58.989098980812116,32,32,-0.31570000000000675,149.33333333333334,88.0,-126.0
42.49999999999972,211.57337318145332,-173.07634994288992,-58.989098980812116,33,33,2.0897999999999968,154.0,88.0,-127.0
42.54999999999972,211.56524073131473,-173.06282110407267,-58.989098980812116,32,32,-0.31570000000000675,149.33333333333334,88.0,-126.0
42.59999999999972,211.55710828117614,-173.04929226525542,-58.989098980812116,32,32,-0.31570000000000675,149.33333333333334,88.0,-126.0
42.649999999999714,211.54897583103755,-173.03576342643817,-58.989098980812116,32,32,-0.31570000000000675,149.33333333333334,88.0,-126.0
42.69999999999971,211.54084338089896,-173.02223458762091,-58.989098980812116,32,32,-0.31570000000000675,149.33333333333334,88.0,-126.0
42.74999999999971,211.53271093076037,-173.00870574880366,-58.989098980812116,32,32,-0.31570000000000675,149.33333333333334,88.0,-126.0
42.799999999999706,211.52457848062178,-172.9951769099864,-58.989098980812116,32,32,-0.31570000000000675,149.33333333333334,88.0,-126.0
42.8499999999997,211.57841184869162,-173.08473208059235,-58.989098980812116,33,33,2.0897999999999968,154.0,88.0,-127.0
42.8999999999997,211.57027939855303,-173.0712032417751,-58.989098980812116,32,32,-0.31570000000000675,149.33333333333334,88.0,-126.0
42.9499999999997,211.56214694841444,-173.05767440295784,-58.989098980812116,32,32,-0.31570000000000675,149.33333333333334,88.0,-126.0
42.999999999999694,211.55401449827585,-173.0441455641406,-58.989098980812116,32,32,-0.31570000000000675,149.33333333333334,88.0,-126.0
43.04999999999969,211.54588204813726,-173.03061672532334,-58.989098980812116,32,32,-0.31570000000000675,149.33333333333334,88.0,-126.0
43.09999999999969,211.53774959799867,-173.0170878865061,-58.989098980812116,32,32,-0.31570000000000675,149.33333333333334,88.0,-126.0
43.149999999999686,211.52961714786008,-173.00355904768884,-58.989098980812116,32,32,-0.31570000000000675,149.33333333333334,88.0,-126.0
43.19999999999968,211.5214846977215,-172.9900302088716,-58.989098980812116,32,32,-0.31570000000000675,149.33333333333334,88.0,-126.0
43.24999999999968,211.57531806579132,-173.07958537947752,-58.989098980812116,33,33,2.0897999999999968,154.0,88.0,-127.0
43.29999999999968,211.56718561565273,-173.06605654066027,-58.989098980812116,32,32,-0.31570000000000675,149.33333333333334,88.0,-126.0
43.349999999999675,211.55905316551414,-173.05252770184302,-58.989098980812116,32,32,-0.31570000000000675,149.33333333333334,88.0,-126.0
43.39999999999967,211.55092071537555,-173.03899886302577,-58.989098980812116,32,32,-0.31570000000000675,149.33333333333334,88.0,-126.0
43.44999999999967,211.54278826523696,-173.02547002420852,-58.989098980812116,32,32,-0.31570000000000675,149.33333333333334,88.0,-126.0
43.499999999999666,211.53465581509838,-173.01194118539127,-58.989098980812116,32,32,-0.31570000000000675,149.33333333333334,88.0,-126.0
43.54999999999966,211.5265233649598,-172.998412346574,-58.989098980812116,32,32,-0.31570000000000675,149.33333333333334,88.0,-126.0
43.59999999999966,211.58035673302962,-173.08796751717995,-58.989098980812116,33,33,2.0897999999999968,154.0,88.0,-127.0
43.64999999999966,211.57222428289103,-173.0744386783627,-58.989098980812116,32,32,-0.31570000000000675,149.33333333333334,88.0,-126.0
43.699999999999655,211.56409183275244,-173.06090983954545,-58.989098980812116,32,32,-0.31570000000000675,149.33333333333334,88.0,-126.0
43.74999999999965,211.55595938261385,-173.0473810007282,-58.989098980812116,32,32,-0.31570000000000675,149.33333333333334,88.0,-126.0
43.79999999999965,211.54782693247526,-173.03385216191094,-58.989098980812116,32,32,-0.31570000000000675,149.33333333333334,88.0,-126.0
43.849999999999646,211.53969448233667,-173.0203233230937,-58.989098980812116,32,32,-0.31570000000000675,149.33333333333334,88.0,-126.0
43.89999999999964,211.53156203219808,-173.00679448427644,-58.989098980812116,32,32,-0.31570000000000675,149.33333333333334,88.0,-126.0
43.94999999999964,211.5234295820595,-172.9932656454592,-58.989098980812116,32,32,-0.31570000000000675,149.33333333333334,88.0,-126.0
43.99999999999964,211.57726295012932,-173.08282081606512,-58.989098980812116,33,33,2.0897999999999968,154.0,88.0,-127.0
44.049999999999635,211.56913049999073,-173.06929197724787,-58.989098980812116,32,32,-0.31570000000000675,149.33333333333334,88.0,-126.0
44.09999999999963,211.56099804985215,-173.05576313843062,-58.989098980812116,32,32,-0.31570000000000675,149.33333333333334,88.0,-126.0
44.14999999999963,211.55286559971356,-173.04223429961337,-58.989098980812116,32,32,-0.31570000000000675,149.33333333333334,88.0,-126.0
44.199999999999626,211.54473314957497,-173.02870546079612,-58.989098980812116,32,32,-0.31570000000000675,149.33333333333334,88.0,-126.0
44.24999999999962,211.53660069943638,-173.01517662197887,-58.989098980812116,32,32,-0.31570000000000675,149.33333333333334,88.0,-126.0
44.29999999999962,211.5284682492978,-173.00164778316162,-58.989098980812116,32,32,-0.31570000000000675,149.33333333333334,88.0,-126.0
44.34999999999962,211.5203357991592,-172.98811894434436,-58.989098980812116,32,32,-0.31570000000000675,149.33333333333334,88.0,-126.0
44.399999999999615,211.57416916722903,-173.0776741149503,-58.989098980812116,33,33,2.0897999999999968,154.0,88.0,-127.0
44.44999999999961,211.56603671709044,-173.06414527613305,-58.989098980812116,32,32,-0.31570000000000675,149.33333333333334,88.0,-126.0
44.49999999999961,211.55790426695185,-173.0506164373158,-58.989098980812116,32,32,-0.31570000000000675,149.33333333333334,88.0,-126.0
44.549999999999606,211.54977181681326,-173.03708759849854,-58.989098980812116,32,32,-0.31570000000000675,149.33333333333334,88.0,-126.0
44.5999999999996,211.54163936667467,-173.0235587596813,-58.989098980812116,32,32,-0.31570000000000675,149.33333333333334,88.0,-126.0
44.6499999999996,211.53350691653608,-173.01002992086404,-58.989098980812116,32,32,-0.31570000000000675,149.33333333333334,88.0,-126.0
44.6999999999996,211.5253744663975,-172.9965010820468,-58.989098980812116,32,32,-0.31570000000000675,149.33333333333334,88.0,-126.0
44.749999999999595,211.57920783446733,-173.08605625265272,-58.989098980812116,33,33,2.0897999999999968,154.0,88.0,-127.0
44.79999999999959,211.57107538432874,-173.07252741383547,-58.989098980812116,32,32,-0.31570000000000675,149.33333333333334,88.0,-126.0
44.84999999999959,211.56294293419015,-173.05899857501822,-58.989098980812116,32,32,-0.31570000000000675,149.33333333333334,88.0,-126.0
44.89999999999959,211.55481048405156,-173.04546973620097,-58.989098980812116,32,32,-0.31570000000000675,149.33333333333334,88.0,-126.0
44.949999999999584,211.54667803391297,-173.03194089738372,-58.989098980812116,32,32,-0.31570000000000675,149.33333333333334,88.0,-126.0
44.99999999999958,211.53854558377438,-173.01841205856647,-58.989098980812116,32,32,-0.31570000000000675,149.33333333333334,88.0,-126.0
45.04999999999958,211.5304131336358,-173.00488321974922,-58.989098980812116,32,32,-0.31570000000000675,149.33333333333334,88.0,-126.0
45.099999999999575,211.5222806834972,-172.99135438093197,-58.989098980812116,32,32,-0.31570000000000675,149.33333333333334,88.0,-126.0
45.14999999999957,211.57611405156703,-173.0809095515379,-58.989098980812116,33,33,2.0897999999999968,154.0,88.0,-127.0
45.19999999999957,211.56798160142844,-173.06738071272065,-58.989098980812116,32,32,-0.31570000000000675,149.33333333333334,88.0,-126.0
45.24999999999957,211.55984915128985,-173.0538518739034,-58.989098980812116,32,32,-0.31570000000000675,149.33333333333334,88.0,-126.0
45.299999999999564,211.55171670115126,-173.04032303508615,-58.989098980812116,32,32,-0.31570000000000675,149.33333333333334,88.0,-126.0
45.34999999999956,211.54358425101267,-173.0267941962689,-58.989098980812116,32,32,-0.31570000000000675,149.33333333333334,88.0,-126.0
45.39999999999956,211.53545180087409,-173.01326535745164,-58.989098980812116,32,32,-0.31570000000000675,149.33333333333334,88.0,-126.0
45.449999999999555,211.5273193507355,-172.9997365186344,-58.989098980812116,32,32,-0.31570000000000675,149.33333333333334,88.0,-126.0
45.49999999999955,211.58115271880533,-173.08929168924033,-58.989098980812116,33,33,2.0897999999999968,154.0,88.0,-127.0
45.54999999999955,211.57302026866674,-173.07576285042308,-58.989098980812116,32,32,-0.31570000000000675,149.33333333333334,88.0,-126.0
45.59999999999955,211.56488781852815,-173.06223401160582,-58.989098980812116,32,32,-0.31570000000000675,149.33333333333334,88.0,-126.0
45.649999999999544,211.55675536838956,-173.04870517278857,-58.989098980812116,32,32,-0.31570000000000675,149.33333333333334,88.0,-126.0
45.69999999999954,211.54862291825097,-173.03517633397132,-58.989098980812116,32,32,-0.31570000000000675,149.33333333333334,88.0,-126.0
45.74999999999954,211.54049046811238,-173.02164749515407,-58.989098980812116,32,32,-0.31570000000000675,149.33333333333334,88.0,-126.0
45.799999999999535,211.5323580179738,-173.00811865633682,-58.989098980812116,32,32,-0.31570000000000675,149.33333333333334,88.0,-126.0
45.84999999999953,211.5242255678352,-172.99458981751957,-58.989098980812116,32,32,-0.31570000000000675,149.33333333333334,88.0,-126.0
45.89999999999953,211.57805893590503,-173.0841449881255,-58.989098980812116,33,33,2.0897999999999968,154.0,88.0,-127.0
45.94999999999953,211.56992648576644,-173.07061614930825,-58.989098980812116,32,32,-0.31570000000000675,149.33333333333334,88.0,-126.0
45.999999999999524,211.56179403562786,-173.057087310491,-58.989098980812116,32,32,-0.31570000000000675,149.33333333333334,88.0,-126.0
46.04999999999952,211.55366158548927,-173.04355847167375,-58.989098980812116,32,32,-0.31570000000000675,149.33333333333334,88.0,-126.0
46.09999999999952,211.54552913535068,-173.0300296328565,-58.989098980812116,32,32,-0.31570000000000675,149.33333333333334,88.0,-126.0
46.149999999999515,211.5373966852121,-173.01650079403925,-58.989098980812116,32,32,-0.31570000000000675,149.33333333333334,88.0,-126.0
46.19999999999951,211.5292642350735,-173.002971955222,-58.989098980812116,32,32,-0.31570000000000675,149.33333333333334,88.0,-126.0
46.24999999999951,211.5211317849349,-172.98944311640474,-58.989098980812116,32,32,-0.31570000000000675,149.33333333333334,88.0,-126.0
46.29999999999951,211.57496515300474,-173.07899828701068,-58.989098980812116,33,33,2.0897999999999968,154.0,88.0,-127.0
46.349999999999504,211.56683270286615,-173.06546944819343,-58.989098980812116,32,32,-0.31570000000000675,149.33333333333334,88.0,-126.0
46.3999999999995,211.55870025272756,-173.05194060937617,-58.989098980812116,32,32,-0.31570000000000675,149.33333333333334,88.0,-126.0
46.4499999999995,211.55056780258897,-173.03841177055892,-58.989098980812116,32,32,-0.31570000000000675,149.33333333333334,88.0,-126.0
46.499999999999496,211.54243535245038,-173.02488293174167,-58.989098980812116,32,32,-0.31570000000000675,149.33333333333334,88.0,-126.0
46.54999999999949,211.5343029023118,-173.01135409292442,-58.989098980812116,32,32,-0.31570000000000675,149.33333333333334,88.0,-126.0
46.59999999999949,211.5261704521732,-172.99782525410717,-58.989098980812116,32,32,-0.31570000000000675,149.33333333333334,88.0,-126.0
46.64999999999949,211.58000382024304,-173.0873804247131,-58.989098980812116,33,33,2.0897999999999968,154.0,88.0,-127.0
46.699999999999484,211.57187137010445,-173.07385158589585,-58.989098980812116,32,32,-0.31570000000000675,149.33333333333334,88.0,-126.0
46.74999999999948,211.56373891996586,-173.0603227470786,-58.989098980812116,32,32,-0.31570000000000675,149.33333333333334,88.0,-126.0
46.79999999999948,211.55560646982727,-173.04679390826135,-58.989098980812116,32,32,-0.31570000000000675,149.33333333333334,88.0,-126.0
46.849999999999476,211.54747401968868,-173.0332650694441,-58.989098980812116,32,32,-0.31570000000000675,149.33333333333334,88.0,-126.0
46.89999999999947,211.5393415695501,-173.01973623062685,-58.989098980812116,32,32,-0.31570000000000675,149.33333333333334,88.0,-126.0
46.94999999999947,211.5312091194115,-173.0062073918096,-58.989098980812116,32,32,-0.31570000000000675,149.33333333333334,88.0,-126.0
46.99999999999947,211.5230766692729,-172.99267855299234,-58.989098980812116,32,32,-0.31570000000000675,149.33333333333334,88.0,-126.0
47.049999999999464,211.57691003734274,-173.08223372359828,-58.989098980812116,33,33,2.0897999999999968,154.0,88.0,-127.0
47.09999999999946,211.56877758720415,-173.06870488478103,-58.989098980812116,32,32,-0.31570000000000675,149.33333333333334,88.0,-126.0
47.14999999999946,211.56064513706556,-173.05517604596378,-58.989098980812116,32,32,-0.31570000000000675,149.33333333333334,88.0,-126.0
47.199999999999456,211.55251268692697,-173.04164720714653,-58.989098980812116,32,32,-0.31570000000000675,149.33333333333334,88.0,-126.0
47.24999999999945,211.54438023678838,-173.02811836832927,-58.989098980812116,32,32,-0.31570000000000675,149.33333333333334,88.0,-126.0
47.29999999999945,211.5362477866498,-173.01458952951202,-58.989098980812116,32,32,-0.31570000000000675,149.33333333333334,88.0,-126.0
47.34999999999945,211.5281153365112,-173.00106069069477,-58.989098980812116,32,32,-0.31570000000000675,149.33333333333334,88.0,-126.0
47.399999999999444,211.51998288637262,-172.98753185187752,-58.989098980812116,32,32,-0.31570000000000675,149.33333333333334,88.0,-126.0
47.44999999999944,211.57381625444245,-173.07708702248345,-58.989098980812116,33,33,2.0897999999999968,154.0,88.0,-127.0
47.49999999999944,211.56568380430386,-173.0635581836662,-58.989098980812116,32,32,-0.31570000000000675,149.33333333333334,88.0,-126.0
47.549999999999436,211.55755135416527,-173.05002934484895,-58.989098980812116,32,32,-0.31570000000000675,149.33333333333334,88.0,-126.0
47.59999999999943,211.54941890402668,-173.0365005060317,-58.989098980812116,32,32,-0.31570000000000675,149.33333333333334,88.0,-126.0
47.64999999999943,211.5412864538881,-173.02297166721445,-58.989098980812116,32,32,-0.31570000000000675,149.33333333333334,88.0,-126.0
47.69999999999943,211.5331540037495,-173.0094428283972,-58.989098980812116,32,32,-0.31570000000000675,149.33333333333334,88.0,-126.0
47.749999999999424,211.5250215536109,-172.99591398957995,-58.989098980812116,32,32,-0.31570000000000675,149.33333333333334,88.0,-126.0
47.79999999999942,211.57885492168074,-173.08546916018588,-58.989098980812116,33,33,2.0897999999999968,154.0,88.0,-127.0
47.84999999999942,211.57072247154215,-173.07194032136863,-58.989098980812116,32,32,-0.31570000000000675,149.33333333333334,88.0,-126.0
47.899999999999416,211.56259002140357,-173.05841148255138,-58.989098980812116,32,32,-0.31570000000000675,149.33333333333334,88.0,-126.0
47.94999999999941,211.55445757126498,-173.04488264373413,-58.989098980812116,32,32,-0.31570000000000675,149.33333333333334,88.0,-126.0
47.99999999999941,211.5463251211264,-173.03135380491688,-58.989098980812116,32,32,-0.31570000000000675,149.33333333333334,88.0,-126.0
48.04999999999941,211.5381926709878,-173.01782496609962,-58.989098980812116,32,32,-0.31570000000000675,149.33333333333334,88.0,-126.0
48.099999999999405,211.5300602208492,-173.00429612728237,-58.989098980812116,32,32,-0.31570000000000675,149.33333333333334,88.0,-126.0
48.1499999999994,211.52192777071062,-172.99076728846512,-58.989098980812116,32,32,-0.31570000000000675,149.33333333333334,88.0,-126.0
48.1999999999994,211.57576113878045,-173.08032245907106,-58.989098980812116,33,33,2.0897999999999968,154.0,88.0,-127.0
48.249999999999396,211.56762868864186,-173.0667936202538,-58.989098980812116,32,32,-0.31570000000000675,149.33333333333334,88.0,-126.0
48.29999999999939,211.55949623850327,-173.05326478143655,-58.989098980812116,32,32,-0.31570000000000675,149.33333333333334,88.0,-126.0
48.34999999999939,211.55136378836468,-173.0397359426193,-58.989098980812116,32,32,-0.31570000000000675,149.33333333333334,88.0,-126.0
48.39999999999939,211.5432313382261,-173.02620710380205,-58.989098980812116,32,32,-0.31570000000000675,149.33333333333334,88.0,-126.0
48.449999999999385,211.5350988880875,-173.0126782649848,-58.989098980812116,32,32,-0.31570000000000675,149.33333333333334,88.0,-126.0
48.49999999999938,211.52696643794891,-172.99914942616755,-58.989098980812116,32,32,-0.31570000000000675,149.33333333333334,88.0,-126.0
48.54999999999938,211.58079980601875,-173.08870459677348,-58.989098980812116,33,33,2.0897999999999968,154.0,88.0,-127.0
48.599999999999376,211.57266735588016,-173.07517575795623,-58.989098980812116,32,32,-0.31570000000000675,149.33333333333334,88.0,-126.0
48.64999999999937,211.56453490574157,-173.06164691913898,-58.989098980812116,32,32,-0.31570000000000675,149.33333333333334,88.0,-126.0
48.69999999999937,211.55640245560298,-173.04811808032173,-58.989098980812116,32,32,-0.31570000000000675,149.33333333333334,88.0,-126.0
48.74999999999937,211.5482700054644,-173.03458924150448,-58.989098980812116,32,32,-0.31570000000000675,149.33333333333334,88.0,-126.0
48.799999999999365,211.5401375553258,-173.02106040268723,-58.989098980812116,32,32,-0.31570000000000675,149.33333333333334,88.0,-126.0
48.84999999999936,211.5320051051872,-173.00753156386997,-58.989098980812116,32,32,-0.31570000000000675,149.33333333333334,88.0,-126.0
48.89999999999936,211.52387265504862,-172.99400272505272,-58.989098980812116,32,32,-0.31570000000000675,149.33333333333334,88.0,-126.0
48.949999999999356,211.57770602311845,-173.08355789565866,-58.989098980812116,33,33,2.0897999999999968,154.0,88.0,-127.0
48.99999999999935,211.56957357297986,-173.0700290568414,-58.989098980812116,32,32,-0.31570000000000675,149.33333333333334,88.0,-126.0
49.04999999999935,211.56144112284127,-173.05650021802415,-58.989098980812116,32,32,-0.31570000000000675,149.33333333333334,88.0,-126.0
49.09999999999935,211.55330867270268,-173.0429713792069,-58.989098980812116,32,32,-0.31570000000000675,149.33333333333334,88.0,-126.0
49.149999999999345,211.5451762225641,-173.02944254038965,-58.989098980812116,32,32,-0.31570000000000675,149.33333333333334,88.0,-126.0
49.19999999999934,211.5370437724255,-173.0159137015724,-58.989098980812116,32,32,-0.31570000000000675,149.33333333333334,88.0,-126.0
49.24999999999934,211.52891132228692,-173.00238486275515,-58.989098980812116,32,32,-0.31570000000000675,149.33333333333334,88.0,-126.0
49.299999999999336,211.52077887214833,-172.9888560239379,-58.989098980812116,32,32,-0.31570000000000675,149.33333333333334,88.0,-126.0
49.34999999999933,211.57461224021816,-173.07841119454383,-58.989098980812116,33,33,2.0897999999999968,154.0,88.0,-127.0
49.39999999999933,211.56647979007957,-173.06488235572658,-58.989098980812116,32,32,-0.31570000000000675,149.33333333333334,88.0,-126.0
49.44999999999933,211.55834733994098,-173.05135351690933,-58.989098980812116,32,32,-0.31570000000000675,149.33333333333334,88.0,-126.0
49.499999999999325,211.5502148898024,-173.03782467809208,-58.989098980812116,32,32,-0.31570000000000675,149.33333333333334,88.0,-126.0
49.54999999999932,211.5420824396638,-173.02429583927483,-58.989098980812116,32,32,-0.31570000000000675,149.33333333333334,88.0,-126.0
49.59999999999932,211.5339499895252,-173.01076700045758,-58.989098980812116,32,32,-0.31570000000000675,149.33333333333334,88.0,-126.0
49.64999999999932,211.52581753938662,-172.99723816164033,-58.989098980812116,32,32,-0.31570000000000675,149.33333333333334,88.0,-126.0
49.699999999999314,211.57965090745645,-173.08679333224626,-58.989098980812116,33,33,2.0897999999999968,154.0,88.0,-127.0
49.74999999999931,211.57151845731786,-173.073264493429,-58.989098980812116,32,32,-0.31570000000000675,149.33333333333334,88.0,-126.0
49.79999999999931,211.56338600717928,-173.05973565461176,-58.989098980812116,32,32,-0.31570000000000675,149.33333333333334,88.0,-126.0
49.849999999999305,211.5552535570407,-173.0462068157945,-58.989098980812116,32,32,-0.31570000000000675,149.33333333333334,88.0,-126.0
49.8999999999993,211.5471211069021,-173.03267797697725,-58.989098980812116,32,32,-0.31570000000000675,149.33333333333334,88.0,-126.0
49.9499999999993,211.5389886567635,-173.01914913816,-58.989098980812116,32,32,-0.31570000000000675,149.33333333333334,88.0,-126.0
49.9999999999993,211.53085620662492,-173.00562029934275,-58.989098980812116,32,32,-0.31570000000000675,149.33333333333334,88.0,-126.0
50.049999999999294,211.52272375648633,-172.9920914605255,-58.989098980812116,32,32,-0.31570000000000675,149.33333333333334,88.0,-126.0
50.09999999999929,211.57655712455616,-173.08164663113143,-58.989098980812116,33,33,2.0897999999999968,154.0,88.0,-127.0
50.14999999999929,211.56842467441757,-173.06811779231418,-58.989098980812116,32,32,-0.31570000000000675,149.33333333333334,88.0,-126.0
50.199999999999285,211.56029222427898,-173.05458895349693,-58.989098980812116,32,32,-0.31570000000000675,149.33333333333334,88.0,-126.0
50.24999999999928,211.5521597741404,-173.04106011467968,-58.989098980812116,32,32,-0.31570000000000675,149.33333333333334,88.0,-126.0
50.29999999999928,211.5440273240018,-173.02753127586243,-58.989098980812116,32,32,-0.31570000000000675,149.33333333333334,88.0,-126.0
50.34999999999928,211.5358948738632,-173.01400243704518,-58.989098980812116,32,32,-0.31570000000000675,149.33333333333334,88.0,-126.0
50.399999999999274,211.52776242372462,-173.00047359822793,-58.989098980812116,32,32,-0.31570000000000675,149.33333333333334,88.0,-126.0
50.44999999999927,211.51962997358604,-172.98694475941068,-58.989098980812116,32,32,-0.31570000000000675,149.33333333333334,88.0,-126.0
50.49999999999927,211.57346334165587,-173.0764999300166,-58.989098980812116,33,33,2.0897999999999968,154.0,88.0,-127.0
50.549999999999265,211.56533089151728,-173.06297109119936,-58.989098980812116,32,32,-0.31570000000000675,149.33333333333334,88.0,-126.0
50.59999999999926,211.5571984413787,-173.0494422523821,-58.989098980812116,32,32,-0.31570000000000675,149.33333333333334,88.0,-126.0
50.64999999999926,211.5490659912401,-173.03591341356486,-58.989098980812116,32,32,-0.31570000000000675,149.33333333333334,88.0,-126.0
50.69999999999926,211.5409335411015,-173.0223845747476,-58.989098980812116,32,32,-0.31570000000000675,149.33333333333334,88.0,-126.0
50.749999999999254,211.53280109096292,-173.00885573593035,-58.989098980812116,32,32,-0.31570000000000675,149.33333333333334,88.0,-126.0
50.79999999999925,211.52466864082433,-172.9953268971131,-58.989098980812116,32,32,-0.31570000000000675,149.33333333333334,88.0,-126.0
50.84999999999925,211.57850200889416,-173.08488206771904,-58.989098980812116,33,33,2.0897999999999968,154.0,88.0,-127.0
50.899999999999245,211.57036955875557,-173.07135322890178,-58.989098980812116,32,32,-0.31570000000000675,149.33333333333334,88.0,-126.0
50.94999999999924,211.56223710861698,-173.05782439008453,-58.989098980812116,32,32,-0.31570000000000675,149.33333333333334,88.0,-126.0
50.99999999999924,211.5541046584784,-173.04429555126728,-58.989098980812116,32,32,-0.31570000000000675,149.33333333333334,88.0,-126.0
51.04999999999924,211.5459722083398,-173.03076671245003,-58.989098980812116,32,32,-0.31570000000000675,149.33333333333334,88.0,-126.0
51.099999999999234,211.53783975820122,-173.01723787363278,-58.989098980812116,32,32,-0.31570000000000675,149.33333333333334,88.0,-126.0
51.14999999999923,211.52970730806263,-173.00370903481553,-58.989098980812116,32,32,-0.31570000000000675,149.33333333333334,88.0,-126.0
51.19999999999923,211.52157485792404,-172.99018019599828,-58.989098980812116,32,32,-0.31570000000000675,149.33333333333334,88.0,-126.0
51.249999999999226,211.57540822599387,-173.0797353666042,-58.989098980812116,33,33,2.0897999999999968,154.0,88.0,-127.0
51.29999999999922,211.56727577585528,-173.06620652778696,-58.989098980812116,32,32,-0.31570000000000675,149.33333333333334,88.0,-126.0
51.34999999999922,211.5591433257167,-173.0526776889697,-58.989098980812116,32,32,-0.31570000000000675,149.33333333333334,88.0,-126.0
51.39999999999922,211.5510108755781,-173.03914885015246,-58.989098980812116,32,32,-0.31570000000000675,149.33333333333334,88.0,-126.0
51.449999999999214,211.5428784254395,-173.0256200113352,-58.989098980812116,32,32,-0.31570000000000675,149.33333333333334,88.0,-126.0
51.49999999999921,211.53474597530092,-173.01209117251796,-58.989098980812116,32,32,-0.31570000000000675,149.33333333333334,88.0,-126.0
51.54999999999921,211.52661352516233,-172.9985623337007,-58.989098980812116,32,32,-0.31570000000000675,149.33333333333334,88.0,-126.0
51.599999999999206,211.58044689323216,-173.08811750430664,-58.989098980812116,33,33,2.0897999999999968,154.0,88.0,-127.0
51.6499999999992,211.57231444309357,-173.0745886654894,-58.989098980812116,32,32,-0.31570000000000675,149.33333333333334,88.0,-126.0
51.6999999999992,211.56418199295499,-173.06105982667214,-58.989098980812116,32,32,-0.31570000000000675,149.33333333333334,88.0,-126.0
51.7499999999992,211.5560495428164,-173.04753098785488,-58.989098980812116,32,32,-0.31570000000000675,149.33333333333334,88.0,-126.0
51.799999999999194,211.5479170926778,-173.03400214903763,-58.989098980812116,32,32,-0.31570000000000675,149.33333333333334,88.0,-126.0
51.84999999999919,211.53978464253922,-173.02047331022038,-58.989098980812116,32,32,-0.31570000000000675,149.33333333333334,88.0,-126.0
51.89999999999919,211.53165219240063,-173.00694447140313,-58.989098980812116,32,32,-0.31570000000000675,149.33333333333334,88.0,-126.0
51.949999999999186,211.52351974226204,-172.99341563258588,-58.989098980812116,32,32,-0.31570000000000675,149.33333333333334,88.0,-126.0
51.99999999999918,211.57735311033187,-173.0829708031918,-58.989098980812116,33,33,2.0897999999999968,154.0,88.0,-127.0
52.04999999999918,211.56922066019328,-173.06944196437456,-58.989098980812116,32,32,-0.31570000000000675,149.33333333333334,88.0,-126.0
52.09999999999918,211.5610882100547,-173.0559131255573,-58.989098980812116,32,32,-0.31570000000000675,149.33333333333334,88.0,-126.0
52.149999999999174,211.5529557599161,-173.04238428674006,-58.989098980812116,32,32,-0.31570000000000675,149.33333333333334,88.0,-126.0
52.19999999999917,211.5448233097775,-173.0288554479228,-58.989098980812116,32,32,-0.31570000000000675,149.33333333333334,88.0,-126.0
52.24999999999917,211.53669085963892,-173.01532660910556,-58.989098980812116,32,32,-0.31570000000000675,149.33333333333334,88.0,-126.0
52.299999999999166,211.52855840950033,-173.0017977702883,-58.989098980812116,32,32,-0.31570000000000675,149.33333333333334,88.0,-126.0
52.34999999999916,211.52042595936175,-172.98826893147105,-58.989098980812116,32,32,-0.31570000000000675,149.33333333333334,88.0,-126.0
52.39999999999916,211.57425932743158,-173.077824102077,-58.989098980812116,33,33,2.0897999999999968,154.0,88.0,-127.0
52.44999999999916,211.566126877293,-173.06429526325974,-58.989098980812116,32,32,-0.31570000000000675,149.33333333333334,88.0,-126.0
52.499999999999154,211.5579944271544,-173.0507664244425,-58.989098980812116,32,32,-0.31570000000000675,149.33333333333334,88.0,-126.0
52.54999999999915,211.5498619770158,-173.03723758562523,-58.989098980812116,32,32,-0.31570000000000675,149.33333333333334,88.0,-126.0
52.59999999999915,211.54172952687722,-173.02370874680798,-58.989098980812116,32,32,-0.31570000000000675,149.33333333333334,88.0,-126.0
52.649999999999146,211.53359707673863,-173.01017990799073,-58.989098980812116,32,32,-0.31570000000000675,149.33333333333334,88.0,-126.0
52.69999999999914,211.52546462660004,-172.99665106917348,-58.989098980812116,32,32,-0.31570000000000675,149.33333333333334,88.0,-126.0
52.74999999999914,211.57929799466987,-173.08620623977941,-58.989098980812116,33,33,2.0897999999999968,154.0,88.0,-127.0
52.79999999999914,211.57116554453128,-173.07267740096216,-58.989098980812116,32,32,-0.31570000000000675,149.33333333333334,88.0,-126.0
52.849999999999135,211.5630330943927,-173.0591485621449,-58.989098980812116,32,32,-0.31570000000000675,149.33333333333334,88.0,-126.0
52.89999999999913,211.5549006442541,-173.04561972332766,-58.989098980812116,32,32,-0.31570000000000675,149.33333333333334,88.0,-126.0
52.94999999999913,211.54676819411551,-173.0320908845104,-58.989098980812116,32,32,-0.31570000000000675,149.33333333333334,88.0,-126.0
52.999999999999126,211.53863574397693,-173.01856204569316,-58.989098980812116,32,32,-0.31570000000000675,149.33333333333334,88.0,-126.0
53.04999999999912,211.53050329383834,-173.0050332068759,-58.989098980812116,32,32,-0.31570000000000675,149.33333333333334,88.0,-126.0
53.09999999999912,211.52237084369975,-172.99150436805866,-58.989098980812116,32,32,-0.31570000000000675,149.33333333333334,88.0,-126.0
53.14999999999912,211.57620421176958,-173.0810595386646,-58.989098980812116,33,33,2.0897999999999968,154.0,88.0,-127.0
53.199999999999115,211.568071761631,-173.06753069984734,-58.989098980812116,32,32,-0.31570000000000675,149.33333333333334,88.0,-126.0
53.24999999999911,211.5599393114924,-173.0540018610301,-58.989098980812116,32,32,-0.31570000000000675,149.33333333333334,88.0,-126.0
53.29999999999911,211.5518068613538,-173.04047302221284,-58.989098980812116,32,32,-0.31570000000000675,149.33333333333334,88.0,-126.0
53.349999999999106,211.54367441121522,-173.02694418339559,-58.989098980812116,32,32,-0.31570000000000675,149.33333333333334,88.0,-126.0
53.3999999999991,211.53554196107663,-173.01341534457833,-58.989098980812116,32,32,-0.31570000000000675,149.33333333333334,88.0,-126.0
53.4499999999991,211.52740951093804,-172.99988650576108,-58.989098980812116,32,32,-0.31570000000000675,149.33333333333334,88.0,-126.0
53.4999999999991,211.58124287900787,-173.08944167636702,-58.989098980812116,33,33,2.0897999999999968,154.0,88.0,-127.0
53.549999999999095,211.57311042886928,-173.07591283754977,-58.989098980812116,32,32,-0.31570000000000675,149.33333333333334,88.0,-126.0
53.59999999999909,211.5649779787307,-173.0623839987325,-58.989098980812116,32,32,-0.31570000000000675,149.33333333333334,88.0,-126.0
53.64999999999909,211.5568455285921,-173.04885515991526,-58.989098980812116,32,32,-0.31570000000000675,149.33333333333334,88.0,-126.0
53.699999999999086,211.54871307845352,-173.035326321098,-58.989098980812116,32,32,-0.31570000000000675,149.33333333333334,88.0,-126.0
53.74999999999908,211.54058062831493,-173.02179748228076,-58.989098980812116,32,32,-0.31570000000000675,149.33333333333334,88.0,-126.0
53.79999999999908,211.53244817817634,-173.0082686434635,-58.989098980812116,32,32,-0.31570000000000675,149.33333333333334,88.0,-126.0
53.84999999999908,211.52431572803775,-172.99473980464626,-58.989098980812116,32,32,-0.31570000000000675,149.33333333333334,88.0,-126.0
53.899999999999075,211.57814909610758,-173.0842949752522,-58.989098980812116,33,33,2.0897999999999968,154.0,88.0,-127.0
53.94999999999907,211.570016645969,-173.07076613643494,-58.989098980812116,32,32,-0.31570000000000675,149.33333333333334,88.0,-126.0
53.99999999999907,211.5618841958304,-173.0572372976177,-58.989098980812116,32,32,-0.31570000000000675,149.33333333333334,88.0,-126.0
54.049999999999066,211.5537517456918,-173.04370845880044,-58.989098980812116,32,32,-0.31570000000000675,149.33333333333334,88.0,-126.0
54.09999999999906,211.54561929555322,-173.0301796199832,-58.989098980812116,32,32,-0.31570000000000675,149.33333333333334,88.0,-126.0
54.14999999999906,211.53748684541463,-173.01665078116594,-58.989098980812116,32,32,-0.31570000000000675,149.33333333333334,88.0,-126.0
54.19999999999906,211.52935439527604,-173.00312194234868,-58.989098980812116,32,32,-0.31570000000000675,149.33333333333334,88.0,-126.0
54.249999999999055,211.52122194513746,-172.98959310353143,-58.989098980812116,32,32,-0.31570000000000675,149.33333333333334,88.0,-126.0
54.29999999999905,211.5750553132073,-173.07914827413737,-58.989098980812116,33,33,2.0897999999999968,154.0,88.0,-127.0
54.34999999999905,211.5669228630687,-173.06561943532012,-58.989098980812116,32,32,-0.31570000000000675,149.33333333333334,88.0,-126.0
54.39999999999905,211.5587904129301,-173.05209059650286,-58.989098980812116,32,32,-0.31570000000000675,149.33333333333334,88.0,-126.0
54.449999999999044,211.55065796279152,-173.0385617576856,-58.989098980812116,32,32,-0.31570000000000675,149.33333333333334,88.0,-126.0
54.49999999999904,211.54252551265293,-173.02503291886836,-58.989098980812116,32,32,-0.31570000000000675,149.33333333333334,88.0,-126.0
54.54999999999904,211.53439306251434,-173.0115040800511,-58.989098980812116,32,32,-0.31570000000000675,149.33333333333334,88.0,-126.0
54.599999999999035,211.52626061237575,-172.99797524123386,-58.989098980812116,32,32,-0.31570000000000675,149.33333333333334,88.0,-126.0
54.64999999999903,211.58009398044558,-173.0875304118398,-58.989098980812116,33,33,2.0897999999999968,154.0,88.0,-127.0
54.69999999999903,211.571961530307,-173.07400157302254,-58.989098980812116,32,32,-0.31570000000000675,149.33333333333334,88.0,-126.0
54.74999999999903,211.5638290801684,-173.0604727342053,-58.989098980812116,32,32,-0.31570000000000675,149.33333333333334,88.0,-126.0
54.799999999999024,211.55569663002981,-173.04694389538804,-58.989098980812116,32,32,-0.31570000000000675,149.33333333333334,88.0,-126.0
54.84999999999902,211.54756417989122,-173.0334150565708,-58.989098980812116,32,32,-0.31570000000000675,149.33333333333334,88.0,-126.0
54.89999999999902,211.53943172975264,-173.01988621775354,-58.989098980812116,32,32,-0.31570000000000675,149.33333333333334,88.0,-126.0
54.949999999999015,211.53129927961405,-173.0063573789363,-58.989098980812116,32,32,-0.31570000000000675,149.33333333333334,88.0,-126.0
54.99999999999901,211.52316682947546,-172.99282854011904,-58.989098980812116,32,32,-0.31570000000000675,149.33333333333334,88.0,-126.0
55.04999999999901,211.5770001975453,-173.08238371072497,-58.989098980812116,33,33,2.0897999999999968,154.0,88.0,-127.0
55.09999999999901,211.5688677474067,-173.06885487190772,-58.989098980812116,32,32,-0.31570000000000675,149.33333333333334,88.0,-126.0
55.149999999999004,211.5607352972681,-173.05532603309047,-58.989098980812116,32,32,-0.31570000000000675,149.33333333333334,88.0,-126.0
55.199999999999,211.55260284712952,-173.04179719427322,-58.989098980812116,32,32,-0.31570000000000675,149.33333333333334,88.0,-126.0
55.249999999999,211.54447039699093,-173.02826835545596,-58.989098980812116,32,32,-0.31570000000000675,149.33333333333334,88.0,-126.0
55.299999999998995,211.53633794685234,-173.0147395166387,-58.989098980812116,32,32,-0.31570000000000675,149.33333333333334,88.0,-126.0
55.34999999999899,211.52820549671375,-173.00121067782146,-58.989098980812116,32,32,-0.31570000000000675,149.33333333333334,88.0,-126.0
55.39999999999899,211.52007304657516,-172.9876818390042,-58.989098980812116,32,32,-0.31570000000000675,149.33333333333334,88.0,-126.0
55.44999999999899,211.573906414645,-173.07723700961014,-58.989098980812116,33,33,2.0897999999999968,154.0,88.0,-127.0
55.499999999998984,211.5657739645064,-173.0637081707929,-58.989098980812116,32,32,-0.31570000000000675,149.33333333333334,88.0,-126.0
55.54999999999898,211.55764151436782,-173.05017933197564,-58.989098980812116,32,32,-0.31570000000000675,149.33333333333334,88.0,-126.0
55.59999999999898,211.54950906422923,-173.0366504931584,-58.989098980812116,32,32,-0.31570000000000675,149.33333333333334,88.0,-126.0
55.649999999998975,211.54137661409064,-173.02312165434114,-58.989098980812116,32,32,-0.31570000000000675,149.33333333333334,88.0,-126.0
55.69999999999897,211.53324416395205,-173.0095928155239,-58.989098980812116,32,32,-0.31570000000000675,149.33333333333334,88.0,-126.0
55.74999999999897,211.52511171381346,-172.99606397670664,-58.989098980812116,32,32,-0.31570000000000675,149.33333333333334,88.0,-126.0
55.79999999999897,211.5789450818833,-173.08561914731257,-58.989098980812116,33,33,2.0897999999999968,154.0,88.0,-127.0
55.849999999998964,211.5708126317447,-173.07209030849532,-58.989098980812116,32,32,-0.31570000000000675,149.33333333333334,88.0,-126.0
55.89999999999896,211.5626801816061,-173.05856146967807,-58.989098980812116,32,32,-0.31570000000000675,149.33333333333334,88.0,-126.0
55.94999999999896,211.55454773146752,-173.04503263086082,-58.989098980812116,32,32,-0.31570000000000675,149.33333333333334,88.0,-126.0
55.999999999998956,211.54641528132893,-173.03150379204357,-58.989098980812116,32,32,-0.31570000000000675,149.33333333333334,88.0,-126.0
56.04999999999895,211.53828283119034,-173.01797495322631,-58.989098980812116,32,32,-0.31570000000000675,149.33333333333334,88.0,-126.0
56.09999999999895,211.53015038105175,-173.00444611440906,-58.989098980812116,32,32,-0.31570000000000675,149.33333333333334,88.0,-126.0
56.14999999999895,211.52201793091317,-172.9909172755918,-58.989098980812116,32,32,-0.31570000000000675,149.33333333333334,88.0,-126.0
56.199999999998944,211.575851298983,-173.08047244619775,-58.989098980812116,33,33,2.0897999999999968,154.0,88.0,-127.0
56.24999999999894,211.5677188488444,-173.0669436073805,-58.989098980812116,32,32,-0.31570000000000675,149.33333333333334,88.0,-126.0
56.29999999999894,211.55958639870582,-173.05341476856324,-58.989098980812116,32,32,-0.31570000000000675,149.33333333333334,88.0,-126.0
56.349999999998936,211.55145394856723,-173.039885929746,-58.989098980812116,32,32,-0.31570000000000675,149.33333333333334,88.0,-126.0
56.39999999999893,211.54332149842864,-173.02635709092874,-58.989098980812116,32,32,-0.31570000000000675,149.33333333333334,88.0,-126.0
56.44999999999893,211.53518904829005,-173.0128282521115,-58.989098980812116,32,32,-0.31570000000000675,149.33333333333334,88.0,-126.0
56.49999999999893,211.52705659815146,-172.99929941329424,-58.989098980812116,32,32,-0.31570000000000675,149.33333333333334,88.0,-126.0
56.549999999998924,211.5808899662213,-173.08885458390017,-58.989098980812116,33,33,2.0897999999999968,154.0,88.0,-127.0
56.59999999999892,211.5727575160827,-173.07532574508292,-58.989098980812116,32,32,-0.31570000000000675,149.33333333333334,88.0,-126.0
56.64999999999892,211.5646250659441,-173.06179690626567,-58.989098980812116,32,32,-0.31570000000000675,149.33333333333334,88.0,-126.0
56.699999999998916,211.55649261580552,-173.04826806744842,-58.989098980812116,32,32,-0.31570000000000675,149.33333333333334,88.0,-126.0
56.74999999999891,211.54836016566694,-173.03473922863117,-58.989098980812116,32,32,-0.31570000000000675,149.33333333333334,88.0,-126.0
56.79999999999891,211.54022771552835,-173.02121038981392,-58.989098980812116,32,32,-0.31570000000000675,149.33333333333334,88.0,-126.0
56.84999999999891,211.53209526538976,-173.00768155099667,-58.989098980812116,32,32,-0.31570000000000675,149.33333333333334,88.0,-126.0
56.899999999998904,211.52396281525117,-172.9941527121794,-58.989098980812116,32,32,-0.31570000000000675,149.33333333333334,88.0,-126.0
56.9499999999989,211.577796183321,-173.08370788278535,-58.989098980812116,33,33,2.0897999999999968,154.0,88.0,-127.0
56.9999999999989,211.5696637331824,-173.0701790439681,-58.989098980812116,32,32,-0.31570000000000675,149.33333333333334,88.0,-126.0
57.049999999998896,211.56153128304382,-173.05665020515085,-58.989098980812116,32,32,-0.31570000000000675,149.33333333333334,88.0,-126.0
57.09999999999889,211.55339883290523,-173.0431213663336,-58.989098980812116,32,32,-0.31570000000000675,149.33333333333334,88.0,-126.0
57.14999999999889,211.54526638276664,-173.02959252751634,-58.989098980812116,32,32,-0.31570000000000675,149.33333333333334,88.0,-126.0
57.19999999999889,211.53713393262805,-173.0160636886991,-58.989098980812116,32,32,-0.31570000000000675,149.33333333333334,88.0,-126.0
57.249999999998884,211.52900148248946,-173.00253484988184,-58.989098980812116,32,32,-0.31570000000000675,149.33333333333334,88.0,-126.0
57.29999999999888,211.52086903235087,-172.9890060110646,-58.989098980812116,32,32,-0.31570000000000675,149.33333333333334,88.0,-126.0
57.34999999999888,211.5747024004207,-173.07856118167052,-58.989098980812116,33,33,2.0897999999999968,154.0,88.0,-127.0
57.399999999998876,211.56656995028212,-173.06503234285327,-58.989098980812116,32,32,-0.31570000000000675,149.33333333333334,88.0,-126.0
57.44999999999887,211.55843750014353,-173.05150350403602,-58.989098980812116,32,32,-0.31570000000000675,149.33333333333334,88.0,-126.0
57.49999999999887,211.55030505000494,-173.03797466521877,-58.989098980812116,32,32,-0.31570000000000675,149.33333333333334,88.0,-126.0
57.54999999999887,211.54217259986635,-173.02444582640152,-58.989098980812116,32,32,-0.31570000000000675,149.33333333333334,88.0,-126.0
57.599999999998865,211.53404014972776,-173.01091698758427,-58.989098980812116,32,32,-0.31570000000000675,149.33333333333334,88.0,-126.0
57.64999999999886,211.52590769958917,-172.99738814876702,-58.989098980812116,32,32,-0.31570000000000675,149.33333333333334,88.0,-126.0
57.69999999999886,211.579741067659,-173.08694331937295,-58.989098980812116,33,33,2.0897999999999968,154.0,88.0,-127.0
57.749999999998856,211.5716086175204,-173.0734144805557,-58.989098980812116,32,32,-0.31570000000000675,149.33333333333334,88.0,-126.0
57.79999999999885,211.56347616738182,-173.05988564173845,-58.989098980812116,32,32,-0.31570000000000675,149.33333333333334,88.0,-126.0
57.84999999999885,211.55534371724323,-173.0463568029212,-58.989098980812116,32,32,-0.31570000000000675,149.33333333333334,88.0,-126.0
57.89999999999885,211.54721126710464,-173.03282796410394,-58.989098980812116,32,32,-0.31570000000000675,149.33333333333334,88.0,-126.0
57.949999999998845,211.53907881696605,-173.0192991252867,-58.989098980812116,32,32,-0.31570000000000675,149.33333333333334,88.0,-126.0
57.99999999999884,211.53094636682746,-173.00577028646944,-58.989098980812116,32,32,-0.31570000000000675,149.33333333333334,88.0,-126.0
58.04999999999884,211.52281391668888,-172.9922414476522,-58.989098980812116,32,32,-0.31570000000000675,149.33333333333334,88.0,-126.0
58.099999999998836,211.5766472847587,-173.08179661825812,-58.989098980812116,33,33,2.0897999999999968,154.0,88.0,-127.0
58.14999999999883,211.56851483462012,-173.06826777944087,-58.989098980812116,32,32,-0.31570000000000675,149.33333333333334,88.0,-126.0
58.19999999999883,211.56038238448153,-173.05473894062362,-58.989098980812116,32,32,-0.31570000000000675,149.33333333333334,88.0,-126.0
58.24999999999883,211.55224993434294,-173.04121010180637,-58.989098980812116,32,32,-0.31570000000000675,149.33333333333334,88.0,-126.0
58.299999999998825,211.54411748420435,-173.02768126298912,-58.989098980812116,32,32,-0.31570000000000675,149.33333333333334,88.0,-126.0
58.34999999999882,211.53598503406576,-173.01415242417187,-58.989098980812116,32,32,-0.31570000000000675,149.33333333333334,88.0,-126.0
58.39999999999882,211.52785258392717,-173.00062358535462,-58.989098980812116,32,32,-0.31570000000000675,149.33333333333334,88.0,-126.0
58.449999999998816,211.51972013378858,-172.98709474653737,-58.989098980812116,32,32,-0.31570000000000675,149.33333333333334,88.0,-126.0
58.49999999999881,211.5735535018584,-173.0766499171433,-58.989098980812116,33,33,2.0897999999999968,154.0,88.0,-127.0
58.54999999999881,211.56542105171982,-173.06312107832605,-58.989098980812116,32,32,-0.31570000000000675,149.33333333333334,88.0,-126.0
58.59999999999881,211.55728860158123,-173.0495922395088,-58.989098980812116,32,32,-0.31570000000000675,149.33333333333334,88.0,-126.0
58.649999999998805,211.54915615144265,-173.03606340069155,-58.989098980812116,32,32,-0.31570000000000675,149.33333333333334,88.0,-126.0
58.6999999999988,211.54102370130406,-173.0225345618743,-58.989098980812116,32,32,-0.31570000000000675,149.33333333333334,88.0,-126.0
58.7499999999988,211.53289125116547,-173.00900572305704,-58.989098980812116,32,32,-0.31570000000000675,149.33333333333334,88.0,-126.0
58.799999999998796,211.52475880102688,-172.9954768842398,-58.989098980812116,32,32,-0.31570000000000675,149.33333333333334,88.0,-126.0
58.84999999999879,211.5785921690967,-173.08503205484573,-58.989098980812116,33,33,2.0897999999999968,154.0,88.0,-127.0
58.89999999999879,211.57045971895812,-173.07150321602847,-58.989098980812116,32,32,-0.31570000000000675,149.33333333333334,88.0,-126.0
58.94999999999879,211.56232726881953,-173.05797437721122,-58.989098980812116,32,32,-0.31570000000000675,149.33333333333334,88.0,-126.0
58.999999999998785,211.55419481868094,-173.04444553839397,-58.989098980812116,32,32,-0.31570000000000675,149.33333333333334,88.0,-126.0
59.04999999999878,211.54606236854235,-173.03091669957672,-58.989098980812116,32,32,-0.31570000000000675,149.33333333333334,88.0,-126.0
59.09999999999878,211.53792991840376,-173.01738786075947,-58.989098980812116,32,32,-0.31570000000000675,149.33333333333334,88.0,-126.0
59.149999999998776,211.52979746826517,-173.00385902194222,-58.989098980812116,32,32,-0.31570000000000675,149.33333333333334,88.0,-126.0
59.199999999998774,211.52166501812658,-172.99033018312497,-58.989098980812116,32,32,-0.31570000000000675,149.33333333333334,88.0,-126.0
59.24999999999877,211.57549838619641,-173.0798853537309,-58.989098980812116,33,33,2.0897999999999968,154.0,88.0,-127.0
59.29999999999877,211.56736593605783,-173.06635651491365,-58.989098980812116,32,32,-0.31570000000000675,149.33333333333334,88.0,-126.0
59.349999999998765,211.55923348591924,-173.0528276760964,-58.989098980812116,32,32,-0.31570000000000675,149.33333333333334,88.0,-126.0
59.39999999999876,211.55110103578065,-173.03929883727915,-58.989098980812116,32,32,-0.31570000000000675,149.33333333333334,88.0,-126.0
59.44999999999876,211.54296858564206,-173.0257699984619,-58.989098980812116,32,32,-0.31570000000000675,149.33333333333334,88.0,-126.0
59.49999999999876,211.53483613550347,-173.01224115964465,-58.989098980812116,32,32,-0.31570000000000675,149.33333333333334,88.0,-126.0
59.549999999998754,211.52670368536488,-172.9987123208274,-58.989098980812116,32,32,-0.31570000000000675,149.33333333333334,88.0,-126.0
59.59999999999875,211.5805370534347,-173.08826749143333,-58.989098980812116,33,33,2.0897999999999968,154.0,88.0,-127.0
59.64999999999875,211.57240460329612,-173.07473865261608,-58.989098980812116,32,32,-0.31570000000000675,149.33333333333334,88.0,-126.0
59.699999999998745,211.56427215315753,-173.06120981379883,-58.989098980812116,32,32,-0.31570000000000675,149.33333333333334,88.0,-126.0
59.74999999999874,211.55613970301894,-173.04768097498157,-58.989098980812116,32,32,-0.31570000000000675,149.33333333333334,88.0,-126.0
59.79999999999874,211.54800725288035,-173.03415213616432,-58.989098980812116,32,32,-0.31570000000000675,149.33333333333334,88.0,-126.0
59.84999999999874,211.53987480274176,-173.02062329734707,-58.989098980812116,32,32,-0.31570000000000675,149.33333333333334,88.0,-126.0
59.899999999998734,211.53174235260317,-173.00709445852982,-58.989098980812116,32,32,-0.31570000000000675,149.33333333333334,88.0,-126.0
59.94999999999873,211.52360990246459,-172.99356561971257,-58.989098980812116,32,32,-0.31570000000000675,149.33333333333334,88.0,-126.0
59.99999999999873,211.57744327053442,-173.0831207903185,-58.989098980812116,33,33,2.0897999999999968,154.0,88.0,-127.0
