                              1 ;--------------------------------------------------------
                              2 ; File Created by SDCC : free open source ANSI-C Compiler
                              3 ; Version 3.1.0 #7066 (Nov 22 2011) (MINGW32)
                              4 ; This file was generated Sun Oct 26 20:56:14 2025
                              5 ;--------------------------------------------------------
                              6 	.module slave_wixel_track
                              7 	.optsdcc -mmcs51 --model-medium
                              8 	
                              9 ;--------------------------------------------------------
                             10 ; Public variables in this module
                             11 ;--------------------------------------------------------
                             12 	.globl _main
                             13 	.globl _updateStateMachine
                             14 	.globl _updateRunState
                             15 	.globl _updateHomeState
                             16 	.globl _handlePacketTimeout
                             17 	.globl _receiveAndProcessPackets
                             18 	.globl _handleCmdCalibrate
                             19 	.globl _handleCmdAux
                             20 	.globl _executeManualPwm
                             21 	.globl _handleCmdRun
                             22 	.globl _handleCmdPrep
                             23 	.globl _handleCmdGoTo
                             24 	.globl _handleCmdStop
                             25 	.globl _extractPositionData
                             26 	.globl _updateRgbLeds
                             27 	.globl _gpioInit
                             28 	.globl _radioInit
                             29 	.globl _stopMotors
                             30 	.globl _setMotorsPWM
                             31 	.globl _timer3Init
                             32 	.globl _rotationController
                             33 	.globl _filterPosition
                             34 	.globl _calculateAndApplyOffset
                             35 	.globl _calculateTargetHeading
                             36 	.globl _isWithinThreshold
                             37 	.globl _abs16
                             38 	.globl _radioCrcPassed
                             39 	.globl _radioRegistersInit
                             40 	.globl _delayMs
                             41 	.globl _getMs
                             42 	.globl _boardService
                             43 	.globl _systemInit
                             44 	.globl _rotationController_PARM_2
                             45 	.globl _calculateTargetHeading_PARM_4
                             46 	.globl _calculateTargetHeading_PARM_3
                             47 	.globl _calculateTargetHeading_PARM_2
                             48 	.globl _isWithinThreshold_PARM_5
                             49 	.globl _isWithinThreshold_PARM_4
                             50 	.globl _isWithinThreshold_PARM_3
                             51 	.globl _isWithinThreshold_PARM_2
                             52 	.globl _calib_step
                             53 	.globl _cal_headingError
                             54 	.globl _cal_targetHeading
                             55 	.globl _orientationOffset
                             56 	.globl _i
                             57 	.globl _homeSubState
                             58 	.globl _runSubState
                             59 	.globl _currentWaypointIndex
                             60 	.globl _waypointInputIndex
                             61 	.globl _waypointCount
                             62 	.globl _waypoints
                             63 	.globl _manualPwmRight
                             64 	.globl _manualPwmLeft
                             65 	.globl _pwm_right
                             66 	.globl _pwm_left
                             67 	.globl _stateStartTime
                             68 	.globl _lastTargetY
                             69 	.globl _targetY
                             70 	.globl _lastTargetX
                             71 	.globl _targetX
                             72 	.globl _filteredTheta
                             73 	.globl _filteredY
                             74 	.globl _filteredX
                             75 	.globl _posTheta
                             76 	.globl _posY
                             77 	.globl _posX
                             78 	.globl _rxPulseStart
                             79 	.globl _now
                             80 	.globl _counter_loop
                             81 	.globl _lastPacketTime
                             82 	.globl _lastPacketTimeCheck
                             83 	.globl _currentState
                             84 ;--------------------------------------------------------
                             85 ; special function registers
                             86 ;--------------------------------------------------------
                             87 	.area RSEG    (ABS,DATA)
   0000                      88 	.org 0x0000
                    0080     89 Fslave_wixel_track$P0$0$0 == 0x0080
                    0080     90 _P0	=	0x0080
                    0081     91 Fslave_wixel_track$SP$0$0 == 0x0081
                    0081     92 _SP	=	0x0081
                    0082     93 Fslave_wixel_track$DPL0$0$0 == 0x0082
                    0082     94 _DPL0	=	0x0082
                    0083     95 Fslave_wixel_track$DPH0$0$0 == 0x0083
                    0083     96 _DPH0	=	0x0083
                    0084     97 Fslave_wixel_track$DPL1$0$0 == 0x0084
                    0084     98 _DPL1	=	0x0084
                    0085     99 Fslave_wixel_track$DPH1$0$0 == 0x0085
                    0085    100 _DPH1	=	0x0085
                    0086    101 Fslave_wixel_track$U0CSR$0$0 == 0x0086
                    0086    102 _U0CSR	=	0x0086
                    0087    103 Fslave_wixel_track$PCON$0$0 == 0x0087
                    0087    104 _PCON	=	0x0087
                    0088    105 Fslave_wixel_track$TCON$0$0 == 0x0088
                    0088    106 _TCON	=	0x0088
                    0089    107 Fslave_wixel_track$P0IFG$0$0 == 0x0089
                    0089    108 _P0IFG	=	0x0089
                    008A    109 Fslave_wixel_track$P1IFG$0$0 == 0x008a
                    008A    110 _P1IFG	=	0x008a
                    008B    111 Fslave_wixel_track$P2IFG$0$0 == 0x008b
                    008B    112 _P2IFG	=	0x008b
                    008C    113 Fslave_wixel_track$PICTL$0$0 == 0x008c
                    008C    114 _PICTL	=	0x008c
                    008D    115 Fslave_wixel_track$P1IEN$0$0 == 0x008d
                    008D    116 _P1IEN	=	0x008d
                    008F    117 Fslave_wixel_track$P0INP$0$0 == 0x008f
                    008F    118 _P0INP	=	0x008f
                    0090    119 Fslave_wixel_track$P1$0$0 == 0x0090
                    0090    120 _P1	=	0x0090
                    0091    121 Fslave_wixel_track$RFIM$0$0 == 0x0091
                    0091    122 _RFIM	=	0x0091
                    0092    123 Fslave_wixel_track$DPS$0$0 == 0x0092
                    0092    124 _DPS	=	0x0092
                    0093    125 Fslave_wixel_track$MPAGE$0$0 == 0x0093
                    0093    126 _MPAGE	=	0x0093
                    0095    127 Fslave_wixel_track$ENDIAN$0$0 == 0x0095
                    0095    128 _ENDIAN	=	0x0095
                    0098    129 Fslave_wixel_track$S0CON$0$0 == 0x0098
                    0098    130 _S0CON	=	0x0098
                    009A    131 Fslave_wixel_track$IEN2$0$0 == 0x009a
                    009A    132 _IEN2	=	0x009a
                    009B    133 Fslave_wixel_track$S1CON$0$0 == 0x009b
                    009B    134 _S1CON	=	0x009b
                    009C    135 Fslave_wixel_track$T2CT$0$0 == 0x009c
                    009C    136 _T2CT	=	0x009c
                    009D    137 Fslave_wixel_track$T2PR$0$0 == 0x009d
                    009D    138 _T2PR	=	0x009d
                    009E    139 Fslave_wixel_track$T2CTL$0$0 == 0x009e
                    009E    140 _T2CTL	=	0x009e
                    00A0    141 Fslave_wixel_track$P2$0$0 == 0x00a0
                    00A0    142 _P2	=	0x00a0
                    00A1    143 Fslave_wixel_track$WORIRQ$0$0 == 0x00a1
                    00A1    144 _WORIRQ	=	0x00a1
                    00A2    145 Fslave_wixel_track$WORCTRL$0$0 == 0x00a2
                    00A2    146 _WORCTRL	=	0x00a2
                    00A3    147 Fslave_wixel_track$WOREVT0$0$0 == 0x00a3
                    00A3    148 _WOREVT0	=	0x00a3
                    00A4    149 Fslave_wixel_track$WOREVT1$0$0 == 0x00a4
                    00A4    150 _WOREVT1	=	0x00a4
                    00A5    151 Fslave_wixel_track$WORTIME0$0$0 == 0x00a5
                    00A5    152 _WORTIME0	=	0x00a5
                    00A6    153 Fslave_wixel_track$WORTIME1$0$0 == 0x00a6
                    00A6    154 _WORTIME1	=	0x00a6
                    00A8    155 Fslave_wixel_track$IEN0$0$0 == 0x00a8
                    00A8    156 _IEN0	=	0x00a8
                    00A9    157 Fslave_wixel_track$IP0$0$0 == 0x00a9
                    00A9    158 _IP0	=	0x00a9
                    00AB    159 Fslave_wixel_track$FWT$0$0 == 0x00ab
                    00AB    160 _FWT	=	0x00ab
                    00AC    161 Fslave_wixel_track$FADDRL$0$0 == 0x00ac
                    00AC    162 _FADDRL	=	0x00ac
                    00AD    163 Fslave_wixel_track$FADDRH$0$0 == 0x00ad
                    00AD    164 _FADDRH	=	0x00ad
                    00AE    165 Fslave_wixel_track$FCTL$0$0 == 0x00ae
                    00AE    166 _FCTL	=	0x00ae
                    00AF    167 Fslave_wixel_track$FWDATA$0$0 == 0x00af
                    00AF    168 _FWDATA	=	0x00af
                    00B1    169 Fslave_wixel_track$ENCDI$0$0 == 0x00b1
                    00B1    170 _ENCDI	=	0x00b1
                    00B2    171 Fslave_wixel_track$ENCDO$0$0 == 0x00b2
                    00B2    172 _ENCDO	=	0x00b2
                    00B3    173 Fslave_wixel_track$ENCCS$0$0 == 0x00b3
                    00B3    174 _ENCCS	=	0x00b3
                    00B4    175 Fslave_wixel_track$ADCCON1$0$0 == 0x00b4
                    00B4    176 _ADCCON1	=	0x00b4
                    00B5    177 Fslave_wixel_track$ADCCON2$0$0 == 0x00b5
                    00B5    178 _ADCCON2	=	0x00b5
                    00B6    179 Fslave_wixel_track$ADCCON3$0$0 == 0x00b6
                    00B6    180 _ADCCON3	=	0x00b6
                    00B8    181 Fslave_wixel_track$IEN1$0$0 == 0x00b8
                    00B8    182 _IEN1	=	0x00b8
                    00B9    183 Fslave_wixel_track$IP1$0$0 == 0x00b9
                    00B9    184 _IP1	=	0x00b9
                    00BA    185 Fslave_wixel_track$ADCL$0$0 == 0x00ba
                    00BA    186 _ADCL	=	0x00ba
                    00BB    187 Fslave_wixel_track$ADCH$0$0 == 0x00bb
                    00BB    188 _ADCH	=	0x00bb
                    00BC    189 Fslave_wixel_track$RNDL$0$0 == 0x00bc
                    00BC    190 _RNDL	=	0x00bc
                    00BD    191 Fslave_wixel_track$RNDH$0$0 == 0x00bd
                    00BD    192 _RNDH	=	0x00bd
                    00BE    193 Fslave_wixel_track$SLEEP$0$0 == 0x00be
                    00BE    194 _SLEEP	=	0x00be
                    00C0    195 Fslave_wixel_track$IRCON$0$0 == 0x00c0
                    00C0    196 _IRCON	=	0x00c0
                    00C1    197 Fslave_wixel_track$U0DBUF$0$0 == 0x00c1
                    00C1    198 _U0DBUF	=	0x00c1
                    00C2    199 Fslave_wixel_track$U0BAUD$0$0 == 0x00c2
                    00C2    200 _U0BAUD	=	0x00c2
                    00C4    201 Fslave_wixel_track$U0UCR$0$0 == 0x00c4
                    00C4    202 _U0UCR	=	0x00c4
                    00C5    203 Fslave_wixel_track$U0GCR$0$0 == 0x00c5
                    00C5    204 _U0GCR	=	0x00c5
                    00C6    205 Fslave_wixel_track$CLKCON$0$0 == 0x00c6
                    00C6    206 _CLKCON	=	0x00c6
                    00C7    207 Fslave_wixel_track$MEMCTR$0$0 == 0x00c7
                    00C7    208 _MEMCTR	=	0x00c7
                    00C9    209 Fslave_wixel_track$WDCTL$0$0 == 0x00c9
                    00C9    210 _WDCTL	=	0x00c9
                    00CA    211 Fslave_wixel_track$T3CNT$0$0 == 0x00ca
                    00CA    212 _T3CNT	=	0x00ca
                    00CB    213 Fslave_wixel_track$T3CTL$0$0 == 0x00cb
                    00CB    214 _T3CTL	=	0x00cb
                    00CC    215 Fslave_wixel_track$T3CCTL0$0$0 == 0x00cc
                    00CC    216 _T3CCTL0	=	0x00cc
                    00CD    217 Fslave_wixel_track$T3CC0$0$0 == 0x00cd
                    00CD    218 _T3CC0	=	0x00cd
                    00CE    219 Fslave_wixel_track$T3CCTL1$0$0 == 0x00ce
                    00CE    220 _T3CCTL1	=	0x00ce
                    00CF    221 Fslave_wixel_track$T3CC1$0$0 == 0x00cf
                    00CF    222 _T3CC1	=	0x00cf
                    00D0    223 Fslave_wixel_track$PSW$0$0 == 0x00d0
                    00D0    224 _PSW	=	0x00d0
                    00D1    225 Fslave_wixel_track$DMAIRQ$0$0 == 0x00d1
                    00D1    226 _DMAIRQ	=	0x00d1
                    00D2    227 Fslave_wixel_track$DMA1CFGL$0$0 == 0x00d2
                    00D2    228 _DMA1CFGL	=	0x00d2
                    00D3    229 Fslave_wixel_track$DMA1CFGH$0$0 == 0x00d3
                    00D3    230 _DMA1CFGH	=	0x00d3
                    00D4    231 Fslave_wixel_track$DMA0CFGL$0$0 == 0x00d4
                    00D4    232 _DMA0CFGL	=	0x00d4
                    00D5    233 Fslave_wixel_track$DMA0CFGH$0$0 == 0x00d5
                    00D5    234 _DMA0CFGH	=	0x00d5
                    00D6    235 Fslave_wixel_track$DMAARM$0$0 == 0x00d6
                    00D6    236 _DMAARM	=	0x00d6
                    00D7    237 Fslave_wixel_track$DMAREQ$0$0 == 0x00d7
                    00D7    238 _DMAREQ	=	0x00d7
                    00D8    239 Fslave_wixel_track$TIMIF$0$0 == 0x00d8
                    00D8    240 _TIMIF	=	0x00d8
                    00D9    241 Fslave_wixel_track$RFD$0$0 == 0x00d9
                    00D9    242 _RFD	=	0x00d9
                    00DA    243 Fslave_wixel_track$T1CC0L$0$0 == 0x00da
                    00DA    244 _T1CC0L	=	0x00da
                    00DB    245 Fslave_wixel_track$T1CC0H$0$0 == 0x00db
                    00DB    246 _T1CC0H	=	0x00db
                    00DC    247 Fslave_wixel_track$T1CC1L$0$0 == 0x00dc
                    00DC    248 _T1CC1L	=	0x00dc
                    00DD    249 Fslave_wixel_track$T1CC1H$0$0 == 0x00dd
                    00DD    250 _T1CC1H	=	0x00dd
                    00DE    251 Fslave_wixel_track$T1CC2L$0$0 == 0x00de
                    00DE    252 _T1CC2L	=	0x00de
                    00DF    253 Fslave_wixel_track$T1CC2H$0$0 == 0x00df
                    00DF    254 _T1CC2H	=	0x00df
                    00E0    255 Fslave_wixel_track$ACC$0$0 == 0x00e0
                    00E0    256 _ACC	=	0x00e0
                    00E1    257 Fslave_wixel_track$RFST$0$0 == 0x00e1
                    00E1    258 _RFST	=	0x00e1
                    00E2    259 Fslave_wixel_track$T1CNTL$0$0 == 0x00e2
                    00E2    260 _T1CNTL	=	0x00e2
                    00E3    261 Fslave_wixel_track$T1CNTH$0$0 == 0x00e3
                    00E3    262 _T1CNTH	=	0x00e3
                    00E4    263 Fslave_wixel_track$T1CTL$0$0 == 0x00e4
                    00E4    264 _T1CTL	=	0x00e4
                    00E5    265 Fslave_wixel_track$T1CCTL0$0$0 == 0x00e5
                    00E5    266 _T1CCTL0	=	0x00e5
                    00E6    267 Fslave_wixel_track$T1CCTL1$0$0 == 0x00e6
                    00E6    268 _T1CCTL1	=	0x00e6
                    00E7    269 Fslave_wixel_track$T1CCTL2$0$0 == 0x00e7
                    00E7    270 _T1CCTL2	=	0x00e7
                    00E8    271 Fslave_wixel_track$IRCON2$0$0 == 0x00e8
                    00E8    272 _IRCON2	=	0x00e8
                    00E9    273 Fslave_wixel_track$RFIF$0$0 == 0x00e9
                    00E9    274 _RFIF	=	0x00e9
                    00EA    275 Fslave_wixel_track$T4CNT$0$0 == 0x00ea
                    00EA    276 _T4CNT	=	0x00ea
                    00EB    277 Fslave_wixel_track$T4CTL$0$0 == 0x00eb
                    00EB    278 _T4CTL	=	0x00eb
                    00EC    279 Fslave_wixel_track$T4CCTL0$0$0 == 0x00ec
                    00EC    280 _T4CCTL0	=	0x00ec
                    00ED    281 Fslave_wixel_track$T4CC0$0$0 == 0x00ed
                    00ED    282 _T4CC0	=	0x00ed
                    00EE    283 Fslave_wixel_track$T4CCTL1$0$0 == 0x00ee
                    00EE    284 _T4CCTL1	=	0x00ee
                    00EF    285 Fslave_wixel_track$T4CC1$0$0 == 0x00ef
                    00EF    286 _T4CC1	=	0x00ef
                    00F0    287 Fslave_wixel_track$B$0$0 == 0x00f0
                    00F0    288 _B	=	0x00f0
                    00F1    289 Fslave_wixel_track$PERCFG$0$0 == 0x00f1
                    00F1    290 _PERCFG	=	0x00f1
                    00F2    291 Fslave_wixel_track$ADCCFG$0$0 == 0x00f2
                    00F2    292 _ADCCFG	=	0x00f2
                    00F3    293 Fslave_wixel_track$P0SEL$0$0 == 0x00f3
                    00F3    294 _P0SEL	=	0x00f3
                    00F4    295 Fslave_wixel_track$P1SEL$0$0 == 0x00f4
                    00F4    296 _P1SEL	=	0x00f4
                    00F5    297 Fslave_wixel_track$P2SEL$0$0 == 0x00f5
                    00F5    298 _P2SEL	=	0x00f5
                    00F6    299 Fslave_wixel_track$P1INP$0$0 == 0x00f6
                    00F6    300 _P1INP	=	0x00f6
                    00F7    301 Fslave_wixel_track$P2INP$0$0 == 0x00f7
                    00F7    302 _P2INP	=	0x00f7
                    00F8    303 Fslave_wixel_track$U1CSR$0$0 == 0x00f8
                    00F8    304 _U1CSR	=	0x00f8
                    00F9    305 Fslave_wixel_track$U1DBUF$0$0 == 0x00f9
                    00F9    306 _U1DBUF	=	0x00f9
                    00FA    307 Fslave_wixel_track$U1BAUD$0$0 == 0x00fa
                    00FA    308 _U1BAUD	=	0x00fa
                    00FB    309 Fslave_wixel_track$U1UCR$0$0 == 0x00fb
                    00FB    310 _U1UCR	=	0x00fb
                    00FC    311 Fslave_wixel_track$U1GCR$0$0 == 0x00fc
                    00FC    312 _U1GCR	=	0x00fc
                    00FD    313 Fslave_wixel_track$P0DIR$0$0 == 0x00fd
                    00FD    314 _P0DIR	=	0x00fd
                    00FE    315 Fslave_wixel_track$P1DIR$0$0 == 0x00fe
                    00FE    316 _P1DIR	=	0x00fe
                    00FF    317 Fslave_wixel_track$P2DIR$0$0 == 0x00ff
                    00FF    318 _P2DIR	=	0x00ff
                    FFFFD5D4    319 Fslave_wixel_track$DMA0CFG$0$0 == 0xffffd5d4
                    FFFFD5D4    320 _DMA0CFG	=	0xffffd5d4
                    FFFFD3D2    321 Fslave_wixel_track$DMA1CFG$0$0 == 0xffffd3d2
                    FFFFD3D2    322 _DMA1CFG	=	0xffffd3d2
                    FFFFADAC    323 Fslave_wixel_track$FADDR$0$0 == 0xffffadac
                    FFFFADAC    324 _FADDR	=	0xffffadac
                    FFFFBBBA    325 Fslave_wixel_track$ADC$0$0 == 0xffffbbba
                    FFFFBBBA    326 _ADC	=	0xffffbbba
                    FFFFDBDA    327 Fslave_wixel_track$T1CC0$0$0 == 0xffffdbda
                    FFFFDBDA    328 _T1CC0	=	0xffffdbda
                    FFFFDDDC    329 Fslave_wixel_track$T1CC1$0$0 == 0xffffdddc
                    FFFFDDDC    330 _T1CC1	=	0xffffdddc
                    FFFFDFDE    331 Fslave_wixel_track$T1CC2$0$0 == 0xffffdfde
                    FFFFDFDE    332 _T1CC2	=	0xffffdfde
                            333 ;--------------------------------------------------------
                            334 ; special function bits
                            335 ;--------------------------------------------------------
                            336 	.area RSEG    (ABS,DATA)
   0000                     337 	.org 0x0000
                    0080    338 Fslave_wixel_track$P0_0$0$0 == 0x0080
                    0080    339 _P0_0	=	0x0080
                    0081    340 Fslave_wixel_track$P0_1$0$0 == 0x0081
                    0081    341 _P0_1	=	0x0081
                    0082    342 Fslave_wixel_track$P0_2$0$0 == 0x0082
                    0082    343 _P0_2	=	0x0082
                    0083    344 Fslave_wixel_track$P0_3$0$0 == 0x0083
                    0083    345 _P0_3	=	0x0083
                    0084    346 Fslave_wixel_track$P0_4$0$0 == 0x0084
                    0084    347 _P0_4	=	0x0084
                    0085    348 Fslave_wixel_track$P0_5$0$0 == 0x0085
                    0085    349 _P0_5	=	0x0085
                    0086    350 Fslave_wixel_track$P0_6$0$0 == 0x0086
                    0086    351 _P0_6	=	0x0086
                    0087    352 Fslave_wixel_track$P0_7$0$0 == 0x0087
                    0087    353 _P0_7	=	0x0087
                    0088    354 Fslave_wixel_track$_TCON_0$0$0 == 0x0088
                    0088    355 __TCON_0	=	0x0088
                    0089    356 Fslave_wixel_track$RFTXRXIF$0$0 == 0x0089
                    0089    357 _RFTXRXIF	=	0x0089
                    008A    358 Fslave_wixel_track$_TCON_2$0$0 == 0x008a
                    008A    359 __TCON_2	=	0x008a
                    008B    360 Fslave_wixel_track$URX0IF$0$0 == 0x008b
                    008B    361 _URX0IF	=	0x008b
                    008C    362 Fslave_wixel_track$_TCON_4$0$0 == 0x008c
                    008C    363 __TCON_4	=	0x008c
                    008D    364 Fslave_wixel_track$ADCIF$0$0 == 0x008d
                    008D    365 _ADCIF	=	0x008d
                    008E    366 Fslave_wixel_track$_TCON_6$0$0 == 0x008e
                    008E    367 __TCON_6	=	0x008e
                    008F    368 Fslave_wixel_track$URX1IF$0$0 == 0x008f
                    008F    369 _URX1IF	=	0x008f
                    0090    370 Fslave_wixel_track$P1_0$0$0 == 0x0090
                    0090    371 _P1_0	=	0x0090
                    0091    372 Fslave_wixel_track$P1_1$0$0 == 0x0091
                    0091    373 _P1_1	=	0x0091
                    0092    374 Fslave_wixel_track$P1_2$0$0 == 0x0092
                    0092    375 _P1_2	=	0x0092
                    0093    376 Fslave_wixel_track$P1_3$0$0 == 0x0093
                    0093    377 _P1_3	=	0x0093
                    0094    378 Fslave_wixel_track$P1_4$0$0 == 0x0094
                    0094    379 _P1_4	=	0x0094
                    0095    380 Fslave_wixel_track$P1_5$0$0 == 0x0095
                    0095    381 _P1_5	=	0x0095
                    0096    382 Fslave_wixel_track$P1_6$0$0 == 0x0096
                    0096    383 _P1_6	=	0x0096
                    0097    384 Fslave_wixel_track$P1_7$0$0 == 0x0097
                    0097    385 _P1_7	=	0x0097
                    0098    386 Fslave_wixel_track$ENCIF_0$0$0 == 0x0098
                    0098    387 _ENCIF_0	=	0x0098
                    0099    388 Fslave_wixel_track$ENCIF_1$0$0 == 0x0099
                    0099    389 _ENCIF_1	=	0x0099
                    009A    390 Fslave_wixel_track$_SOCON2$0$0 == 0x009a
                    009A    391 __SOCON2	=	0x009a
                    009B    392 Fslave_wixel_track$_SOCON3$0$0 == 0x009b
                    009B    393 __SOCON3	=	0x009b
                    009C    394 Fslave_wixel_track$_SOCON4$0$0 == 0x009c
                    009C    395 __SOCON4	=	0x009c
                    009D    396 Fslave_wixel_track$_SOCON5$0$0 == 0x009d
                    009D    397 __SOCON5	=	0x009d
                    009E    398 Fslave_wixel_track$_SOCON6$0$0 == 0x009e
                    009E    399 __SOCON6	=	0x009e
                    009F    400 Fslave_wixel_track$_SOCON7$0$0 == 0x009f
                    009F    401 __SOCON7	=	0x009f
                    00A0    402 Fslave_wixel_track$P2_0$0$0 == 0x00a0
                    00A0    403 _P2_0	=	0x00a0
                    00A1    404 Fslave_wixel_track$P2_1$0$0 == 0x00a1
                    00A1    405 _P2_1	=	0x00a1
                    00A2    406 Fslave_wixel_track$P2_2$0$0 == 0x00a2
                    00A2    407 _P2_2	=	0x00a2
                    00A3    408 Fslave_wixel_track$P2_3$0$0 == 0x00a3
                    00A3    409 _P2_3	=	0x00a3
                    00A4    410 Fslave_wixel_track$P2_4$0$0 == 0x00a4
                    00A4    411 _P2_4	=	0x00a4
                    00A5    412 Fslave_wixel_track$P2_5$0$0 == 0x00a5
                    00A5    413 _P2_5	=	0x00a5
                    00A6    414 Fslave_wixel_track$P2_6$0$0 == 0x00a6
                    00A6    415 _P2_6	=	0x00a6
                    00A7    416 Fslave_wixel_track$P2_7$0$0 == 0x00a7
                    00A7    417 _P2_7	=	0x00a7
                    00A8    418 Fslave_wixel_track$RFTXRXIE$0$0 == 0x00a8
                    00A8    419 _RFTXRXIE	=	0x00a8
                    00A9    420 Fslave_wixel_track$ADCIE$0$0 == 0x00a9
                    00A9    421 _ADCIE	=	0x00a9
                    00AA    422 Fslave_wixel_track$URX0IE$0$0 == 0x00aa
                    00AA    423 _URX0IE	=	0x00aa
                    00AB    424 Fslave_wixel_track$URX1IE$0$0 == 0x00ab
                    00AB    425 _URX1IE	=	0x00ab
                    00AC    426 Fslave_wixel_track$ENCIE$0$0 == 0x00ac
                    00AC    427 _ENCIE	=	0x00ac
                    00AD    428 Fslave_wixel_track$STIE$0$0 == 0x00ad
                    00AD    429 _STIE	=	0x00ad
                    00AE    430 Fslave_wixel_track$_IEN06$0$0 == 0x00ae
                    00AE    431 __IEN06	=	0x00ae
                    00AF    432 Fslave_wixel_track$EA$0$0 == 0x00af
                    00AF    433 _EA	=	0x00af
                    00B8    434 Fslave_wixel_track$DMAIE$0$0 == 0x00b8
                    00B8    435 _DMAIE	=	0x00b8
                    00B9    436 Fslave_wixel_track$T1IE$0$0 == 0x00b9
                    00B9    437 _T1IE	=	0x00b9
                    00BA    438 Fslave_wixel_track$T2IE$0$0 == 0x00ba
                    00BA    439 _T2IE	=	0x00ba
                    00BB    440 Fslave_wixel_track$T3IE$0$0 == 0x00bb
                    00BB    441 _T3IE	=	0x00bb
                    00BC    442 Fslave_wixel_track$T4IE$0$0 == 0x00bc
                    00BC    443 _T4IE	=	0x00bc
                    00BD    444 Fslave_wixel_track$P0IE$0$0 == 0x00bd
                    00BD    445 _P0IE	=	0x00bd
                    00BE    446 Fslave_wixel_track$_IEN16$0$0 == 0x00be
                    00BE    447 __IEN16	=	0x00be
                    00BF    448 Fslave_wixel_track$_IEN17$0$0 == 0x00bf
                    00BF    449 __IEN17	=	0x00bf
                    00C0    450 Fslave_wixel_track$DMAIF$0$0 == 0x00c0
                    00C0    451 _DMAIF	=	0x00c0
                    00C1    452 Fslave_wixel_track$T1IF$0$0 == 0x00c1
                    00C1    453 _T1IF	=	0x00c1
                    00C2    454 Fslave_wixel_track$T2IF$0$0 == 0x00c2
                    00C2    455 _T2IF	=	0x00c2
                    00C3    456 Fslave_wixel_track$T3IF$0$0 == 0x00c3
                    00C3    457 _T3IF	=	0x00c3
                    00C4    458 Fslave_wixel_track$T4IF$0$0 == 0x00c4
                    00C4    459 _T4IF	=	0x00c4
                    00C5    460 Fslave_wixel_track$P0IF$0$0 == 0x00c5
                    00C5    461 _P0IF	=	0x00c5
                    00C6    462 Fslave_wixel_track$_IRCON6$0$0 == 0x00c6
                    00C6    463 __IRCON6	=	0x00c6
                    00C7    464 Fslave_wixel_track$STIF$0$0 == 0x00c7
                    00C7    465 _STIF	=	0x00c7
                    00D0    466 Fslave_wixel_track$P$0$0 == 0x00d0
                    00D0    467 _P	=	0x00d0
                    00D1    468 Fslave_wixel_track$F1$0$0 == 0x00d1
                    00D1    469 _F1	=	0x00d1
                    00D2    470 Fslave_wixel_track$OV$0$0 == 0x00d2
                    00D2    471 _OV	=	0x00d2
                    00D3    472 Fslave_wixel_track$RS0$0$0 == 0x00d3
                    00D3    473 _RS0	=	0x00d3
                    00D4    474 Fslave_wixel_track$RS1$0$0 == 0x00d4
                    00D4    475 _RS1	=	0x00d4
                    00D5    476 Fslave_wixel_track$F0$0$0 == 0x00d5
                    00D5    477 _F0	=	0x00d5
                    00D6    478 Fslave_wixel_track$AC$0$0 == 0x00d6
                    00D6    479 _AC	=	0x00d6
                    00D7    480 Fslave_wixel_track$CY$0$0 == 0x00d7
                    00D7    481 _CY	=	0x00d7
                    00D8    482 Fslave_wixel_track$T3OVFIF$0$0 == 0x00d8
                    00D8    483 _T3OVFIF	=	0x00d8
                    00D9    484 Fslave_wixel_track$T3CH0IF$0$0 == 0x00d9
                    00D9    485 _T3CH0IF	=	0x00d9
                    00DA    486 Fslave_wixel_track$T3CH1IF$0$0 == 0x00da
                    00DA    487 _T3CH1IF	=	0x00da
                    00DB    488 Fslave_wixel_track$T4OVFIF$0$0 == 0x00db
                    00DB    489 _T4OVFIF	=	0x00db
                    00DC    490 Fslave_wixel_track$T4CH0IF$0$0 == 0x00dc
                    00DC    491 _T4CH0IF	=	0x00dc
                    00DD    492 Fslave_wixel_track$T4CH1IF$0$0 == 0x00dd
                    00DD    493 _T4CH1IF	=	0x00dd
                    00DE    494 Fslave_wixel_track$OVFIM$0$0 == 0x00de
                    00DE    495 _OVFIM	=	0x00de
                    00DF    496 Fslave_wixel_track$_TIMIF7$0$0 == 0x00df
                    00DF    497 __TIMIF7	=	0x00df
                    00E0    498 Fslave_wixel_track$ACC_0$0$0 == 0x00e0
                    00E0    499 _ACC_0	=	0x00e0
                    00E1    500 Fslave_wixel_track$ACC_1$0$0 == 0x00e1
                    00E1    501 _ACC_1	=	0x00e1
                    00E2    502 Fslave_wixel_track$ACC_2$0$0 == 0x00e2
                    00E2    503 _ACC_2	=	0x00e2
                    00E3    504 Fslave_wixel_track$ACC_3$0$0 == 0x00e3
                    00E3    505 _ACC_3	=	0x00e3
                    00E4    506 Fslave_wixel_track$ACC_4$0$0 == 0x00e4
                    00E4    507 _ACC_4	=	0x00e4
                    00E5    508 Fslave_wixel_track$ACC_5$0$0 == 0x00e5
                    00E5    509 _ACC_5	=	0x00e5
                    00E6    510 Fslave_wixel_track$ACC_6$0$0 == 0x00e6
                    00E6    511 _ACC_6	=	0x00e6
                    00E7    512 Fslave_wixel_track$ACC_7$0$0 == 0x00e7
                    00E7    513 _ACC_7	=	0x00e7
                    00E8    514 Fslave_wixel_track$P2IF$0$0 == 0x00e8
                    00E8    515 _P2IF	=	0x00e8
                    00E9    516 Fslave_wixel_track$UTX0IF$0$0 == 0x00e9
                    00E9    517 _UTX0IF	=	0x00e9
                    00EA    518 Fslave_wixel_track$UTX1IF$0$0 == 0x00ea
                    00EA    519 _UTX1IF	=	0x00ea
                    00EB    520 Fslave_wixel_track$P1IF$0$0 == 0x00eb
                    00EB    521 _P1IF	=	0x00eb
                    00EC    522 Fslave_wixel_track$WDTIF$0$0 == 0x00ec
                    00EC    523 _WDTIF	=	0x00ec
                    00ED    524 Fslave_wixel_track$_IRCON25$0$0 == 0x00ed
                    00ED    525 __IRCON25	=	0x00ed
                    00EE    526 Fslave_wixel_track$_IRCON26$0$0 == 0x00ee
                    00EE    527 __IRCON26	=	0x00ee
                    00EF    528 Fslave_wixel_track$_IRCON27$0$0 == 0x00ef
                    00EF    529 __IRCON27	=	0x00ef
                    00F0    530 Fslave_wixel_track$B_0$0$0 == 0x00f0
                    00F0    531 _B_0	=	0x00f0
                    00F1    532 Fslave_wixel_track$B_1$0$0 == 0x00f1
                    00F1    533 _B_1	=	0x00f1
                    00F2    534 Fslave_wixel_track$B_2$0$0 == 0x00f2
                    00F2    535 _B_2	=	0x00f2
                    00F3    536 Fslave_wixel_track$B_3$0$0 == 0x00f3
                    00F3    537 _B_3	=	0x00f3
                    00F4    538 Fslave_wixel_track$B_4$0$0 == 0x00f4
                    00F4    539 _B_4	=	0x00f4
                    00F5    540 Fslave_wixel_track$B_5$0$0 == 0x00f5
                    00F5    541 _B_5	=	0x00f5
                    00F6    542 Fslave_wixel_track$B_6$0$0 == 0x00f6
                    00F6    543 _B_6	=	0x00f6
                    00F7    544 Fslave_wixel_track$B_7$0$0 == 0x00f7
                    00F7    545 _B_7	=	0x00f7
                    00F8    546 Fslave_wixel_track$U1ACTIVE$0$0 == 0x00f8
                    00F8    547 _U1ACTIVE	=	0x00f8
                    00F9    548 Fslave_wixel_track$U1TX_BYTE$0$0 == 0x00f9
                    00F9    549 _U1TX_BYTE	=	0x00f9
                    00FA    550 Fslave_wixel_track$U1RX_BYTE$0$0 == 0x00fa
                    00FA    551 _U1RX_BYTE	=	0x00fa
                    00FB    552 Fslave_wixel_track$U1ERR$0$0 == 0x00fb
                    00FB    553 _U1ERR	=	0x00fb
                    00FC    554 Fslave_wixel_track$U1FE$0$0 == 0x00fc
                    00FC    555 _U1FE	=	0x00fc
                    00FD    556 Fslave_wixel_track$U1SLAVE$0$0 == 0x00fd
                    00FD    557 _U1SLAVE	=	0x00fd
                    00FE    558 Fslave_wixel_track$U1RE$0$0 == 0x00fe
                    00FE    559 _U1RE	=	0x00fe
                    00FF    560 Fslave_wixel_track$U1MODE$0$0 == 0x00ff
                    00FF    561 _U1MODE	=	0x00ff
                            562 ;--------------------------------------------------------
                            563 ; overlayable register banks
                            564 ;--------------------------------------------------------
                            565 	.area REG_BANK_0	(REL,OVR,DATA)
   0000                     566 	.ds 8
                            567 ;--------------------------------------------------------
                            568 ; internal ram data
                            569 ;--------------------------------------------------------
                            570 	.area DSEG    (DATA)
                    0000    571 Lslave_wixel_track.isWithinThreshold$sloc0$1$0==.
   0000                     572 _isWithinThreshold_sloc0_1_0:
   0000                     573 	.ds 4
                    0004    574 Lslave_wixel_track.calculateTargetHeading$sloc0$1$0==.
   0004                     575 _calculateTargetHeading_sloc0_1_0:
   0004                     576 	.ds 4
                    0008    577 Lslave_wixel_track.calculateAndApplyOffset$sloc0$1$0==.
   0008                     578 _calculateAndApplyOffset_sloc0_1_0:
   0008                     579 	.ds 2
                    000A    580 Lslave_wixel_track.filterPosition$sloc0$1$0==.
   000A                     581 _filterPosition_sloc0_1_0:
   000A                     582 	.ds 4
                    000E    583 Lslave_wixel_track.handlePacketTimeout$sloc0$1$0==.
   000E                     584 _handlePacketTimeout_sloc0_1_0:
   000E                     585 	.ds 4
                            586 ;--------------------------------------------------------
                            587 ; overlayable items in internal ram 
                            588 ;--------------------------------------------------------
                            589 	.area OSEG    (OVR,DATA)
                            590 ;--------------------------------------------------------
                            591 ; Stack segment in internal ram 
                            592 ;--------------------------------------------------------
                            593 	.area	SSEG	(DATA)
   0000                     594 __start__stack:
   0000                     595 	.ds	1
                            596 
                            597 ;--------------------------------------------------------
                            598 ; indirectly addressable internal ram data
                            599 ;--------------------------------------------------------
                            600 	.area ISEG    (DATA)
                            601 ;--------------------------------------------------------
                            602 ; absolute internal ram data
                            603 ;--------------------------------------------------------
                            604 	.area IABS    (ABS,DATA)
                            605 	.area IABS    (ABS,DATA)
                            606 ;--------------------------------------------------------
                            607 ; bit data
                            608 ;--------------------------------------------------------
                            609 	.area BSEG    (BIT)
                            610 ;--------------------------------------------------------
                            611 ; paged external ram data
                            612 ;--------------------------------------------------------
                            613 	.area PSEG    (PAG,XDATA)
                    0000    614 G$currentState$0$0==.
   0000                     615 _currentState::
   0000                     616 	.ds 1
                    0001    617 G$lastPacketTimeCheck$0$0==.
   0001                     618 _lastPacketTimeCheck::
   0001                     619 	.ds 2
                    0003    620 G$lastPacketTime$0$0==.
   0003                     621 _lastPacketTime::
   0003                     622 	.ds 2
                    0005    623 G$counter_loop$0$0==.
   0005                     624 _counter_loop::
   0005                     625 	.ds 2
                    0007    626 G$now$0$0==.
   0007                     627 _now::
   0007                     628 	.ds 4
                    000B    629 G$rxPulseStart$0$0==.
   000B                     630 _rxPulseStart::
   000B                     631 	.ds 4
                    000F    632 G$posX$0$0==.
   000F                     633 _posX::
   000F                     634 	.ds 2
                    0011    635 G$posY$0$0==.
   0011                     636 _posY::
   0011                     637 	.ds 2
                    0013    638 G$posTheta$0$0==.
   0013                     639 _posTheta::
   0013                     640 	.ds 2
                    0015    641 G$filteredX$0$0==.
   0015                     642 _filteredX::
   0015                     643 	.ds 2
                    0017    644 G$filteredY$0$0==.
   0017                     645 _filteredY::
   0017                     646 	.ds 2
                    0019    647 G$filteredTheta$0$0==.
   0019                     648 _filteredTheta::
   0019                     649 	.ds 2
                    001B    650 G$targetX$0$0==.
   001B                     651 _targetX::
   001B                     652 	.ds 2
                    001D    653 G$lastTargetX$0$0==.
   001D                     654 _lastTargetX::
   001D                     655 	.ds 2
                    001F    656 G$targetY$0$0==.
   001F                     657 _targetY::
   001F                     658 	.ds 2
                    0021    659 G$lastTargetY$0$0==.
   0021                     660 _lastTargetY::
   0021                     661 	.ds 2
                    0023    662 G$stateStartTime$0$0==.
   0023                     663 _stateStartTime::
   0023                     664 	.ds 4
                    0027    665 G$pwm_left$0$0==.
   0027                     666 _pwm_left::
   0027                     667 	.ds 2
                    0029    668 G$pwm_right$0$0==.
   0029                     669 _pwm_right::
   0029                     670 	.ds 2
                    002B    671 G$manualPwmLeft$0$0==.
   002B                     672 _manualPwmLeft::
   002B                     673 	.ds 2
                    002D    674 G$manualPwmRight$0$0==.
   002D                     675 _manualPwmRight::
   002D                     676 	.ds 2
                    002F    677 G$waypoints$0$0==.
   002F                     678 _waypoints::
   002F                     679 	.ds 100
                    0093    680 G$waypointCount$0$0==.
   0093                     681 _waypointCount::
   0093                     682 	.ds 1
                    0094    683 G$waypointInputIndex$0$0==.
   0094                     684 _waypointInputIndex::
   0094                     685 	.ds 1
                    0095    686 G$currentWaypointIndex$0$0==.
   0095                     687 _currentWaypointIndex::
   0095                     688 	.ds 1
                    0096    689 G$runSubState$0$0==.
   0096                     690 _runSubState::
   0096                     691 	.ds 1
                    0097    692 G$homeSubState$0$0==.
   0097                     693 _homeSubState::
   0097                     694 	.ds 1
                    0098    695 G$i$0$0==.
   0098                     696 _i::
   0098                     697 	.ds 1
                    0099    698 Fslave_wixel_track$calData$0$0==.
   0099                     699 _calData:
   0099                     700 	.ds 18
                    00AB    701 G$orientationOffset$0$0==.
   00AB                     702 _orientationOffset::
   00AB                     703 	.ds 2
                    00AD    704 G$cal_targetHeading$0$0==.
   00AD                     705 _cal_targetHeading::
   00AD                     706 	.ds 2
                    00AF    707 G$cal_headingError$0$0==.
   00AF                     708 _cal_headingError::
   00AF                     709 	.ds 2
                    00B1    710 G$calib_step$0$0==.
   00B1                     711 _calib_step::
   00B1                     712 	.ds 1
                    00B2    713 Lslave_wixel_track.isWithinThreshold$currentY$1$1==.
   00B2                     714 _isWithinThreshold_PARM_2:
   00B2                     715 	.ds 2
                    00B4    716 Lslave_wixel_track.isWithinThreshold$targetX$1$1==.
   00B4                     717 _isWithinThreshold_PARM_3:
   00B4                     718 	.ds 2
                    00B6    719 Lslave_wixel_track.isWithinThreshold$targetY$1$1==.
   00B6                     720 _isWithinThreshold_PARM_4:
   00B6                     721 	.ds 2
                    00B8    722 Lslave_wixel_track.isWithinThreshold$threshold$1$1==.
   00B8                     723 _isWithinThreshold_PARM_5:
   00B8                     724 	.ds 2
                    00BA    725 Lslave_wixel_track.isWithinThreshold$distSquared$1$1==.
   00BA                     726 _isWithinThreshold_distSquared_1_1:
   00BA                     727 	.ds 4
                    00BE    728 Lslave_wixel_track.calculateTargetHeading$currentY$1$1==.
   00BE                     729 _calculateTargetHeading_PARM_2:
   00BE                     730 	.ds 2
                    00C0    731 Lslave_wixel_track.calculateTargetHeading$goalX$1$1==.
   00C0                     732 _calculateTargetHeading_PARM_3:
   00C0                     733 	.ds 2
                    00C2    734 Lslave_wixel_track.calculateTargetHeading$goalY$1$1==.
   00C2                     735 _calculateTargetHeading_PARM_4:
   00C2                     736 	.ds 2
                    00C4    737 Lslave_wixel_track.calculateTargetHeading$dx$1$1==.
   00C4                     738 _calculateTargetHeading_dx_1_1:
   00C4                     739 	.ds 4
                    00C8    740 Lslave_wixel_track.calculateTargetHeading$absX$1$1==.
   00C8                     741 _calculateTargetHeading_absX_1_1:
   00C8                     742 	.ds 4
                    00CC    743 Lslave_wixel_track.calculateTargetHeading$absY$1$1==.
   00CC                     744 _calculateTargetHeading_absY_1_1:
   00CC                     745 	.ds 4
                    00D0    746 Lslave_wixel_track.calculateTargetHeading$angle$1$1==.
   00D0                     747 _calculateTargetHeading_angle_1_1:
   00D0                     748 	.ds 2
                    00D2    749 Lslave_wixel_track.calculateTargetHeading$ratio$1$1==.
   00D2                     750 _calculateTargetHeading_ratio_1_1:
   00D2                     751 	.ds 4
                    00D6    752 Lslave_wixel_track.rotationController$targetHeading$1$1==.
   00D6                     753 _rotationController_PARM_2:
   00D6                     754 	.ds 2
                    00D8    755 Lslave_wixel_track.handleCmdPrep$wp_x$1$1==.
   00D8                     756 _handleCmdPrep_wp_x_1_1:
   00D8                     757 	.ds 2
                            758 ;--------------------------------------------------------
                            759 ; external ram data
                            760 ;--------------------------------------------------------
                            761 	.area XSEG    (XDATA)
                    DF00    762 Fslave_wixel_track$SYNC1$0$0 == 0xdf00
                    DF00    763 _SYNC1	=	0xdf00
                    DF01    764 Fslave_wixel_track$SYNC0$0$0 == 0xdf01
                    DF01    765 _SYNC0	=	0xdf01
                    DF02    766 Fslave_wixel_track$PKTLEN$0$0 == 0xdf02
                    DF02    767 _PKTLEN	=	0xdf02
                    DF03    768 Fslave_wixel_track$PKTCTRL1$0$0 == 0xdf03
                    DF03    769 _PKTCTRL1	=	0xdf03
                    DF04    770 Fslave_wixel_track$PKTCTRL0$0$0 == 0xdf04
                    DF04    771 _PKTCTRL0	=	0xdf04
                    DF05    772 Fslave_wixel_track$ADDR$0$0 == 0xdf05
                    DF05    773 _ADDR	=	0xdf05
                    DF06    774 Fslave_wixel_track$CHANNR$0$0 == 0xdf06
                    DF06    775 _CHANNR	=	0xdf06
                    DF07    776 Fslave_wixel_track$FSCTRL1$0$0 == 0xdf07
                    DF07    777 _FSCTRL1	=	0xdf07
                    DF08    778 Fslave_wixel_track$FSCTRL0$0$0 == 0xdf08
                    DF08    779 _FSCTRL0	=	0xdf08
                    DF09    780 Fslave_wixel_track$FREQ2$0$0 == 0xdf09
                    DF09    781 _FREQ2	=	0xdf09
                    DF0A    782 Fslave_wixel_track$FREQ1$0$0 == 0xdf0a
                    DF0A    783 _FREQ1	=	0xdf0a
                    DF0B    784 Fslave_wixel_track$FREQ0$0$0 == 0xdf0b
                    DF0B    785 _FREQ0	=	0xdf0b
                    DF0C    786 Fslave_wixel_track$MDMCFG4$0$0 == 0xdf0c
                    DF0C    787 _MDMCFG4	=	0xdf0c
                    DF0D    788 Fslave_wixel_track$MDMCFG3$0$0 == 0xdf0d
                    DF0D    789 _MDMCFG3	=	0xdf0d
                    DF0E    790 Fslave_wixel_track$MDMCFG2$0$0 == 0xdf0e
                    DF0E    791 _MDMCFG2	=	0xdf0e
                    DF0F    792 Fslave_wixel_track$MDMCFG1$0$0 == 0xdf0f
                    DF0F    793 _MDMCFG1	=	0xdf0f
                    DF10    794 Fslave_wixel_track$MDMCFG0$0$0 == 0xdf10
                    DF10    795 _MDMCFG0	=	0xdf10
                    DF11    796 Fslave_wixel_track$DEVIATN$0$0 == 0xdf11
                    DF11    797 _DEVIATN	=	0xdf11
                    DF12    798 Fslave_wixel_track$MCSM2$0$0 == 0xdf12
                    DF12    799 _MCSM2	=	0xdf12
                    DF13    800 Fslave_wixel_track$MCSM1$0$0 == 0xdf13
                    DF13    801 _MCSM1	=	0xdf13
                    DF14    802 Fslave_wixel_track$MCSM0$0$0 == 0xdf14
                    DF14    803 _MCSM0	=	0xdf14
                    DF15    804 Fslave_wixel_track$FOCCFG$0$0 == 0xdf15
                    DF15    805 _FOCCFG	=	0xdf15
                    DF16    806 Fslave_wixel_track$BSCFG$0$0 == 0xdf16
                    DF16    807 _BSCFG	=	0xdf16
                    DF17    808 Fslave_wixel_track$AGCCTRL2$0$0 == 0xdf17
                    DF17    809 _AGCCTRL2	=	0xdf17
                    DF18    810 Fslave_wixel_track$AGCCTRL1$0$0 == 0xdf18
                    DF18    811 _AGCCTRL1	=	0xdf18
                    DF19    812 Fslave_wixel_track$AGCCTRL0$0$0 == 0xdf19
                    DF19    813 _AGCCTRL0	=	0xdf19
                    DF1A    814 Fslave_wixel_track$FREND1$0$0 == 0xdf1a
                    DF1A    815 _FREND1	=	0xdf1a
                    DF1B    816 Fslave_wixel_track$FREND0$0$0 == 0xdf1b
                    DF1B    817 _FREND0	=	0xdf1b
                    DF1C    818 Fslave_wixel_track$FSCAL3$0$0 == 0xdf1c
                    DF1C    819 _FSCAL3	=	0xdf1c
                    DF1D    820 Fslave_wixel_track$FSCAL2$0$0 == 0xdf1d
                    DF1D    821 _FSCAL2	=	0xdf1d
                    DF1E    822 Fslave_wixel_track$FSCAL1$0$0 == 0xdf1e
                    DF1E    823 _FSCAL1	=	0xdf1e
                    DF1F    824 Fslave_wixel_track$FSCAL0$0$0 == 0xdf1f
                    DF1F    825 _FSCAL0	=	0xdf1f
                    DF23    826 Fslave_wixel_track$TEST2$0$0 == 0xdf23
                    DF23    827 _TEST2	=	0xdf23
                    DF24    828 Fslave_wixel_track$TEST1$0$0 == 0xdf24
                    DF24    829 _TEST1	=	0xdf24
                    DF25    830 Fslave_wixel_track$TEST0$0$0 == 0xdf25
                    DF25    831 _TEST0	=	0xdf25
                    DF2E    832 Fslave_wixel_track$PA_TABLE0$0$0 == 0xdf2e
                    DF2E    833 _PA_TABLE0	=	0xdf2e
                    DF2F    834 Fslave_wixel_track$IOCFG2$0$0 == 0xdf2f
                    DF2F    835 _IOCFG2	=	0xdf2f
                    DF30    836 Fslave_wixel_track$IOCFG1$0$0 == 0xdf30
                    DF30    837 _IOCFG1	=	0xdf30
                    DF31    838 Fslave_wixel_track$IOCFG0$0$0 == 0xdf31
                    DF31    839 _IOCFG0	=	0xdf31
                    DF36    840 Fslave_wixel_track$PARTNUM$0$0 == 0xdf36
                    DF36    841 _PARTNUM	=	0xdf36
                    DF37    842 Fslave_wixel_track$VERSION$0$0 == 0xdf37
                    DF37    843 _VERSION	=	0xdf37
                    DF38    844 Fslave_wixel_track$FREQEST$0$0 == 0xdf38
                    DF38    845 _FREQEST	=	0xdf38
                    DF39    846 Fslave_wixel_track$LQI$0$0 == 0xdf39
                    DF39    847 _LQI	=	0xdf39
                    DF3A    848 Fslave_wixel_track$RSSI$0$0 == 0xdf3a
                    DF3A    849 _RSSI	=	0xdf3a
                    DF3B    850 Fslave_wixel_track$MARCSTATE$0$0 == 0xdf3b
                    DF3B    851 _MARCSTATE	=	0xdf3b
                    DF3C    852 Fslave_wixel_track$PKTSTATUS$0$0 == 0xdf3c
                    DF3C    853 _PKTSTATUS	=	0xdf3c
                    DF3D    854 Fslave_wixel_track$VCO_VC_DAC$0$0 == 0xdf3d
                    DF3D    855 _VCO_VC_DAC	=	0xdf3d
                    DF40    856 Fslave_wixel_track$I2SCFG0$0$0 == 0xdf40
                    DF40    857 _I2SCFG0	=	0xdf40
                    DF41    858 Fslave_wixel_track$I2SCFG1$0$0 == 0xdf41
                    DF41    859 _I2SCFG1	=	0xdf41
                    DF42    860 Fslave_wixel_track$I2SDATL$0$0 == 0xdf42
                    DF42    861 _I2SDATL	=	0xdf42
                    DF43    862 Fslave_wixel_track$I2SDATH$0$0 == 0xdf43
                    DF43    863 _I2SDATH	=	0xdf43
                    DF44    864 Fslave_wixel_track$I2SWCNT$0$0 == 0xdf44
                    DF44    865 _I2SWCNT	=	0xdf44
                    DF45    866 Fslave_wixel_track$I2SSTAT$0$0 == 0xdf45
                    DF45    867 _I2SSTAT	=	0xdf45
                    DF46    868 Fslave_wixel_track$I2SCLKF0$0$0 == 0xdf46
                    DF46    869 _I2SCLKF0	=	0xdf46
                    DF47    870 Fslave_wixel_track$I2SCLKF1$0$0 == 0xdf47
                    DF47    871 _I2SCLKF1	=	0xdf47
                    DF48    872 Fslave_wixel_track$I2SCLKF2$0$0 == 0xdf48
                    DF48    873 _I2SCLKF2	=	0xdf48
                    DE00    874 Fslave_wixel_track$USBADDR$0$0 == 0xde00
                    DE00    875 _USBADDR	=	0xde00
                    DE01    876 Fslave_wixel_track$USBPOW$0$0 == 0xde01
                    DE01    877 _USBPOW	=	0xde01
                    DE02    878 Fslave_wixel_track$USBIIF$0$0 == 0xde02
                    DE02    879 _USBIIF	=	0xde02
                    DE04    880 Fslave_wixel_track$USBOIF$0$0 == 0xde04
                    DE04    881 _USBOIF	=	0xde04
                    DE06    882 Fslave_wixel_track$USBCIF$0$0 == 0xde06
                    DE06    883 _USBCIF	=	0xde06
                    DE07    884 Fslave_wixel_track$USBIIE$0$0 == 0xde07
                    DE07    885 _USBIIE	=	0xde07
                    DE09    886 Fslave_wixel_track$USBOIE$0$0 == 0xde09
                    DE09    887 _USBOIE	=	0xde09
                    DE0B    888 Fslave_wixel_track$USBCIE$0$0 == 0xde0b
                    DE0B    889 _USBCIE	=	0xde0b
                    DE0C    890 Fslave_wixel_track$USBFRML$0$0 == 0xde0c
                    DE0C    891 _USBFRML	=	0xde0c
                    DE0D    892 Fslave_wixel_track$USBFRMH$0$0 == 0xde0d
                    DE0D    893 _USBFRMH	=	0xde0d
                    DE0E    894 Fslave_wixel_track$USBINDEX$0$0 == 0xde0e
                    DE0E    895 _USBINDEX	=	0xde0e
                    DE10    896 Fslave_wixel_track$USBMAXI$0$0 == 0xde10
                    DE10    897 _USBMAXI	=	0xde10
                    DE11    898 Fslave_wixel_track$USBCSIL$0$0 == 0xde11
                    DE11    899 _USBCSIL	=	0xde11
                    DE12    900 Fslave_wixel_track$USBCSIH$0$0 == 0xde12
                    DE12    901 _USBCSIH	=	0xde12
                    DE13    902 Fslave_wixel_track$USBMAXO$0$0 == 0xde13
                    DE13    903 _USBMAXO	=	0xde13
                    DE14    904 Fslave_wixel_track$USBCSOL$0$0 == 0xde14
                    DE14    905 _USBCSOL	=	0xde14
                    DE15    906 Fslave_wixel_track$USBCSOH$0$0 == 0xde15
                    DE15    907 _USBCSOH	=	0xde15
                    DE16    908 Fslave_wixel_track$USBCNTL$0$0 == 0xde16
                    DE16    909 _USBCNTL	=	0xde16
                    DE17    910 Fslave_wixel_track$USBCNTH$0$0 == 0xde17
                    DE17    911 _USBCNTH	=	0xde17
                    DE20    912 Fslave_wixel_track$USBF0$0$0 == 0xde20
                    DE20    913 _USBF0	=	0xde20
                    DE22    914 Fslave_wixel_track$USBF1$0$0 == 0xde22
                    DE22    915 _USBF1	=	0xde22
                    DE24    916 Fslave_wixel_track$USBF2$0$0 == 0xde24
                    DE24    917 _USBF2	=	0xde24
                    DE26    918 Fslave_wixel_track$USBF3$0$0 == 0xde26
                    DE26    919 _USBF3	=	0xde26
                    DE28    920 Fslave_wixel_track$USBF4$0$0 == 0xde28
                    DE28    921 _USBF4	=	0xde28
                    DE2A    922 Fslave_wixel_track$USBF5$0$0 == 0xde2a
                    DE2A    923 _USBF5	=	0xde2a
                    0000    924 Fslave_wixel_track$rxPacket$0$0==.
   0000                     925 _rxPacket:
   0000                     926 	.ds 67
                            927 ;--------------------------------------------------------
                            928 ; absolute external ram data
                            929 ;--------------------------------------------------------
                            930 	.area XABS    (ABS,XDATA)
                            931 ;--------------------------------------------------------
                            932 ; external initialized ram data
                            933 ;--------------------------------------------------------
                            934 	.area XISEG   (XDATA)
                            935 	.area HOME    (CODE)
                            936 	.area GSINIT0 (CODE)
                            937 	.area GSINIT1 (CODE)
                            938 	.area GSINIT2 (CODE)
                            939 	.area GSINIT3 (CODE)
                            940 	.area GSINIT4 (CODE)
                            941 	.area GSINIT5 (CODE)
                            942 	.area GSINIT  (CODE)
                            943 	.area GSFINAL (CODE)
                            944 	.area CSEG    (CODE)
                            945 ;--------------------------------------------------------
                            946 ; interrupt vector 
                            947 ;--------------------------------------------------------
                            948 	.area HOME    (CODE)
   0000                     949 __interrupt_vect:
   0000 02s00r00            950 	ljmp	__sdcc_gsinit_startup
   0003 32                  951 	reti
   0004                     952 	.ds	7
   000B 32                  953 	reti
   000C                     954 	.ds	7
   0013 32                  955 	reti
   0014                     956 	.ds	7
   001B 32                  957 	reti
   001C                     958 	.ds	7
   0023 32                  959 	reti
   0024                     960 	.ds	7
   002B 32                  961 	reti
   002C                     962 	.ds	7
   0033 32                  963 	reti
   0034                     964 	.ds	7
   003B 32                  965 	reti
   003C                     966 	.ds	7
   0043 32                  967 	reti
   0044                     968 	.ds	7
   004B 32                  969 	reti
   004C                     970 	.ds	7
   0053 32                  971 	reti
   0054                     972 	.ds	7
   005B 32                  973 	reti
   005C                     974 	.ds	7
   0063 02s00r00            975 	ljmp	_ISR_T4
                            976 ;--------------------------------------------------------
                            977 ; global & static initialisations
                            978 ;--------------------------------------------------------
                            979 	.area HOME    (CODE)
                            980 	.area GSINIT  (CODE)
                            981 	.area GSFINAL (CODE)
                            982 	.area GSINIT  (CODE)
                            983 	.globl __sdcc_gsinit_startup
                            984 	.globl __sdcc_program_startup
                            985 	.globl __start__stack
                            986 	.globl __mcs51_genXINIT
                            987 	.globl __mcs51_genXRAMCLEAR
                            988 	.globl __mcs51_genRAMCLEAR
                    0000    989 	G$main$0$0 ==.
                    0000    990 	C$slave_wixel_track.c$111$1$1 ==.
                            991 ;	apps/slave_wixel_track/slave_wixel_track.c:111: uint8 currentState = STATE_IDLE;
   0000 78r00               992 	mov	r0,#_currentState
   0002 E4                  993 	clr	a
   0003 F2                  994 	movx	@r0,a
                    0004    995 	G$main$0$0 ==.
                    0004    996 	C$slave_wixel_track.c$114$1$1 ==.
                            997 ;	apps/slave_wixel_track/slave_wixel_track.c:114: uint16 lastPacketTimeCheck = 0;
   0004 78r01               998 	mov	r0,#_lastPacketTimeCheck
   0006 E4                  999 	clr	a
   0007 F2                 1000 	movx	@r0,a
   0008 08                 1001 	inc	r0
   0009 F2                 1002 	movx	@r0,a
                    000A   1003 	G$main$0$0 ==.
                    000A   1004 	C$slave_wixel_track.c$115$1$1 ==.
                           1005 ;	apps/slave_wixel_track/slave_wixel_track.c:115: uint16 lastPacketTime = 0;
   000A 78r03              1006 	mov	r0,#_lastPacketTime
   000C E4                 1007 	clr	a
   000D F2                 1008 	movx	@r0,a
   000E 08                 1009 	inc	r0
   000F F2                 1010 	movx	@r0,a
                    0010   1011 	G$main$0$0 ==.
                    0010   1012 	C$slave_wixel_track.c$116$1$1 ==.
                           1013 ;	apps/slave_wixel_track/slave_wixel_track.c:116: uint16 counter_loop = 0;
   0010 78r05              1014 	mov	r0,#_counter_loop
   0012 E4                 1015 	clr	a
   0013 F2                 1016 	movx	@r0,a
   0014 08                 1017 	inc	r0
   0015 F2                 1018 	movx	@r0,a
                    0016   1019 	G$main$0$0 ==.
                    0016   1020 	C$slave_wixel_track.c$117$1$1 ==.
                           1021 ;	apps/slave_wixel_track/slave_wixel_track.c:117: uint32 now = 0;
   0016 78r07              1022 	mov	r0,#_now
   0018 E4                 1023 	clr	a
   0019 F2                 1024 	movx	@r0,a
   001A 08                 1025 	inc	r0
   001B F2                 1026 	movx	@r0,a
   001C 08                 1027 	inc	r0
   001D F2                 1028 	movx	@r0,a
   001E 08                 1029 	inc	r0
   001F F2                 1030 	movx	@r0,a
                    0020   1031 	G$main$0$0 ==.
                    0020   1032 	C$slave_wixel_track.c$118$1$1 ==.
                           1033 ;	apps/slave_wixel_track/slave_wixel_track.c:118: uint32 rxPulseStart = 1;
   0020 78r0B              1034 	mov	r0,#_rxPulseStart
   0022 74 01              1035 	mov	a,#0x01
   0024 F2                 1036 	movx	@r0,a
   0025 08                 1037 	inc	r0
   0026 E4                 1038 	clr	a
   0027 F2                 1039 	movx	@r0,a
   0028 08                 1040 	inc	r0
   0029 F2                 1041 	movx	@r0,a
   002A 08                 1042 	inc	r0
   002B F2                 1043 	movx	@r0,a
                    002C   1044 	G$main$0$0 ==.
                    002C   1045 	C$slave_wixel_track.c$121$1$1 ==.
                           1046 ;	apps/slave_wixel_track/slave_wixel_track.c:121: int16 posX = 0;
   002C 78r0F              1047 	mov	r0,#_posX
   002E E4                 1048 	clr	a
   002F F2                 1049 	movx	@r0,a
   0030 08                 1050 	inc	r0
   0031 F2                 1051 	movx	@r0,a
                    0032   1052 	G$main$0$0 ==.
                    0032   1053 	C$slave_wixel_track.c$122$1$1 ==.
                           1054 ;	apps/slave_wixel_track/slave_wixel_track.c:122: int16 posY = 0;
   0032 78r11              1055 	mov	r0,#_posY
   0034 E4                 1056 	clr	a
   0035 F2                 1057 	movx	@r0,a
   0036 08                 1058 	inc	r0
   0037 F2                 1059 	movx	@r0,a
                    0038   1060 	G$main$0$0 ==.
                    0038   1061 	C$slave_wixel_track.c$123$1$1 ==.
                           1062 ;	apps/slave_wixel_track/slave_wixel_track.c:123: int16 posTheta = 0;
   0038 78r13              1063 	mov	r0,#_posTheta
   003A E4                 1064 	clr	a
   003B F2                 1065 	movx	@r0,a
   003C 08                 1066 	inc	r0
   003D F2                 1067 	movx	@r0,a
                    003E   1068 	G$main$0$0 ==.
                    003E   1069 	C$slave_wixel_track.c$126$1$1 ==.
                           1070 ;	apps/slave_wixel_track/slave_wixel_track.c:126: int16 filteredX = 0;
   003E 78r15              1071 	mov	r0,#_filteredX
   0040 E4                 1072 	clr	a
   0041 F2                 1073 	movx	@r0,a
   0042 08                 1074 	inc	r0
   0043 F2                 1075 	movx	@r0,a
                    0044   1076 	G$main$0$0 ==.
                    0044   1077 	C$slave_wixel_track.c$127$1$1 ==.
                           1078 ;	apps/slave_wixel_track/slave_wixel_track.c:127: int16 filteredY = 0;
   0044 78r17              1079 	mov	r0,#_filteredY
   0046 E4                 1080 	clr	a
   0047 F2                 1081 	movx	@r0,a
   0048 08                 1082 	inc	r0
   0049 F2                 1083 	movx	@r0,a
                    004A   1084 	G$main$0$0 ==.
                    004A   1085 	C$slave_wixel_track.c$128$1$1 ==.
                           1086 ;	apps/slave_wixel_track/slave_wixel_track.c:128: int16 filteredTheta = 0;
   004A 78r19              1087 	mov	r0,#_filteredTheta
   004C E4                 1088 	clr	a
   004D F2                 1089 	movx	@r0,a
   004E 08                 1090 	inc	r0
   004F F2                 1091 	movx	@r0,a
                    0050   1092 	G$main$0$0 ==.
                    0050   1093 	C$slave_wixel_track.c$131$1$1 ==.
                           1094 ;	apps/slave_wixel_track/slave_wixel_track.c:131: int16 targetX = 0;
   0050 78r1B              1095 	mov	r0,#_targetX
   0052 E4                 1096 	clr	a
   0053 F2                 1097 	movx	@r0,a
   0054 08                 1098 	inc	r0
   0055 F2                 1099 	movx	@r0,a
                    0056   1100 	G$main$0$0 ==.
                    0056   1101 	C$slave_wixel_track.c$132$1$1 ==.
                           1102 ;	apps/slave_wixel_track/slave_wixel_track.c:132: int16 lastTargetX = 0;
   0056 78r1D              1103 	mov	r0,#_lastTargetX
   0058 E4                 1104 	clr	a
   0059 F2                 1105 	movx	@r0,a
   005A 08                 1106 	inc	r0
   005B F2                 1107 	movx	@r0,a
                    005C   1108 	G$main$0$0 ==.
                    005C   1109 	C$slave_wixel_track.c$133$1$1 ==.
                           1110 ;	apps/slave_wixel_track/slave_wixel_track.c:133: int16 targetY = 0;
   005C 78r1F              1111 	mov	r0,#_targetY
   005E E4                 1112 	clr	a
   005F F2                 1113 	movx	@r0,a
   0060 08                 1114 	inc	r0
   0061 F2                 1115 	movx	@r0,a
                    0062   1116 	G$main$0$0 ==.
                    0062   1117 	C$slave_wixel_track.c$134$1$1 ==.
                           1118 ;	apps/slave_wixel_track/slave_wixel_track.c:134: int16 lastTargetY = 0;
   0062 78r21              1119 	mov	r0,#_lastTargetY
   0064 E4                 1120 	clr	a
   0065 F2                 1121 	movx	@r0,a
   0066 08                 1122 	inc	r0
   0067 F2                 1123 	movx	@r0,a
                    0068   1124 	G$main$0$0 ==.
                    0068   1125 	C$slave_wixel_track.c$137$1$1 ==.
                           1126 ;	apps/slave_wixel_track/slave_wixel_track.c:137: uint32 stateStartTime = 0;
   0068 78r23              1127 	mov	r0,#_stateStartTime
   006A E4                 1128 	clr	a
   006B F2                 1129 	movx	@r0,a
   006C 08                 1130 	inc	r0
   006D F2                 1131 	movx	@r0,a
   006E 08                 1132 	inc	r0
   006F F2                 1133 	movx	@r0,a
   0070 08                 1134 	inc	r0
   0071 F2                 1135 	movx	@r0,a
                    0072   1136 	G$main$0$0 ==.
                    0072   1137 	C$slave_wixel_track.c$140$1$1 ==.
                           1138 ;	apps/slave_wixel_track/slave_wixel_track.c:140: int16 pwm_left = 0;
   0072 78r27              1139 	mov	r0,#_pwm_left
   0074 E4                 1140 	clr	a
   0075 F2                 1141 	movx	@r0,a
   0076 08                 1142 	inc	r0
   0077 F2                 1143 	movx	@r0,a
                    0078   1144 	G$main$0$0 ==.
                    0078   1145 	C$slave_wixel_track.c$141$1$1 ==.
                           1146 ;	apps/slave_wixel_track/slave_wixel_track.c:141: int16 pwm_right = 0;
   0078 78r29              1147 	mov	r0,#_pwm_right
   007A E4                 1148 	clr	a
   007B F2                 1149 	movx	@r0,a
   007C 08                 1150 	inc	r0
   007D F2                 1151 	movx	@r0,a
                    007E   1152 	G$main$0$0 ==.
                    007E   1153 	C$slave_wixel_track.c$144$1$1 ==.
                           1154 ;	apps/slave_wixel_track/slave_wixel_track.c:144: int16 manualPwmLeft = 0;
   007E 78r2B              1155 	mov	r0,#_manualPwmLeft
   0080 E4                 1156 	clr	a
   0081 F2                 1157 	movx	@r0,a
   0082 08                 1158 	inc	r0
   0083 F2                 1159 	movx	@r0,a
                    0084   1160 	G$main$0$0 ==.
                    0084   1161 	C$slave_wixel_track.c$145$1$1 ==.
                           1162 ;	apps/slave_wixel_track/slave_wixel_track.c:145: int16 manualPwmRight = 0;
   0084 78r2D              1163 	mov	r0,#_manualPwmRight
   0086 E4                 1164 	clr	a
   0087 F2                 1165 	movx	@r0,a
   0088 08                 1166 	inc	r0
   0089 F2                 1167 	movx	@r0,a
                    008A   1168 	G$main$0$0 ==.
                    008A   1169 	C$slave_wixel_track.c$156$1$1 ==.
                           1170 ;	apps/slave_wixel_track/slave_wixel_track.c:156: uint8 waypointCount = 0;
   008A 78r93              1171 	mov	r0,#_waypointCount
   008C E4                 1172 	clr	a
   008D F2                 1173 	movx	@r0,a
                    008E   1174 	G$main$0$0 ==.
                    008E   1175 	C$slave_wixel_track.c$157$1$1 ==.
                           1176 ;	apps/slave_wixel_track/slave_wixel_track.c:157: uint8 waypointInputIndex = 0;
   008E 78r94              1177 	mov	r0,#_waypointInputIndex
   0090 E4                 1178 	clr	a
   0091 F2                 1179 	movx	@r0,a
                    0092   1180 	G$main$0$0 ==.
                    0092   1181 	C$slave_wixel_track.c$158$1$1 ==.
                           1182 ;	apps/slave_wixel_track/slave_wixel_track.c:158: uint8 currentWaypointIndex = 0;
   0092 78r95              1183 	mov	r0,#_currentWaypointIndex
   0094 E4                 1184 	clr	a
   0095 F2                 1185 	movx	@r0,a
                    0096   1186 	G$main$0$0 ==.
                    0096   1187 	C$slave_wixel_track.c$161$1$1 ==.
                           1188 ;	apps/slave_wixel_track/slave_wixel_track.c:161: uint8 runSubState = 0;
   0096 78r96              1189 	mov	r0,#_runSubState
   0098 E4                 1190 	clr	a
   0099 F2                 1191 	movx	@r0,a
                    009A   1192 	G$main$0$0 ==.
                    009A   1193 	C$slave_wixel_track.c$164$1$1 ==.
                           1194 ;	apps/slave_wixel_track/slave_wixel_track.c:164: uint8 homeSubState = 0;
   009A 78r97              1195 	mov	r0,#_homeSubState
   009C E4                 1196 	clr	a
   009D F2                 1197 	movx	@r0,a
                    009E   1198 	G$main$0$0 ==.
                    009E   1199 	C$slave_wixel_track.c$177$1$1 ==.
                           1200 ;	apps/slave_wixel_track/slave_wixel_track.c:177: int16 orientationOffset = 0;  // degrees
   009E 78rAB              1201 	mov	r0,#_orientationOffset
   00A0 E4                 1202 	clr	a
   00A1 F2                 1203 	movx	@r0,a
   00A2 08                 1204 	inc	r0
   00A3 F2                 1205 	movx	@r0,a
                    00A4   1206 	G$main$0$0 ==.
                    00A4   1207 	C$slave_wixel_track.c$178$1$1 ==.
                           1208 ;	apps/slave_wixel_track/slave_wixel_track.c:178: int16 cal_targetHeading = 0;
   00A4 78rAD              1209 	mov	r0,#_cal_targetHeading
   00A6 E4                 1210 	clr	a
   00A7 F2                 1211 	movx	@r0,a
   00A8 08                 1212 	inc	r0
   00A9 F2                 1213 	movx	@r0,a
                    00AA   1214 	G$main$0$0 ==.
                    00AA   1215 	C$slave_wixel_track.c$179$1$1 ==.
                           1216 ;	apps/slave_wixel_track/slave_wixel_track.c:179: int16 cal_headingError = 0;
   00AA 78rAF              1217 	mov	r0,#_cal_headingError
   00AC E4                 1218 	clr	a
   00AD F2                 1219 	movx	@r0,a
   00AE 08                 1220 	inc	r0
   00AF F2                 1221 	movx	@r0,a
                    00B0   1222 	G$main$0$0 ==.
                    00B0   1223 	C$slave_wixel_track.c$180$1$1 ==.
                           1224 ;	apps/slave_wixel_track/slave_wixel_track.c:180: uint8 calib_step = 0;
   00B0 78rB1              1225 	mov	r0,#_calib_step
   00B2 E4                 1226 	clr	a
   00B3 F2                 1227 	movx	@r0,a
                           1228 	.area GSFINAL (CODE)
   0000 02s00r66           1229 	ljmp	__sdcc_program_startup
                           1230 ;--------------------------------------------------------
                           1231 ; Home
                           1232 ;--------------------------------------------------------
                           1233 	.area HOME    (CODE)
                           1234 	.area HOME    (CODE)
   0066                    1235 __sdcc_program_startup:
   0066 12s15r75           1236 	lcall	_main
                           1237 ;	return from main will lock up
   0069 80 FE              1238 	sjmp .
                           1239 ;--------------------------------------------------------
                           1240 ; code
                           1241 ;--------------------------------------------------------
                           1242 	.area CSEG    (CODE)
                           1243 ;------------------------------------------------------------
                           1244 ;Allocation info for local variables in function 'abs16'
                           1245 ;------------------------------------------------------------
                    0000   1246 	G$abs16$0$0 ==.
                    0000   1247 	C$slave_wixel_track.c$184$0$0 ==.
                           1248 ;	apps/slave_wixel_track/slave_wixel_track.c:184: int16 abs16(int16 val)
                           1249 ;	-----------------------------------------
                           1250 ;	 function abs16
                           1251 ;	-----------------------------------------
   0000                    1252 _abs16:
                    0007   1253 	ar7 = 0x07
                    0006   1254 	ar6 = 0x06
                    0005   1255 	ar5 = 0x05
                    0004   1256 	ar4 = 0x04
                    0003   1257 	ar3 = 0x03
                    0002   1258 	ar2 = 0x02
                    0001   1259 	ar1 = 0x01
                    0000   1260 	ar0 = 0x00
   0000 AE 82              1261 	mov	r6,dpl
                    0002   1262 	C$slave_wixel_track.c$186$1$1 ==.
                           1263 ;	apps/slave_wixel_track/slave_wixel_track.c:186: return (val < 0) ? -val : val;
   0002 E5 83              1264 	mov	a,dph
   0004 FF                 1265 	mov	r7,a
   0005 30 E7 09           1266 	jnb	acc.7,00103$
   0008 C3                 1267 	clr	c
   0009 E4                 1268 	clr	a
   000A 9E                 1269 	subb	a,r6
   000B FC                 1270 	mov	r4,a
   000C E4                 1271 	clr	a
   000D 9F                 1272 	subb	a,r7
   000E FD                 1273 	mov	r5,a
   000F 80 04              1274 	sjmp	00104$
   0011                    1275 00103$:
   0011 8E 04              1276 	mov	ar4,r6
   0013 8F 05              1277 	mov	ar5,r7
   0015                    1278 00104$:
   0015 8C 82              1279 	mov	dpl,r4
   0017 8D 83              1280 	mov	dph,r5
                    0019   1281 	C$slave_wixel_track.c$187$1$1 ==.
                    0019   1282 	XG$abs16$0$0 ==.
   0019 22                 1283 	ret
                           1284 ;------------------------------------------------------------
                           1285 ;Allocation info for local variables in function 'isWithinThreshold'
                           1286 ;------------------------------------------------------------
                           1287 ;sloc0                     Allocated with name '_isWithinThreshold_sloc0_1_0'
                           1288 ;------------------------------------------------------------
                    001A   1289 	G$isWithinThreshold$0$0 ==.
                    001A   1290 	C$slave_wixel_track.c$192$1$1 ==.
                           1291 ;	apps/slave_wixel_track/slave_wixel_track.c:192: uint8 isWithinThreshold(int16 currentX, int16 currentY, int16 targetX, int16 targetY, int16 threshold)
                           1292 ;	-----------------------------------------
                           1293 ;	 function isWithinThreshold
                           1294 ;	-----------------------------------------
   001A                    1295 _isWithinThreshold:
   001A AE 82              1296 	mov	r6,dpl
   001C AF 83              1297 	mov	r7,dph
                    001E   1298 	C$slave_wixel_track.c$194$1$1 ==.
                           1299 ;	apps/slave_wixel_track/slave_wixel_track.c:194: int16 dx = targetX - currentX;
   001E 78rB4              1300 	mov	r0,#_isWithinThreshold_PARM_3
   0020 E2                 1301 	movx	a,@r0
   0021 C3                 1302 	clr	c
   0022 9E                 1303 	subb	a,r6
   0023 FE                 1304 	mov	r6,a
   0024 08                 1305 	inc	r0
   0025 E2                 1306 	movx	a,@r0
   0026 9F                 1307 	subb	a,r7
   0027 FF                 1308 	mov	r7,a
                    0028   1309 	C$slave_wixel_track.c$195$1$1 ==.
                           1310 ;	apps/slave_wixel_track/slave_wixel_track.c:195: int16 dy = targetY - currentY;
   0028 78rB6              1311 	mov	r0,#_isWithinThreshold_PARM_4
   002A 79rB2              1312 	mov	r1,#_isWithinThreshold_PARM_2
   002C E3                 1313 	movx	a,@r1
   002D F5 F0              1314 	mov	b,a
   002F C3                 1315 	clr	c
   0030 E2                 1316 	movx	a,@r0
   0031 95 F0              1317 	subb	a,b
   0033 FC                 1318 	mov	r4,a
   0034 09                 1319 	inc	r1
   0035 E3                 1320 	movx	a,@r1
   0036 F5 F0              1321 	mov	b,a
   0038 08                 1322 	inc	r0
   0039 E2                 1323 	movx	a,@r0
   003A 95 F0              1324 	subb	a,b
   003C FD                 1325 	mov	r5,a
                    003D   1326 	C$slave_wixel_track.c$196$1$1 ==.
                           1327 ;	apps/slave_wixel_track/slave_wixel_track.c:196: int32 distSquared = (int32)dx * dx + (int32)dy * dy;
   003D EF                 1328 	mov	a,r7
   003E 33                 1329 	rlc	a
   003F 95 E0              1330 	subb	a,acc
   0041 FB                 1331 	mov	r3,a
   0042 FA                 1332 	mov	r2,a
   0043 78r00              1333 	mov	r0,#__mullong_PARM_2
   0045 EE                 1334 	mov	a,r6
   0046 F2                 1335 	movx	@r0,a
   0047 08                 1336 	inc	r0
   0048 EF                 1337 	mov	a,r7
   0049 F2                 1338 	movx	@r0,a
   004A 08                 1339 	inc	r0
   004B EB                 1340 	mov	a,r3
   004C F2                 1341 	movx	@r0,a
   004D 08                 1342 	inc	r0
   004E EA                 1343 	mov	a,r2
   004F F2                 1344 	movx	@r0,a
   0050 8E 82              1345 	mov	dpl,r6
   0052 8F 83              1346 	mov	dph,r7
   0054 8B F0              1347 	mov	b,r3
   0056 EA                 1348 	mov	a,r2
   0057 C0 05              1349 	push	ar5
   0059 C0 04              1350 	push	ar4
   005B 12s00r00           1351 	lcall	__mullong
   005E 85 82*00           1352 	mov	_isWithinThreshold_sloc0_1_0,dpl
   0061 85 83*01           1353 	mov	(_isWithinThreshold_sloc0_1_0 + 1),dph
   0064 85 F0*02           1354 	mov	(_isWithinThreshold_sloc0_1_0 + 2),b
   0067 F5*03              1355 	mov	(_isWithinThreshold_sloc0_1_0 + 3),a
   0069 D0 04              1356 	pop	ar4
   006B D0 05              1357 	pop	ar5
   006D ED                 1358 	mov	a,r5
   006E 33                 1359 	rlc	a
   006F 95 E0              1360 	subb	a,acc
   0071 FE                 1361 	mov	r6,a
   0072 FF                 1362 	mov	r7,a
   0073 78r00              1363 	mov	r0,#__mullong_PARM_2
   0075 EC                 1364 	mov	a,r4
   0076 F2                 1365 	movx	@r0,a
   0077 08                 1366 	inc	r0
   0078 ED                 1367 	mov	a,r5
   0079 F2                 1368 	movx	@r0,a
   007A 08                 1369 	inc	r0
   007B EE                 1370 	mov	a,r6
   007C F2                 1371 	movx	@r0,a
   007D 08                 1372 	inc	r0
   007E EF                 1373 	mov	a,r7
   007F F2                 1374 	movx	@r0,a
   0080 8C 82              1375 	mov	dpl,r4
   0082 8D 83              1376 	mov	dph,r5
   0084 8E F0              1377 	mov	b,r6
   0086 EF                 1378 	mov	a,r7
   0087 12s00r00           1379 	lcall	__mullong
   008A AC 82              1380 	mov	r4,dpl
   008C AD 83              1381 	mov	r5,dph
   008E AE F0              1382 	mov	r6,b
   0090 FF                 1383 	mov	r7,a
   0091 78rBA              1384 	mov	r0,#_isWithinThreshold_distSquared_1_1
   0093 EC                 1385 	mov	a,r4
   0094 25*00              1386 	add	a,_isWithinThreshold_sloc0_1_0
   0096 F2                 1387 	movx	@r0,a
   0097 ED                 1388 	mov	a,r5
   0098 35*01              1389 	addc	a,(_isWithinThreshold_sloc0_1_0 + 1)
   009A 08                 1390 	inc	r0
   009B F2                 1391 	movx	@r0,a
   009C EE                 1392 	mov	a,r6
   009D 35*02              1393 	addc	a,(_isWithinThreshold_sloc0_1_0 + 2)
   009F 08                 1394 	inc	r0
   00A0 F2                 1395 	movx	@r0,a
   00A1 EF                 1396 	mov	a,r7
   00A2 35*03              1397 	addc	a,(_isWithinThreshold_sloc0_1_0 + 3)
   00A4 08                 1398 	inc	r0
   00A5 F2                 1399 	movx	@r0,a
                    00A6   1400 	C$slave_wixel_track.c$197$1$1 ==.
                           1401 ;	apps/slave_wixel_track/slave_wixel_track.c:197: int32 thresholdSquared = (int32)threshold * threshold;
   00A6 78rB8              1402 	mov	r0,#_isWithinThreshold_PARM_5
   00A8 E2                 1403 	movx	a,@r0
   00A9 FA                 1404 	mov	r2,a
   00AA 08                 1405 	inc	r0
   00AB E2                 1406 	movx	a,@r0
   00AC FB                 1407 	mov	r3,a
   00AD E2                 1408 	movx	a,@r0
   00AE 33                 1409 	rlc	a
   00AF 95 E0              1410 	subb	a,acc
   00B1 FE                 1411 	mov	r6,a
   00B2 FF                 1412 	mov	r7,a
   00B3 78r00              1413 	mov	r0,#__mullong_PARM_2
   00B5 EA                 1414 	mov	a,r2
   00B6 F2                 1415 	movx	@r0,a
   00B7 08                 1416 	inc	r0
   00B8 EB                 1417 	mov	a,r3
   00B9 F2                 1418 	movx	@r0,a
   00BA 08                 1419 	inc	r0
   00BB EE                 1420 	mov	a,r6
   00BC F2                 1421 	movx	@r0,a
   00BD 08                 1422 	inc	r0
   00BE EF                 1423 	mov	a,r7
   00BF F2                 1424 	movx	@r0,a
   00C0 8A 82              1425 	mov	dpl,r2
   00C2 8B 83              1426 	mov	dph,r3
   00C4 8E F0              1427 	mov	b,r6
   00C6 EF                 1428 	mov	a,r7
   00C7 12s00r00           1429 	lcall	__mullong
   00CA AC 82              1430 	mov	r4,dpl
   00CC AD 83              1431 	mov	r5,dph
   00CE AE F0              1432 	mov	r6,b
   00D0 FF                 1433 	mov	r7,a
                    00D1   1434 	C$slave_wixel_track.c$199$1$1 ==.
                           1435 ;	apps/slave_wixel_track/slave_wixel_track.c:199: return (distSquared < thresholdSquared);
   00D1 78rBA              1436 	mov	r0,#_isWithinThreshold_distSquared_1_1
   00D3 C3                 1437 	clr	c
   00D4 E2                 1438 	movx	a,@r0
   00D5 9C                 1439 	subb	a,r4
   00D6 08                 1440 	inc	r0
   00D7 E2                 1441 	movx	a,@r0
   00D8 9D                 1442 	subb	a,r5
   00D9 08                 1443 	inc	r0
   00DA E2                 1444 	movx	a,@r0
   00DB 9E                 1445 	subb	a,r6
   00DC 08                 1446 	inc	r0
   00DD E2                 1447 	movx	a,@r0
   00DE 64 80              1448 	xrl	a,#0x80
   00E0 8F F0              1449 	mov	b,r7
   00E2 63 F0 80           1450 	xrl	b,#0x80
   00E5 95 F0              1451 	subb	a,b
   00E7 E4                 1452 	clr	a
   00E8 33                 1453 	rlc	a
                    00E9   1454 	C$slave_wixel_track.c$200$1$1 ==.
                    00E9   1455 	XG$isWithinThreshold$0$0 ==.
   00E9 F5 82              1456 	mov	dpl,a
   00EB 22                 1457 	ret
                           1458 ;------------------------------------------------------------
                           1459 ;Allocation info for local variables in function 'calculateTargetHeading'
                           1460 ;------------------------------------------------------------
                           1461 ;sloc0                     Allocated with name '_calculateTargetHeading_sloc0_1_0'
                           1462 ;------------------------------------------------------------
                    00EC   1463 	G$calculateTargetHeading$0$0 ==.
                    00EC   1464 	C$slave_wixel_track.c$204$1$1 ==.
                           1465 ;	apps/slave_wixel_track/slave_wixel_track.c:204: int16 calculateTargetHeading(int16 currentX, int16 currentY, int16 goalX, int16 goalY)
                           1466 ;	-----------------------------------------
                           1467 ;	 function calculateTargetHeading
                           1468 ;	-----------------------------------------
   00EC                    1469 _calculateTargetHeading:
   00EC AE 82              1470 	mov	r6,dpl
   00EE AF 83              1471 	mov	r7,dph
                    00F0   1472 	C$slave_wixel_track.c$211$1$1 ==.
                           1473 ;	apps/slave_wixel_track/slave_wixel_track.c:211: dx = (int32)goalX - (int32)currentX;
   00F0 78rC0              1474 	mov	r0,#_calculateTargetHeading_PARM_3
   00F2 E2                 1475 	movx	a,@r0
   00F3 F5*04              1476 	mov	_calculateTargetHeading_sloc0_1_0,a
   00F5 08                 1477 	inc	r0
   00F6 E2                 1478 	movx	a,@r0
   00F7 F5*05              1479 	mov	(_calculateTargetHeading_sloc0_1_0 + 1),a
   00F9 E2                 1480 	movx	a,@r0
   00FA 33                 1481 	rlc	a
   00FB 95 E0              1482 	subb	a,acc
   00FD F5*06              1483 	mov	(_calculateTargetHeading_sloc0_1_0 + 2),a
   00FF F5*07              1484 	mov	(_calculateTargetHeading_sloc0_1_0 + 3),a
   0101 8E 04              1485 	mov	ar4,r6
   0103 EF                 1486 	mov	a,r7
   0104 FD                 1487 	mov	r5,a
   0105 33                 1488 	rlc	a
   0106 95 E0              1489 	subb	a,acc
   0108 FE                 1490 	mov	r6,a
   0109 FF                 1491 	mov	r7,a
   010A 78rC4              1492 	mov	r0,#_calculateTargetHeading_dx_1_1
   010C E5*04              1493 	mov	a,_calculateTargetHeading_sloc0_1_0
   010E C3                 1494 	clr	c
   010F 9C                 1495 	subb	a,r4
   0110 F2                 1496 	movx	@r0,a
   0111 E5*05              1497 	mov	a,(_calculateTargetHeading_sloc0_1_0 + 1)
   0113 9D                 1498 	subb	a,r5
   0114 08                 1499 	inc	r0
   0115 F2                 1500 	movx	@r0,a
   0116 E5*06              1501 	mov	a,(_calculateTargetHeading_sloc0_1_0 + 2)
   0118 9E                 1502 	subb	a,r6
   0119 08                 1503 	inc	r0
   011A F2                 1504 	movx	@r0,a
   011B E5*07              1505 	mov	a,(_calculateTargetHeading_sloc0_1_0 + 3)
   011D 9F                 1506 	subb	a,r7
   011E 08                 1507 	inc	r0
   011F F2                 1508 	movx	@r0,a
                    0120   1509 	C$slave_wixel_track.c$212$1$1 ==.
                           1510 ;	apps/slave_wixel_track/slave_wixel_track.c:212: dy = (int32)goalY - (int32)currentY;
   0120 78rC2              1511 	mov	r0,#_calculateTargetHeading_PARM_4
   0122 E2                 1512 	movx	a,@r0
   0123 F5*04              1513 	mov	_calculateTargetHeading_sloc0_1_0,a
   0125 08                 1514 	inc	r0
   0126 E2                 1515 	movx	a,@r0
   0127 F5*05              1516 	mov	(_calculateTargetHeading_sloc0_1_0 + 1),a
   0129 E2                 1517 	movx	a,@r0
   012A 33                 1518 	rlc	a
   012B 95 E0              1519 	subb	a,acc
   012D F5*06              1520 	mov	(_calculateTargetHeading_sloc0_1_0 + 2),a
   012F F5*07              1521 	mov	(_calculateTargetHeading_sloc0_1_0 + 3),a
   0131 78rBE              1522 	mov	r0,#_calculateTargetHeading_PARM_2
   0133 E2                 1523 	movx	a,@r0
   0134 FC                 1524 	mov	r4,a
   0135 08                 1525 	inc	r0
   0136 E2                 1526 	movx	a,@r0
   0137 FD                 1527 	mov	r5,a
   0138 E2                 1528 	movx	a,@r0
   0139 33                 1529 	rlc	a
   013A 95 E0              1530 	subb	a,acc
   013C FE                 1531 	mov	r6,a
   013D FF                 1532 	mov	r7,a
   013E E5*04              1533 	mov	a,_calculateTargetHeading_sloc0_1_0
   0140 C3                 1534 	clr	c
   0141 9C                 1535 	subb	a,r4
   0142 FC                 1536 	mov	r4,a
   0143 E5*05              1537 	mov	a,(_calculateTargetHeading_sloc0_1_0 + 1)
   0145 9D                 1538 	subb	a,r5
   0146 FD                 1539 	mov	r5,a
   0147 E5*06              1540 	mov	a,(_calculateTargetHeading_sloc0_1_0 + 2)
   0149 9E                 1541 	subb	a,r6
   014A FE                 1542 	mov	r6,a
   014B E5*07              1543 	mov	a,(_calculateTargetHeading_sloc0_1_0 + 3)
   014D 9F                 1544 	subb	a,r7
   014E FF                 1545 	mov	r7,a
                    014F   1546 	C$slave_wixel_track.c$214$1$1 ==.
                           1547 ;	apps/slave_wixel_track/slave_wixel_track.c:214: if (dx == 0 && dy == 0)
   014F 78rC4              1548 	mov	r0,#_calculateTargetHeading_dx_1_1
   0151 E2                 1549 	movx	a,@r0
   0152 F5 F0              1550 	mov	b,a
   0154 08                 1551 	inc	r0
   0155 E2                 1552 	movx	a,@r0
   0156 42 F0              1553 	orl	b,a
   0158 08                 1554 	inc	r0
   0159 E2                 1555 	movx	a,@r0
   015A 42 F0              1556 	orl	b,a
   015C 08                 1557 	inc	r0
   015D E2                 1558 	movx	a,@r0
   015E 45 F0              1559 	orl	a,b
   0160 70 0C              1560 	jnz	00102$
   0162 EC                 1561 	mov	a,r4
   0163 4D                 1562 	orl	a,r5
   0164 4E                 1563 	orl	a,r6
   0165 4F                 1564 	orl	a,r7
   0166 70 06              1565 	jnz	00102$
                    0168   1566 	C$slave_wixel_track.c$215$1$1 ==.
                           1567 ;	apps/slave_wixel_track/slave_wixel_track.c:215: return 0;
   0168 90 00 00           1568 	mov	dptr,#0x0000
   016B 02s05r6B           1569 	ljmp	00123$
   016E                    1570 00102$:
                    016E   1571 	C$slave_wixel_track.c$217$1$1 ==.
                           1572 ;	apps/slave_wixel_track/slave_wixel_track.c:217: if (dx == 0)
   016E 78rC4              1573 	mov	r0,#_calculateTargetHeading_dx_1_1
   0170 E2                 1574 	movx	a,@r0
   0171 F5 F0              1575 	mov	b,a
   0173 08                 1576 	inc	r0
   0174 E2                 1577 	movx	a,@r0
   0175 42 F0              1578 	orl	b,a
   0177 08                 1579 	inc	r0
   0178 E2                 1580 	movx	a,@r0
   0179 42 F0              1581 	orl	b,a
   017B 08                 1582 	inc	r0
   017C E2                 1583 	movx	a,@r0
   017D 45 F0              1584 	orl	a,b
   017F 70 25              1585 	jnz	00105$
                    0181   1586 	C$slave_wixel_track.c$218$1$1 ==.
                           1587 ;	apps/slave_wixel_track/slave_wixel_track.c:218: return (dy > 0) ? 90 : -90;
   0181 C3                 1588 	clr	c
   0182 E4                 1589 	clr	a
   0183 9C                 1590 	subb	a,r4
   0184 E4                 1591 	clr	a
   0185 9D                 1592 	subb	a,r5
   0186 E4                 1593 	clr	a
   0187 9E                 1594 	subb	a,r6
   0188 E4                 1595 	clr	a
   0189 64 80              1596 	xrl	a,#0x80
   018B 8F F0              1597 	mov	b,r7
   018D 63 F0 80           1598 	xrl	b,#0x80
   0190 95 F0              1599 	subb	a,b
   0192 50 04              1600 	jnc	00125$
   0194 7B 5A              1601 	mov	r3,#0x5A
   0196 80 02              1602 	sjmp	00126$
   0198                    1603 00125$:
   0198 7B A6              1604 	mov	r3,#0xA6
   019A                    1605 00126$:
   019A EB                 1606 	mov	a,r3
   019B 33                 1607 	rlc	a
   019C 95 E0              1608 	subb	a,acc
   019E FA                 1609 	mov	r2,a
   019F 8B 82              1610 	mov	dpl,r3
   01A1 8A 83              1611 	mov	dph,r2
   01A3 02s05r6B           1612 	ljmp	00123$
   01A6                    1613 00105$:
                    01A6   1614 	C$slave_wixel_track.c$220$1$1 ==.
                           1615 ;	apps/slave_wixel_track/slave_wixel_track.c:220: if (dy == 0)
   01A6 EC                 1616 	mov	a,r4
   01A7 4D                 1617 	orl	a,r5
   01A8 4E                 1618 	orl	a,r6
   01A9 4F                 1619 	orl	a,r7
   01AA 70 34              1620 	jnz	00107$
                    01AC   1621 	C$slave_wixel_track.c$221$1$1 ==.
                           1622 ;	apps/slave_wixel_track/slave_wixel_track.c:221: return (dx > 0) ? 0 : 180;
   01AC 78rC4              1623 	mov	r0,#_calculateTargetHeading_dx_1_1
   01AE C3                 1624 	clr	c
   01AF E2                 1625 	movx	a,@r0
   01B0 F5 F0              1626 	mov	b,a
   01B2 E4                 1627 	clr	a
   01B3 95 F0              1628 	subb	a,b
   01B5 08                 1629 	inc	r0
   01B6 E2                 1630 	movx	a,@r0
   01B7 F5 F0              1631 	mov	b,a
   01B9 E4                 1632 	clr	a
   01BA 95 F0              1633 	subb	a,b
   01BC 08                 1634 	inc	r0
   01BD E2                 1635 	movx	a,@r0
   01BE F5 F0              1636 	mov	b,a
   01C0 E4                 1637 	clr	a
   01C1 95 F0              1638 	subb	a,b
   01C3 08                 1639 	inc	r0
   01C4 E2                 1640 	movx	a,@r0
   01C5 F5 F0              1641 	mov	b,a
   01C7 E4                 1642 	clr	a
   01C8 64 80              1643 	xrl	a,#0x80
   01CA 63 F0 80           1644 	xrl	b,#0x80
   01CD 95 F0              1645 	subb	a,b
   01CF 50 04              1646 	jnc	00127$
   01D1 7B 00              1647 	mov	r3,#0x00
   01D3 80 02              1648 	sjmp	00128$
   01D5                    1649 00127$:
   01D5 7B B4              1650 	mov	r3,#0xB4
   01D7                    1651 00128$:
   01D7 7A 00              1652 	mov	r2,#0x00
   01D9 8B 82              1653 	mov	dpl,r3
   01DB 8A 83              1654 	mov	dph,r2
   01DD 02s05r6B           1655 	ljmp	00123$
   01E0                    1656 00107$:
                    01E0   1657 	C$slave_wixel_track.c$223$1$1 ==.
                           1658 ;	apps/slave_wixel_track/slave_wixel_track.c:223: absX = (dx > 0) ? dx : -dx;
   01E0 78rC4              1659 	mov	r0,#_calculateTargetHeading_dx_1_1
   01E2 C3                 1660 	clr	c
   01E3 E2                 1661 	movx	a,@r0
   01E4 F5 F0              1662 	mov	b,a
   01E6 E4                 1663 	clr	a
   01E7 95 F0              1664 	subb	a,b
   01E9 08                 1665 	inc	r0
   01EA E2                 1666 	movx	a,@r0
   01EB F5 F0              1667 	mov	b,a
   01ED E4                 1668 	clr	a
   01EE 95 F0              1669 	subb	a,b
   01F0 08                 1670 	inc	r0
   01F1 E2                 1671 	movx	a,@r0
   01F2 F5 F0              1672 	mov	b,a
   01F4 E4                 1673 	clr	a
   01F5 95 F0              1674 	subb	a,b
   01F7 08                 1675 	inc	r0
   01F8 E2                 1676 	movx	a,@r0
   01F9 F5 F0              1677 	mov	b,a
   01FB E4                 1678 	clr	a
   01FC 64 80              1679 	xrl	a,#0x80
   01FE 63 F0 80           1680 	xrl	b,#0x80
   0201 95 F0              1681 	subb	a,b
   0203 50 14              1682 	jnc	00129$
   0205 78rC4              1683 	mov	r0,#_calculateTargetHeading_dx_1_1
   0207 79rC8              1684 	mov	r1,#_calculateTargetHeading_absX_1_1
   0209 E2                 1685 	movx	a,@r0
   020A F3                 1686 	movx	@r1,a
   020B 08                 1687 	inc	r0
   020C E2                 1688 	movx	a,@r0
   020D 09                 1689 	inc	r1
   020E F3                 1690 	movx	@r1,a
   020F 08                 1691 	inc	r0
   0210 E2                 1692 	movx	a,@r0
   0211 09                 1693 	inc	r1
   0212 F3                 1694 	movx	@r1,a
   0213 08                 1695 	inc	r0
   0214 E2                 1696 	movx	a,@r0
   0215 09                 1697 	inc	r1
   0216 F3                 1698 	movx	@r1,a
   0217 80 1F              1699 	sjmp	00130$
   0219                    1700 00129$:
   0219 78rC4              1701 	mov	r0,#_calculateTargetHeading_dx_1_1
   021B 79rC8              1702 	mov	r1,#_calculateTargetHeading_absX_1_1
   021D E2                 1703 	movx	a,@r0
   021E D3                 1704 	setb	c
   021F F4                 1705 	cpl	a
   0220 34 00              1706 	addc	a,#0x00
   0222 F3                 1707 	movx	@r1,a
   0223 08                 1708 	inc	r0
   0224 E2                 1709 	movx	a,@r0
   0225 F4                 1710 	cpl	a
   0226 34 00              1711 	addc	a,#0x00
   0228 09                 1712 	inc	r1
   0229 F3                 1713 	movx	@r1,a
   022A 08                 1714 	inc	r0
   022B E2                 1715 	movx	a,@r0
   022C F4                 1716 	cpl	a
   022D 34 00              1717 	addc	a,#0x00
   022F 09                 1718 	inc	r1
   0230 F3                 1719 	movx	@r1,a
   0231 08                 1720 	inc	r0
   0232 E2                 1721 	movx	a,@r0
   0233 F4                 1722 	cpl	a
   0234 34 00              1723 	addc	a,#0x00
   0236 09                 1724 	inc	r1
   0237 F3                 1725 	movx	@r1,a
   0238                    1726 00130$:
   0238 78rC8              1727 	mov	r0,#_calculateTargetHeading_absX_1_1
                    023A   1728 	C$slave_wixel_track.c$224$1$1 ==.
                           1729 ;	apps/slave_wixel_track/slave_wixel_track.c:224: absY = (dy > 0) ? dy : -dy;
   023A C3                 1730 	clr	c
   023B E4                 1731 	clr	a
   023C 9C                 1732 	subb	a,r4
   023D E4                 1733 	clr	a
   023E 9D                 1734 	subb	a,r5
   023F E4                 1735 	clr	a
   0240 9E                 1736 	subb	a,r6
   0241 E4                 1737 	clr	a
   0242 64 80              1738 	xrl	a,#0x80
   0244 8F F0              1739 	mov	b,r7
   0246 63 F0 80           1740 	xrl	b,#0x80
   0249 95 F0              1741 	subb	a,b
   024B 50 0F              1742 	jnc	00131$
   024D 78rCC              1743 	mov	r0,#_calculateTargetHeading_absY_1_1
   024F EC                 1744 	mov	a,r4
   0250 F2                 1745 	movx	@r0,a
   0251 08                 1746 	inc	r0
   0252 ED                 1747 	mov	a,r5
   0253 F2                 1748 	movx	@r0,a
   0254 08                 1749 	inc	r0
   0255 EE                 1750 	mov	a,r6
   0256 F2                 1751 	movx	@r0,a
   0257 08                 1752 	inc	r0
   0258 EF                 1753 	mov	a,r7
   0259 F2                 1754 	movx	@r0,a
   025A 80 12              1755 	sjmp	00132$
   025C                    1756 00131$:
   025C 78rCC              1757 	mov	r0,#_calculateTargetHeading_absY_1_1
   025E C3                 1758 	clr	c
   025F E4                 1759 	clr	a
   0260 9C                 1760 	subb	a,r4
   0261 F2                 1761 	movx	@r0,a
   0262 E4                 1762 	clr	a
   0263 9D                 1763 	subb	a,r5
   0264 08                 1764 	inc	r0
   0265 F2                 1765 	movx	@r0,a
   0266 E4                 1766 	clr	a
   0267 9E                 1767 	subb	a,r6
   0268 08                 1768 	inc	r0
   0269 F2                 1769 	movx	@r0,a
   026A E4                 1770 	clr	a
   026B 9F                 1771 	subb	a,r7
   026C 08                 1772 	inc	r0
   026D F2                 1773 	movx	@r0,a
   026E                    1774 00132$:
                    026E   1775 	C$slave_wixel_track.c$226$1$1 ==.
                           1776 ;	apps/slave_wixel_track/slave_wixel_track.c:226: if (absX > absY)
   026E 78rC8              1777 	mov	r0,#_calculateTargetHeading_absX_1_1
   0270 79rCC              1778 	mov	r1,#_calculateTargetHeading_absY_1_1
   0272 C3                 1779 	clr	c
   0273 E2                 1780 	movx	a,@r0
   0274 F5 F0              1781 	mov	b,a
   0276 E3                 1782 	movx	a,@r1
   0277 95 F0              1783 	subb	a,b
   0279 08                 1784 	inc	r0
   027A E2                 1785 	movx	a,@r0
   027B F5 F0              1786 	mov	b,a
   027D 09                 1787 	inc	r1
   027E E3                 1788 	movx	a,@r1
   027F 95 F0              1789 	subb	a,b
   0281 08                 1790 	inc	r0
   0282 E2                 1791 	movx	a,@r0
   0283 F5 F0              1792 	mov	b,a
   0285 09                 1793 	inc	r1
   0286 E3                 1794 	movx	a,@r1
   0287 95 F0              1795 	subb	a,b
   0289 08                 1796 	inc	r0
   028A E2                 1797 	movx	a,@r0
   028B F5 F0              1798 	mov	b,a
   028D 09                 1799 	inc	r1
   028E E3                 1800 	movx	a,@r1
   028F 64 80              1801 	xrl	a,#0x80
   0291 63 F0 80           1802 	xrl	b,#0x80
   0294 95 F0              1803 	subb	a,b
   0296 40 03              1804 	jc	00156$
   0298 02s03rD6           1805 	ljmp	00109$
   029B                    1806 00156$:
                    029B   1807 	C$slave_wixel_track.c$228$1$1 ==.
                           1808 ;	apps/slave_wixel_track/slave_wixel_track.c:228: ratio = (absY * 1000L) / absX;
   029B C0 04              1809 	push	ar4
   029D C0 05              1810 	push	ar5
   029F C0 06              1811 	push	ar6
   02A1 C0 07              1812 	push	ar7
   02A3 78rCC              1813 	mov	r0,#_calculateTargetHeading_absY_1_1
   02A5 79r00              1814 	mov	r1,#__mullong_PARM_2
   02A7 E2                 1815 	movx	a,@r0
   02A8 F3                 1816 	movx	@r1,a
   02A9 08                 1817 	inc	r0
   02AA E2                 1818 	movx	a,@r0
   02AB 09                 1819 	inc	r1
   02AC F3                 1820 	movx	@r1,a
   02AD 08                 1821 	inc	r0
   02AE E2                 1822 	movx	a,@r0
   02AF 09                 1823 	inc	r1
   02B0 F3                 1824 	movx	@r1,a
   02B1 08                 1825 	inc	r0
   02B2 E2                 1826 	movx	a,@r0
   02B3 09                 1827 	inc	r1
   02B4 F3                 1828 	movx	@r1,a
   02B5 90 03 E8           1829 	mov	dptr,#0x03E8
   02B8 E4                 1830 	clr	a
   02B9 F5 F0              1831 	mov	b,a
   02BB C0 05              1832 	push	ar5
   02BD C0 04              1833 	push	ar4
   02BF 12s00r00           1834 	lcall	__mullong
   02C2 AA 82              1835 	mov	r2,dpl
   02C4 AB 83              1836 	mov	r3,dph
   02C6 AE F0              1837 	mov	r6,b
   02C8 FF                 1838 	mov	r7,a
   02C9 D0 04              1839 	pop	ar4
   02CB D0 05              1840 	pop	ar5
   02CD 78rC8              1841 	mov	r0,#_calculateTargetHeading_absX_1_1
   02CF 79r00              1842 	mov	r1,#__divslong_PARM_2
   02D1 E2                 1843 	movx	a,@r0
   02D2 F3                 1844 	movx	@r1,a
   02D3 08                 1845 	inc	r0
   02D4 E2                 1846 	movx	a,@r0
   02D5 09                 1847 	inc	r1
   02D6 F3                 1848 	movx	@r1,a
   02D7 08                 1849 	inc	r0
   02D8 E2                 1850 	movx	a,@r0
   02D9 09                 1851 	inc	r1
   02DA F3                 1852 	movx	@r1,a
   02DB 08                 1853 	inc	r0
   02DC E2                 1854 	movx	a,@r0
   02DD 09                 1855 	inc	r1
   02DE F3                 1856 	movx	@r1,a
   02DF 8A 82              1857 	mov	dpl,r2
   02E1 8B 83              1858 	mov	dph,r3
   02E3 8E F0              1859 	mov	b,r6
   02E5 EF                 1860 	mov	a,r7
   02E6 C0 07              1861 	push	ar7
   02E8 C0 06              1862 	push	ar6
   02EA C0 05              1863 	push	ar5
   02EC C0 04              1864 	push	ar4
   02EE 12s00r00           1865 	lcall	__divslong
   02F1 78rD2              1866 	mov	r0,#_calculateTargetHeading_ratio_1_1
   02F3 C0 E0              1867 	push	acc
   02F5 E5 82              1868 	mov	a,dpl
   02F7 F2                 1869 	movx	@r0,a
   02F8 08                 1870 	inc	r0
   02F9 E5 83              1871 	mov	a,dph
   02FB F2                 1872 	movx	@r0,a
   02FC 08                 1873 	inc	r0
   02FD E5 F0              1874 	mov	a,b
   02FF F2                 1875 	movx	@r0,a
   0300 D0 E0              1876 	pop	acc
   0302 08                 1877 	inc	r0
   0303 F2                 1878 	movx	@r0,a
                    0304   1879 	C$slave_wixel_track.c$229$1$1 ==.
                           1880 ;	apps/slave_wixel_track/slave_wixel_track.c:229: angle = (int16)((57300L * ratio) / (1000000L + (280L * ratio * ratio) / 1000L));
   0304 78rD2              1881 	mov	r0,#_calculateTargetHeading_ratio_1_1
   0306 79r00              1882 	mov	r1,#__mullong_PARM_2
   0308 E2                 1883 	movx	a,@r0
   0309 F3                 1884 	movx	@r1,a
   030A 08                 1885 	inc	r0
   030B E2                 1886 	movx	a,@r0
   030C 09                 1887 	inc	r1
   030D F3                 1888 	movx	@r1,a
   030E 08                 1889 	inc	r0
   030F E2                 1890 	movx	a,@r0
   0310 09                 1891 	inc	r1
   0311 F3                 1892 	movx	@r1,a
   0312 08                 1893 	inc	r0
   0313 E2                 1894 	movx	a,@r0
   0314 09                 1895 	inc	r1
   0315 F3                 1896 	movx	@r1,a
   0316 90 DF D4           1897 	mov	dptr,#0xDFD4
   0319 E4                 1898 	clr	a
   031A F5 F0              1899 	mov	b,a
   031C 12s00r00           1900 	lcall	__mullong
   031F 85 82*04           1901 	mov	_calculateTargetHeading_sloc0_1_0,dpl
   0322 85 83*05           1902 	mov	(_calculateTargetHeading_sloc0_1_0 + 1),dph
   0325 85 F0*06           1903 	mov	(_calculateTargetHeading_sloc0_1_0 + 2),b
   0328 F5*07              1904 	mov	(_calculateTargetHeading_sloc0_1_0 + 3),a
   032A D0 04              1905 	pop	ar4
   032C D0 05              1906 	pop	ar5
   032E D0 06              1907 	pop	ar6
   0330 D0 07              1908 	pop	ar7
   0332 78rD2              1909 	mov	r0,#_calculateTargetHeading_ratio_1_1
   0334 79r00              1910 	mov	r1,#__mullong_PARM_2
   0336 E2                 1911 	movx	a,@r0
   0337 F3                 1912 	movx	@r1,a
   0338 08                 1913 	inc	r0
   0339 E2                 1914 	movx	a,@r0
   033A 09                 1915 	inc	r1
   033B F3                 1916 	movx	@r1,a
   033C 08                 1917 	inc	r0
   033D E2                 1918 	movx	a,@r0
   033E 09                 1919 	inc	r1
   033F F3                 1920 	movx	@r1,a
   0340 08                 1921 	inc	r0
   0341 E2                 1922 	movx	a,@r0
   0342 09                 1923 	inc	r1
   0343 F3                 1924 	movx	@r1,a
   0344 90 01 18           1925 	mov	dptr,#0x0118
   0347 E4                 1926 	clr	a
   0348 F5 F0              1927 	mov	b,a
   034A C0 05              1928 	push	ar5
   034C C0 04              1929 	push	ar4
   034E 12s00r00           1930 	lcall	__mullong
   0351 AA 82              1931 	mov	r2,dpl
   0353 AB 83              1932 	mov	r3,dph
   0355 AE F0              1933 	mov	r6,b
   0357 FF                 1934 	mov	r7,a
   0358 D0 04              1935 	pop	ar4
   035A D0 05              1936 	pop	ar5
   035C 78rD2              1937 	mov	r0,#_calculateTargetHeading_ratio_1_1
   035E 79r00              1938 	mov	r1,#__mullong_PARM_2
   0360 E2                 1939 	movx	a,@r0
   0361 F3                 1940 	movx	@r1,a
   0362 08                 1941 	inc	r0
   0363 E2                 1942 	movx	a,@r0
   0364 09                 1943 	inc	r1
   0365 F3                 1944 	movx	@r1,a
   0366 08                 1945 	inc	r0
   0367 E2                 1946 	movx	a,@r0
   0368 09                 1947 	inc	r1
   0369 F3                 1948 	movx	@r1,a
   036A 08                 1949 	inc	r0
   036B E2                 1950 	movx	a,@r0
   036C 09                 1951 	inc	r1
   036D F3                 1952 	movx	@r1,a
   036E 8A 82              1953 	mov	dpl,r2
   0370 8B 83              1954 	mov	dph,r3
   0372 8E F0              1955 	mov	b,r6
   0374 EF                 1956 	mov	a,r7
   0375 12s00r00           1957 	lcall	__mullong
   0378 AC 82              1958 	mov	r4,dpl
   037A AD 83              1959 	mov	r5,dph
   037C AE F0              1960 	mov	r6,b
   037E FF                 1961 	mov	r7,a
   037F 78r00              1962 	mov	r0,#__divslong_PARM_2
   0381 74 E8              1963 	mov	a,#0xE8
   0383 F2                 1964 	movx	@r0,a
   0384 08                 1965 	inc	r0
   0385 74 03              1966 	mov	a,#0x03
   0387 F2                 1967 	movx	@r0,a
   0388 08                 1968 	inc	r0
   0389 E4                 1969 	clr	a
   038A F2                 1970 	movx	@r0,a
   038B 08                 1971 	inc	r0
   038C F2                 1972 	movx	@r0,a
   038D 8C 82              1973 	mov	dpl,r4
   038F 8D 83              1974 	mov	dph,r5
   0391 8E F0              1975 	mov	b,r6
   0393 EF                 1976 	mov	a,r7
   0394 12s00r00           1977 	lcall	__divslong
   0397 AC 82              1978 	mov	r4,dpl
   0399 AD 83              1979 	mov	r5,dph
   039B AE F0              1980 	mov	r6,b
   039D FF                 1981 	mov	r7,a
   039E 78r00              1982 	mov	r0,#__divslong_PARM_2
   03A0 74 40              1983 	mov	a,#0x40
   03A2 2C                 1984 	add	a,r4
   03A3 F2                 1985 	movx	@r0,a
   03A4 74 42              1986 	mov	a,#0x42
   03A6 3D                 1987 	addc	a,r5
   03A7 08                 1988 	inc	r0
   03A8 F2                 1989 	movx	@r0,a
   03A9 74 0F              1990 	mov	a,#0x0F
   03AB 3E                 1991 	addc	a,r6
   03AC 08                 1992 	inc	r0
   03AD F2                 1993 	movx	@r0,a
   03AE E4                 1994 	clr	a
   03AF 3F                 1995 	addc	a,r7
   03B0 08                 1996 	inc	r0
   03B1 F2                 1997 	movx	@r0,a
   03B2 85*04 82           1998 	mov	dpl,_calculateTargetHeading_sloc0_1_0
   03B5 85*05 83           1999 	mov	dph,(_calculateTargetHeading_sloc0_1_0 + 1)
   03B8 85*06 F0           2000 	mov	b,(_calculateTargetHeading_sloc0_1_0 + 2)
   03BB E5*07              2001 	mov	a,(_calculateTargetHeading_sloc0_1_0 + 3)
   03BD 12s00r00           2002 	lcall	__divslong
   03C0 AC 82              2003 	mov	r4,dpl
   03C2 AD 83              2004 	mov	r5,dph
   03C4 78rD0              2005 	mov	r0,#_calculateTargetHeading_angle_1_1
   03C6 EC                 2006 	mov	a,r4
   03C7 F2                 2007 	movx	@r0,a
   03C8 08                 2008 	inc	r0
   03C9 ED                 2009 	mov	a,r5
   03CA F2                 2010 	movx	@r0,a
   03CB D0 07              2011 	pop	ar7
   03CD D0 06              2012 	pop	ar6
   03CF D0 05              2013 	pop	ar5
   03D1 D0 04              2014 	pop	ar4
   03D3 02s05r12           2015 	ljmp	00110$
   03D6                    2016 00109$:
                    03D6   2017 	C$slave_wixel_track.c$233$1$1 ==.
                           2018 ;	apps/slave_wixel_track/slave_wixel_track.c:233: ratio = (absX * 1000L) / absY;
   03D6 C0 04              2019 	push	ar4
   03D8 C0 05              2020 	push	ar5
   03DA C0 06              2021 	push	ar6
   03DC C0 07              2022 	push	ar7
   03DE 78rC8              2023 	mov	r0,#_calculateTargetHeading_absX_1_1
   03E0 79r00              2024 	mov	r1,#__mullong_PARM_2
   03E2 E2                 2025 	movx	a,@r0
   03E3 F3                 2026 	movx	@r1,a
   03E4 08                 2027 	inc	r0
   03E5 E2                 2028 	movx	a,@r0
   03E6 09                 2029 	inc	r1
   03E7 F3                 2030 	movx	@r1,a
   03E8 08                 2031 	inc	r0
   03E9 E2                 2032 	movx	a,@r0
   03EA 09                 2033 	inc	r1
   03EB F3                 2034 	movx	@r1,a
   03EC 08                 2035 	inc	r0
   03ED E2                 2036 	movx	a,@r0
   03EE 09                 2037 	inc	r1
   03EF F3                 2038 	movx	@r1,a
   03F0 90 03 E8           2039 	mov	dptr,#0x03E8
   03F3 E4                 2040 	clr	a
   03F4 F5 F0              2041 	mov	b,a
   03F6 C0 05              2042 	push	ar5
   03F8 C0 04              2043 	push	ar4
   03FA 12s00r00           2044 	lcall	__mullong
   03FD AA 82              2045 	mov	r2,dpl
   03FF AB 83              2046 	mov	r3,dph
   0401 AE F0              2047 	mov	r6,b
   0403 FF                 2048 	mov	r7,a
   0404 D0 04              2049 	pop	ar4
   0406 D0 05              2050 	pop	ar5
   0408 78rCC              2051 	mov	r0,#_calculateTargetHeading_absY_1_1
   040A 79r00              2052 	mov	r1,#__divslong_PARM_2
   040C E2                 2053 	movx	a,@r0
   040D F3                 2054 	movx	@r1,a
   040E 08                 2055 	inc	r0
   040F E2                 2056 	movx	a,@r0
   0410 09                 2057 	inc	r1
   0411 F3                 2058 	movx	@r1,a
   0412 08                 2059 	inc	r0
   0413 E2                 2060 	movx	a,@r0
   0414 09                 2061 	inc	r1
   0415 F3                 2062 	movx	@r1,a
   0416 08                 2063 	inc	r0
   0417 E2                 2064 	movx	a,@r0
   0418 09                 2065 	inc	r1
   0419 F3                 2066 	movx	@r1,a
   041A 8A 82              2067 	mov	dpl,r2
   041C 8B 83              2068 	mov	dph,r3
   041E 8E F0              2069 	mov	b,r6
   0420 EF                 2070 	mov	a,r7
   0421 C0 07              2071 	push	ar7
   0423 C0 06              2072 	push	ar6
   0425 C0 05              2073 	push	ar5
   0427 C0 04              2074 	push	ar4
   0429 12s00r00           2075 	lcall	__divslong
   042C 78rD2              2076 	mov	r0,#_calculateTargetHeading_ratio_1_1
   042E C0 E0              2077 	push	acc
   0430 E5 82              2078 	mov	a,dpl
   0432 F2                 2079 	movx	@r0,a
   0433 08                 2080 	inc	r0
   0434 E5 83              2081 	mov	a,dph
   0436 F2                 2082 	movx	@r0,a
   0437 08                 2083 	inc	r0
   0438 E5 F0              2084 	mov	a,b
   043A F2                 2085 	movx	@r0,a
   043B D0 E0              2086 	pop	acc
   043D 08                 2087 	inc	r0
   043E F2                 2088 	movx	@r0,a
                    043F   2089 	C$slave_wixel_track.c$234$1$1 ==.
                           2090 ;	apps/slave_wixel_track/slave_wixel_track.c:234: angle = 90 - (int16)((57300L * ratio) / (1000000L + (280L * ratio * ratio) / 1000L));
   043F 78rD2              2091 	mov	r0,#_calculateTargetHeading_ratio_1_1
   0441 79r00              2092 	mov	r1,#__mullong_PARM_2
   0443 E2                 2093 	movx	a,@r0
   0444 F3                 2094 	movx	@r1,a
   0445 08                 2095 	inc	r0
   0446 E2                 2096 	movx	a,@r0
   0447 09                 2097 	inc	r1
   0448 F3                 2098 	movx	@r1,a
   0449 08                 2099 	inc	r0
   044A E2                 2100 	movx	a,@r0
   044B 09                 2101 	inc	r1
   044C F3                 2102 	movx	@r1,a
   044D 08                 2103 	inc	r0
   044E E2                 2104 	movx	a,@r0
   044F 09                 2105 	inc	r1
   0450 F3                 2106 	movx	@r1,a
   0451 90 DF D4           2107 	mov	dptr,#0xDFD4
   0454 E4                 2108 	clr	a
   0455 F5 F0              2109 	mov	b,a
   0457 12s00r00           2110 	lcall	__mullong
   045A 85 82*04           2111 	mov	_calculateTargetHeading_sloc0_1_0,dpl
   045D 85 83*05           2112 	mov	(_calculateTargetHeading_sloc0_1_0 + 1),dph
   0460 85 F0*06           2113 	mov	(_calculateTargetHeading_sloc0_1_0 + 2),b
   0463 F5*07              2114 	mov	(_calculateTargetHeading_sloc0_1_0 + 3),a
   0465 D0 04              2115 	pop	ar4
   0467 D0 05              2116 	pop	ar5
   0469 D0 06              2117 	pop	ar6
   046B D0 07              2118 	pop	ar7
   046D 78rD2              2119 	mov	r0,#_calculateTargetHeading_ratio_1_1
   046F 79r00              2120 	mov	r1,#__mullong_PARM_2
   0471 E2                 2121 	movx	a,@r0
   0472 F3                 2122 	movx	@r1,a
   0473 08                 2123 	inc	r0
   0474 E2                 2124 	movx	a,@r0
   0475 09                 2125 	inc	r1
   0476 F3                 2126 	movx	@r1,a
   0477 08                 2127 	inc	r0
   0478 E2                 2128 	movx	a,@r0
   0479 09                 2129 	inc	r1
   047A F3                 2130 	movx	@r1,a
   047B 08                 2131 	inc	r0
   047C E2                 2132 	movx	a,@r0
   047D 09                 2133 	inc	r1
   047E F3                 2134 	movx	@r1,a
   047F 90 01 18           2135 	mov	dptr,#0x0118
   0482 E4                 2136 	clr	a
   0483 F5 F0              2137 	mov	b,a
   0485 C0 05              2138 	push	ar5
   0487 C0 04              2139 	push	ar4
   0489 12s00r00           2140 	lcall	__mullong
   048C AA 82              2141 	mov	r2,dpl
   048E AB 83              2142 	mov	r3,dph
   0490 AE F0              2143 	mov	r6,b
   0492 FF                 2144 	mov	r7,a
   0493 D0 04              2145 	pop	ar4
   0495 D0 05              2146 	pop	ar5
   0497 78rD2              2147 	mov	r0,#_calculateTargetHeading_ratio_1_1
   0499 79r00              2148 	mov	r1,#__mullong_PARM_2
   049B E2                 2149 	movx	a,@r0
   049C F3                 2150 	movx	@r1,a
   049D 08                 2151 	inc	r0
   049E E2                 2152 	movx	a,@r0
   049F 09                 2153 	inc	r1
   04A0 F3                 2154 	movx	@r1,a
   04A1 08                 2155 	inc	r0
   04A2 E2                 2156 	movx	a,@r0
   04A3 09                 2157 	inc	r1
   04A4 F3                 2158 	movx	@r1,a
   04A5 08                 2159 	inc	r0
   04A6 E2                 2160 	movx	a,@r0
   04A7 09                 2161 	inc	r1
   04A8 F3                 2162 	movx	@r1,a
   04A9 8A 82              2163 	mov	dpl,r2
   04AB 8B 83              2164 	mov	dph,r3
   04AD 8E F0              2165 	mov	b,r6
   04AF EF                 2166 	mov	a,r7
   04B0 12s00r00           2167 	lcall	__mullong
   04B3 AC 82              2168 	mov	r4,dpl
   04B5 AD 83              2169 	mov	r5,dph
   04B7 AE F0              2170 	mov	r6,b
   04B9 FF                 2171 	mov	r7,a
   04BA 78r00              2172 	mov	r0,#__divslong_PARM_2
   04BC 74 E8              2173 	mov	a,#0xE8
   04BE F2                 2174 	movx	@r0,a
   04BF 08                 2175 	inc	r0
   04C0 74 03              2176 	mov	a,#0x03
   04C2 F2                 2177 	movx	@r0,a
   04C3 08                 2178 	inc	r0
   04C4 E4                 2179 	clr	a
   04C5 F2                 2180 	movx	@r0,a
   04C6 08                 2181 	inc	r0
   04C7 F2                 2182 	movx	@r0,a
   04C8 8C 82              2183 	mov	dpl,r4
   04CA 8D 83              2184 	mov	dph,r5
   04CC 8E F0              2185 	mov	b,r6
   04CE EF                 2186 	mov	a,r7
   04CF 12s00r00           2187 	lcall	__divslong
   04D2 AC 82              2188 	mov	r4,dpl
   04D4 AD 83              2189 	mov	r5,dph
   04D6 AE F0              2190 	mov	r6,b
   04D8 FF                 2191 	mov	r7,a
   04D9 78r00              2192 	mov	r0,#__divslong_PARM_2
   04DB 74 40              2193 	mov	a,#0x40
   04DD 2C                 2194 	add	a,r4
   04DE F2                 2195 	movx	@r0,a
   04DF 74 42              2196 	mov	a,#0x42
   04E1 3D                 2197 	addc	a,r5
   04E2 08                 2198 	inc	r0
   04E3 F2                 2199 	movx	@r0,a
   04E4 74 0F              2200 	mov	a,#0x0F
   04E6 3E                 2201 	addc	a,r6
   04E7 08                 2202 	inc	r0
   04E8 F2                 2203 	movx	@r0,a
   04E9 E4                 2204 	clr	a
   04EA 3F                 2205 	addc	a,r7
   04EB 08                 2206 	inc	r0
   04EC F2                 2207 	movx	@r0,a
   04ED 85*04 82           2208 	mov	dpl,_calculateTargetHeading_sloc0_1_0
   04F0 85*05 83           2209 	mov	dph,(_calculateTargetHeading_sloc0_1_0 + 1)
   04F3 85*06 F0           2210 	mov	b,(_calculateTargetHeading_sloc0_1_0 + 2)
   04F6 E5*07              2211 	mov	a,(_calculateTargetHeading_sloc0_1_0 + 3)
   04F8 12s00r00           2212 	lcall	__divslong
   04FB AC 82              2213 	mov	r4,dpl
   04FD AD 83              2214 	mov	r5,dph
   04FF 78rD0              2215 	mov	r0,#_calculateTargetHeading_angle_1_1
   0501 74 5A              2216 	mov	a,#0x5A
   0503 C3                 2217 	clr	c
   0504 9C                 2218 	subb	a,r4
   0505 F2                 2219 	movx	@r0,a
   0506 E4                 2220 	clr	a
   0507 9D                 2221 	subb	a,r5
   0508 08                 2222 	inc	r0
   0509 F2                 2223 	movx	@r0,a
                    050A   2224 	C$slave_wixel_track.c$244$1$1 ==.
                           2225 ;	apps/slave_wixel_track/slave_wixel_track.c:244: return -angle;
   050A D0 07              2226 	pop	ar7
   050C D0 06              2227 	pop	ar6
   050E D0 05              2228 	pop	ar5
   0510 D0 04              2229 	pop	ar4
                    0512   2230 	C$slave_wixel_track.c$234$1$1 ==.
                           2231 ;	apps/slave_wixel_track/slave_wixel_track.c:234: angle = 90 - (int16)((57300L * ratio) / (1000000L + (280L * ratio * ratio) / 1000L));
   0512                    2232 00110$:
                    0512   2233 	C$slave_wixel_track.c$237$1$1 ==.
                           2234 ;	apps/slave_wixel_track/slave_wixel_track.c:237: if (dx >= 0 && dy >= 0)
   0512 78rC7              2235 	mov	r0,#(_calculateTargetHeading_dx_1_1 + 3)
   0514 E2                 2236 	movx	a,@r0
   0515 33                 2237 	rlc	a
   0516 E4                 2238 	clr	a
   0517 33                 2239 	rlc	a
   0518 FB                 2240 	mov	r3,a
   0519 70 0F              2241 	jnz	00120$
   051B EF                 2242 	mov	a,r7
   051C 20 E7 0B           2243 	jb	acc.7,00120$
                    051F   2244 	C$slave_wixel_track.c$238$1$1 ==.
                           2245 ;	apps/slave_wixel_track/slave_wixel_track.c:238: return angle;
   051F 78rD0              2246 	mov	r0,#_calculateTargetHeading_angle_1_1
   0521 E2                 2247 	movx	a,@r0
   0522 F5 82              2248 	mov	dpl,a
   0524 08                 2249 	inc	r0
   0525 E2                 2250 	movx	a,@r0
   0526 F5 83              2251 	mov	dph,a
   0528 80 41              2252 	sjmp	00123$
   052A                    2253 00120$:
                    052A   2254 	C$slave_wixel_track.c$239$1$1 ==.
                           2255 ;	apps/slave_wixel_track/slave_wixel_track.c:239: else if (dx < 0 && dy >= 0)
   052A EB                 2256 	mov	a,r3
   052B 60 18              2257 	jz	00116$
   052D EF                 2258 	mov	a,r7
   052E 20 E7 14           2259 	jb	acc.7,00116$
                    0531   2260 	C$slave_wixel_track.c$240$1$1 ==.
                           2261 ;	apps/slave_wixel_track/slave_wixel_track.c:240: return 180 - angle;
   0531 78rD0              2262 	mov	r0,#_calculateTargetHeading_angle_1_1
   0533 D3                 2263 	setb	c
   0534 E2                 2264 	movx	a,@r0
   0535 94 B4              2265 	subb	a,#0xB4
   0537 F4                 2266 	cpl	a
   0538 B3                 2267 	cpl	c
   0539 F5 82              2268 	mov	dpl,a
   053B B3                 2269 	cpl	c
   053C 08                 2270 	inc	r0
   053D E2                 2271 	movx	a,@r0
   053E 94 00              2272 	subb	a,#0x00
   0540 F4                 2273 	cpl	a
   0541 F5 83              2274 	mov	dph,a
   0543 80 26              2275 	sjmp	00123$
   0545                    2276 00116$:
                    0545   2277 	C$slave_wixel_track.c$241$1$1 ==.
                           2278 ;	apps/slave_wixel_track/slave_wixel_track.c:241: else if (dx < 0 && dy < 0)
   0545 EB                 2279 	mov	a,r3
   0546 60 13              2280 	jz	00112$
   0548 EF                 2281 	mov	a,r7
   0549 30 E7 0F           2282 	jnb	acc.7,00112$
                    054C   2283 	C$slave_wixel_track.c$242$1$1 ==.
                           2284 ;	apps/slave_wixel_track/slave_wixel_track.c:242: return angle - 180;
   054C 78rD0              2285 	mov	r0,#_calculateTargetHeading_angle_1_1
   054E E2                 2286 	movx	a,@r0
   054F 24 4C              2287 	add	a,#0x4C
   0551 F5 82              2288 	mov	dpl,a
   0553 08                 2289 	inc	r0
   0554 E2                 2290 	movx	a,@r0
   0555 34 FF              2291 	addc	a,#0xFF
   0557 F5 83              2292 	mov	dph,a
   0559 80 10              2293 	sjmp	00123$
   055B                    2294 00112$:
                    055B   2295 	C$slave_wixel_track.c$244$1$1 ==.
                           2296 ;	apps/slave_wixel_track/slave_wixel_track.c:244: return -angle;
   055B 78rD0              2297 	mov	r0,#_calculateTargetHeading_angle_1_1
   055D E2                 2298 	movx	a,@r0
   055E D3                 2299 	setb	c
   055F F4                 2300 	cpl	a
   0560 34 00              2301 	addc	a,#0x00
   0562 F5 82              2302 	mov	dpl,a
   0564 08                 2303 	inc	r0
   0565 E2                 2304 	movx	a,@r0
   0566 F4                 2305 	cpl	a
   0567 34 00              2306 	addc	a,#0x00
   0569 F5 83              2307 	mov	dph,a
   056B                    2308 00123$:
                    056B   2309 	C$slave_wixel_track.c$245$1$1 ==.
                    056B   2310 	XG$calculateTargetHeading$0$0 ==.
   056B 22                 2311 	ret
                           2312 ;------------------------------------------------------------
                           2313 ;Allocation info for local variables in function 'calculateAndApplyOffset'
                           2314 ;------------------------------------------------------------
                           2315 ;sloc0                     Allocated with name '_calculateAndApplyOffset_sloc0_1_0'
                           2316 ;------------------------------------------------------------
                    056C   2317 	G$calculateAndApplyOffset$0$0 ==.
                    056C   2318 	C$slave_wixel_track.c$247$1$1 ==.
                           2319 ;	apps/slave_wixel_track/slave_wixel_track.c:247: void calculateAndApplyOffset()
                           2320 ;	-----------------------------------------
                           2321 ;	 function calculateAndApplyOffset
                           2322 ;	-----------------------------------------
   056C                    2323 _calculateAndApplyOffset:
                    056C   2324 	C$slave_wixel_track.c$250$1$1 ==.
                           2325 ;	apps/slave_wixel_track/slave_wixel_track.c:250: actualHeading = calculateTargetHeading(calData.xa, calData.ya, calData.xb, calData.yb);
   056C 78r99              2326 	mov	r0,#_calData
   056E E2                 2327 	movx	a,@r0
   056F FE                 2328 	mov	r6,a
   0570 08                 2329 	inc	r0
   0571 E2                 2330 	movx	a,@r0
   0572 FF                 2331 	mov	r7,a
   0573 78r9B              2332 	mov	r0,#(_calData + 0x0002)
   0575 E2                 2333 	movx	a,@r0
   0576 FC                 2334 	mov	r4,a
   0577 08                 2335 	inc	r0
   0578 E2                 2336 	movx	a,@r0
   0579 FD                 2337 	mov	r5,a
   057A 78r9F              2338 	mov	r0,#(_calData + 0x0006)
   057C E2                 2339 	movx	a,@r0
   057D F5*08              2340 	mov	_calculateAndApplyOffset_sloc0_1_0,a
   057F 08                 2341 	inc	r0
   0580 E2                 2342 	movx	a,@r0
   0581 F5*09              2343 	mov	(_calculateAndApplyOffset_sloc0_1_0 + 1),a
   0583 78rA1              2344 	mov	r0,#(_calData + 0x0008)
   0585 E2                 2345 	movx	a,@r0
   0586 FA                 2346 	mov	r2,a
   0587 08                 2347 	inc	r0
   0588 E2                 2348 	movx	a,@r0
   0589 FB                 2349 	mov	r3,a
   058A 78rBE              2350 	mov	r0,#_calculateTargetHeading_PARM_2
   058C EC                 2351 	mov	a,r4
   058D F2                 2352 	movx	@r0,a
   058E 08                 2353 	inc	r0
   058F ED                 2354 	mov	a,r5
   0590 F2                 2355 	movx	@r0,a
   0591 78rC0              2356 	mov	r0,#_calculateTargetHeading_PARM_3
   0593 E5*08              2357 	mov	a,_calculateAndApplyOffset_sloc0_1_0
   0595 F2                 2358 	movx	@r0,a
   0596 08                 2359 	inc	r0
   0597 E5*09              2360 	mov	a,(_calculateAndApplyOffset_sloc0_1_0 + 1)
   0599 F2                 2361 	movx	@r0,a
   059A 78rC2              2362 	mov	r0,#_calculateTargetHeading_PARM_4
   059C EA                 2363 	mov	a,r2
   059D F2                 2364 	movx	@r0,a
   059E 08                 2365 	inc	r0
   059F EB                 2366 	mov	a,r3
   05A0 F2                 2367 	movx	@r0,a
   05A1 8E 82              2368 	mov	dpl,r6
   05A3 8F 83              2369 	mov	dph,r7
   05A5 12s00rEC           2370 	lcall	_calculateTargetHeading
   05A8 AE 82              2371 	mov	r6,dpl
   05AA AF 83              2372 	mov	r7,dph
                    05AC   2373 	C$slave_wixel_track.c$251$1$1 ==.
                           2374 ;	apps/slave_wixel_track/slave_wixel_track.c:251: reportedHeading = calData.thetaa;
   05AC 78r9D              2375 	mov	r0,#(_calData + 0x0004)
   05AE E2                 2376 	movx	a,@r0
   05AF FC                 2377 	mov	r4,a
   05B0 08                 2378 	inc	r0
   05B1 E2                 2379 	movx	a,@r0
   05B2 FD                 2380 	mov	r5,a
                    05B3   2381 	C$slave_wixel_track.c$252$1$1 ==.
                           2382 ;	apps/slave_wixel_track/slave_wixel_track.c:252: orientationOffset = actualHeading - reportedHeading;
   05B3 EE                 2383 	mov	a,r6
   05B4 C3                 2384 	clr	c
   05B5 9C                 2385 	subb	a,r4
   05B6 FE                 2386 	mov	r6,a
   05B7 EF                 2387 	mov	a,r7
   05B8 9D                 2388 	subb	a,r5
   05B9 FF                 2389 	mov	r7,a
   05BA 78rAB              2390 	mov	r0,#_orientationOffset
   05BC EE                 2391 	mov	a,r6
   05BD F2                 2392 	movx	@r0,a
   05BE 08                 2393 	inc	r0
   05BF EF                 2394 	mov	a,r7
   05C0 F2                 2395 	movx	@r0,a
                    05C1   2396 	C$slave_wixel_track.c$254$1$1 ==.
                           2397 ;	apps/slave_wixel_track/slave_wixel_track.c:254: if (orientationOffset > 180) { orientationOffset -= 360; }
   05C1 C3                 2398 	clr	c
   05C2 74 B4              2399 	mov	a,#0xB4
   05C4 9E                 2400 	subb	a,r6
   05C5 E4                 2401 	clr	a
   05C6 64 80              2402 	xrl	a,#0x80
   05C8 8F F0              2403 	mov	b,r7
   05CA 63 F0 80           2404 	xrl	b,#0x80
   05CD 95 F0              2405 	subb	a,b
   05CF 50 0B              2406 	jnc	00102$
   05D1 78rAB              2407 	mov	r0,#_orientationOffset
   05D3 EE                 2408 	mov	a,r6
   05D4 24 98              2409 	add	a,#0x98
   05D6 F2                 2410 	movx	@r0,a
   05D7 EF                 2411 	mov	a,r7
   05D8 34 FE              2412 	addc	a,#0xFE
   05DA 08                 2413 	inc	r0
   05DB F2                 2414 	movx	@r0,a
   05DC                    2415 00102$:
                    05DC   2416 	C$slave_wixel_track.c$255$1$1 ==.
                           2417 ;	apps/slave_wixel_track/slave_wixel_track.c:255: if (orientationOffset < -180) { orientationOffset += 360; }
   05DC 78rAB              2418 	mov	r0,#_orientationOffset
   05DE C3                 2419 	clr	c
   05DF E2                 2420 	movx	a,@r0
   05E0 94 4C              2421 	subb	a,#0x4C
   05E2 08                 2422 	inc	r0
   05E3 E2                 2423 	movx	a,@r0
   05E4 64 80              2424 	xrl	a,#0x80
   05E6 94 7F              2425 	subb	a,#0x7f
   05E8 50 0B              2426 	jnc	00105$
   05EA 78rAB              2427 	mov	r0,#_orientationOffset
   05EC E2                 2428 	movx	a,@r0
   05ED 24 68              2429 	add	a,#0x68
   05EF F2                 2430 	movx	@r0,a
   05F0 08                 2431 	inc	r0
   05F1 E2                 2432 	movx	a,@r0
   05F2 34 01              2433 	addc	a,#0x01
   05F4 F2                 2434 	movx	@r0,a
   05F5                    2435 00105$:
                    05F5   2436 	C$slave_wixel_track.c$256$2$1 ==.
                    05F5   2437 	XG$calculateAndApplyOffset$0$0 ==.
   05F5 22                 2438 	ret
                           2439 ;------------------------------------------------------------
                           2440 ;Allocation info for local variables in function 'filterPosition'
                           2441 ;------------------------------------------------------------
                           2442 ;sloc0                     Allocated with name '_filterPosition_sloc0_1_0'
                           2443 ;------------------------------------------------------------
                    05F6   2444 	G$filterPosition$0$0 ==.
                    05F6   2445 	C$slave_wixel_track.c$258$2$1 ==.
                           2446 ;	apps/slave_wixel_track/slave_wixel_track.c:258: void filterPosition()
                           2447 ;	-----------------------------------------
                           2448 ;	 function filterPosition
                           2449 ;	-----------------------------------------
   05F6                    2450 _filterPosition:
                    05F6   2451 	C$slave_wixel_track.c$264$1$1 ==.
                           2452 ;	apps/slave_wixel_track/slave_wixel_track.c:264: dx = posX - filteredX;
   05F6 78r0F              2453 	mov	r0,#_posX
   05F8 79r15              2454 	mov	r1,#_filteredX
   05FA E3                 2455 	movx	a,@r1
   05FB F5 F0              2456 	mov	b,a
   05FD C3                 2457 	clr	c
   05FE E2                 2458 	movx	a,@r0
   05FF 95 F0              2459 	subb	a,b
   0601 FE                 2460 	mov	r6,a
   0602 09                 2461 	inc	r1
   0603 E3                 2462 	movx	a,@r1
   0604 F5 F0              2463 	mov	b,a
   0606 08                 2464 	inc	r0
   0607 E2                 2465 	movx	a,@r0
   0608 95 F0              2466 	subb	a,b
   060A FF                 2467 	mov	r7,a
                    060B   2468 	C$slave_wixel_track.c$265$1$1 ==.
                           2469 ;	apps/slave_wixel_track/slave_wixel_track.c:265: dy = posY - filteredY;
   060B 78r11              2470 	mov	r0,#_posY
   060D 79r17              2471 	mov	r1,#_filteredY
   060F E3                 2472 	movx	a,@r1
   0610 F5 F0              2473 	mov	b,a
   0612 C3                 2474 	clr	c
   0613 E2                 2475 	movx	a,@r0
   0614 95 F0              2476 	subb	a,b
   0616 FC                 2477 	mov	r4,a
   0617 09                 2478 	inc	r1
   0618 E3                 2479 	movx	a,@r1
   0619 F5 F0              2480 	mov	b,a
   061B 08                 2481 	inc	r0
   061C E2                 2482 	movx	a,@r0
   061D 95 F0              2483 	subb	a,b
   061F FD                 2484 	mov	r5,a
                    0620   2485 	C$slave_wixel_track.c$266$1$1 ==.
                           2486 ;	apps/slave_wixel_track/slave_wixel_track.c:266: distSquared = (int32)dx * dx + (int32)dy * dy;
   0620 EF                 2487 	mov	a,r7
   0621 33                 2488 	rlc	a
   0622 95 E0              2489 	subb	a,acc
   0624 FB                 2490 	mov	r3,a
   0625 FA                 2491 	mov	r2,a
   0626 78r00              2492 	mov	r0,#__mullong_PARM_2
   0628 EE                 2493 	mov	a,r6
   0629 F2                 2494 	movx	@r0,a
   062A 08                 2495 	inc	r0
   062B EF                 2496 	mov	a,r7
   062C F2                 2497 	movx	@r0,a
   062D 08                 2498 	inc	r0
   062E EB                 2499 	mov	a,r3
   062F F2                 2500 	movx	@r0,a
   0630 08                 2501 	inc	r0
   0631 EA                 2502 	mov	a,r2
   0632 F2                 2503 	movx	@r0,a
   0633 8E 82              2504 	mov	dpl,r6
   0635 8F 83              2505 	mov	dph,r7
   0637 8B F0              2506 	mov	b,r3
   0639 EA                 2507 	mov	a,r2
   063A C0 05              2508 	push	ar5
   063C C0 04              2509 	push	ar4
   063E 12s00r00           2510 	lcall	__mullong
   0641 85 82*0A           2511 	mov	_filterPosition_sloc0_1_0,dpl
   0644 85 83*0B           2512 	mov	(_filterPosition_sloc0_1_0 + 1),dph
   0647 85 F0*0C           2513 	mov	(_filterPosition_sloc0_1_0 + 2),b
   064A F5*0D              2514 	mov	(_filterPosition_sloc0_1_0 + 3),a
   064C D0 04              2515 	pop	ar4
   064E D0 05              2516 	pop	ar5
   0650 ED                 2517 	mov	a,r5
   0651 33                 2518 	rlc	a
   0652 95 E0              2519 	subb	a,acc
   0654 FE                 2520 	mov	r6,a
   0655 FF                 2521 	mov	r7,a
   0656 78r00              2522 	mov	r0,#__mullong_PARM_2
   0658 EC                 2523 	mov	a,r4
   0659 F2                 2524 	movx	@r0,a
   065A 08                 2525 	inc	r0
   065B ED                 2526 	mov	a,r5
   065C F2                 2527 	movx	@r0,a
   065D 08                 2528 	inc	r0
   065E EE                 2529 	mov	a,r6
   065F F2                 2530 	movx	@r0,a
   0660 08                 2531 	inc	r0
   0661 EF                 2532 	mov	a,r7
   0662 F2                 2533 	movx	@r0,a
   0663 8C 82              2534 	mov	dpl,r4
   0665 8D 83              2535 	mov	dph,r5
   0667 8E F0              2536 	mov	b,r6
   0669 EF                 2537 	mov	a,r7
   066A 12s00r00           2538 	lcall	__mullong
   066D AC 82              2539 	mov	r4,dpl
   066F AD 83              2540 	mov	r5,dph
   0671 AE F0              2541 	mov	r6,b
   0673 FF                 2542 	mov	r7,a
   0674 EC                 2543 	mov	a,r4
   0675 25*0A              2544 	add	a,_filterPosition_sloc0_1_0
   0677 FC                 2545 	mov	r4,a
   0678 ED                 2546 	mov	a,r5
   0679 35*0B              2547 	addc	a,(_filterPosition_sloc0_1_0 + 1)
   067B FD                 2548 	mov	r5,a
   067C EE                 2549 	mov	a,r6
   067D 35*0C              2550 	addc	a,(_filterPosition_sloc0_1_0 + 2)
   067F FE                 2551 	mov	r6,a
   0680 EF                 2552 	mov	a,r7
   0681 35*0D              2553 	addc	a,(_filterPosition_sloc0_1_0 + 3)
   0683 FF                 2554 	mov	r7,a
                    0684   2555 	C$slave_wixel_track.c$268$1$1 ==.
                           2556 ;	apps/slave_wixel_track/slave_wixel_track.c:268: if (distSquared > (int32)POSITION_JUMP_THRESHOLD * POSITION_JUMP_THRESHOLD)
   0684 C3                 2557 	clr	c
   0685 74 90              2558 	mov	a,#0x90
   0687 9C                 2559 	subb	a,r4
   0688 74 D0              2560 	mov	a,#0xD0
   068A 9D                 2561 	subb	a,r5
   068B 74 03              2562 	mov	a,#0x03
   068D 9E                 2563 	subb	a,r6
   068E E4                 2564 	clr	a
   068F 64 80              2565 	xrl	a,#0x80
   0691 8F F0              2566 	mov	b,r7
   0693 63 F0 80           2567 	xrl	b,#0x80
   0696 95 F0              2568 	subb	a,b
   0698 E4                 2569 	clr	a
   0699 33                 2570 	rlc	a
                    069A   2571 	C$slave_wixel_track.c$279$1$1 ==.
                           2572 ;	apps/slave_wixel_track/slave_wixel_track.c:279: filteredX = posX;
   069A 78r0F              2573 	mov	r0,#_posX
   069C E2                 2574 	movx	a,@r0
   069D FE                 2575 	mov	r6,a
   069E 08                 2576 	inc	r0
   069F E2                 2577 	movx	a,@r0
   06A0 FF                 2578 	mov	r7,a
   06A1 78r15              2579 	mov	r0,#_filteredX
   06A3 EE                 2580 	mov	a,r6
   06A4 F2                 2581 	movx	@r0,a
   06A5 08                 2582 	inc	r0
   06A6 EF                 2583 	mov	a,r7
   06A7 F2                 2584 	movx	@r0,a
                    06A8   2585 	C$slave_wixel_track.c$280$1$1 ==.
                           2586 ;	apps/slave_wixel_track/slave_wixel_track.c:280: filteredY = posY;
   06A8 78r11              2587 	mov	r0,#_posY
   06AA E2                 2588 	movx	a,@r0
   06AB FE                 2589 	mov	r6,a
   06AC 08                 2590 	inc	r0
   06AD E2                 2591 	movx	a,@r0
   06AE FF                 2592 	mov	r7,a
   06AF 78r17              2593 	mov	r0,#_filteredY
   06B1 EE                 2594 	mov	a,r6
   06B2 F2                 2595 	movx	@r0,a
   06B3 08                 2596 	inc	r0
   06B4 EF                 2597 	mov	a,r7
   06B5 F2                 2598 	movx	@r0,a
                    06B6   2599 	C$slave_wixel_track.c$281$1$1 ==.
                           2600 ;	apps/slave_wixel_track/slave_wixel_track.c:281: filteredTheta = posTheta;
   06B6 78r13              2601 	mov	r0,#_posTheta
   06B8 E2                 2602 	movx	a,@r0
   06B9 FE                 2603 	mov	r6,a
   06BA 08                 2604 	inc	r0
   06BB E2                 2605 	movx	a,@r0
   06BC FF                 2606 	mov	r7,a
   06BD 78r19              2607 	mov	r0,#_filteredTheta
   06BF EE                 2608 	mov	a,r6
   06C0 F2                 2609 	movx	@r0,a
   06C1 08                 2610 	inc	r0
   06C2 EF                 2611 	mov	a,r7
   06C3 F2                 2612 	movx	@r0,a
                    06C4   2613 	C$slave_wixel_track.c$282$1$1 ==.
                    06C4   2614 	XG$filterPosition$0$0 ==.
   06C4 22                 2615 	ret
                           2616 ;------------------------------------------------------------
                           2617 ;Allocation info for local variables in function 'rotationController'
                           2618 ;------------------------------------------------------------
                    06C5   2619 	G$rotationController$0$0 ==.
                    06C5   2620 	C$slave_wixel_track.c$284$1$1 ==.
                           2621 ;	apps/slave_wixel_track/slave_wixel_track.c:284: void rotationController(int16 currentHeading, int16 targetHeading)
                           2622 ;	-----------------------------------------
                           2623 ;	 function rotationController
                           2624 ;	-----------------------------------------
   06C5                    2625 _rotationController:
   06C5 AE 82              2626 	mov	r6,dpl
   06C7 AF 83              2627 	mov	r7,dph
                    06C9   2628 	C$slave_wixel_track.c$291$1$1 ==.
                           2629 ;	apps/slave_wixel_track/slave_wixel_track.c:291: error = targetHeading - currentHeading;
   06C9 78rD6              2630 	mov	r0,#_rotationController_PARM_2
   06CB E2                 2631 	movx	a,@r0
   06CC C3                 2632 	clr	c
   06CD 9E                 2633 	subb	a,r6
   06CE FE                 2634 	mov	r6,a
   06CF 08                 2635 	inc	r0
   06D0 E2                 2636 	movx	a,@r0
   06D1 9F                 2637 	subb	a,r7
   06D2 FF                 2638 	mov	r7,a
                    06D3   2639 	C$slave_wixel_track.c$293$1$1 ==.
                           2640 ;	apps/slave_wixel_track/slave_wixel_track.c:293: if (error > 180)
   06D3 C3                 2641 	clr	c
   06D4 74 B4              2642 	mov	a,#0xB4
   06D6 9E                 2643 	subb	a,r6
   06D7 E4                 2644 	clr	a
   06D8 64 80              2645 	xrl	a,#0x80
   06DA 8F F0              2646 	mov	b,r7
   06DC 63 F0 80           2647 	xrl	b,#0x80
   06DF 95 F0              2648 	subb	a,b
   06E1 50 08              2649 	jnc	00102$
                    06E3   2650 	C$slave_wixel_track.c$294$1$1 ==.
                           2651 ;	apps/slave_wixel_track/slave_wixel_track.c:294: error -= 360;
   06E3 EE                 2652 	mov	a,r6
   06E4 24 98              2653 	add	a,#0x98
   06E6 FE                 2654 	mov	r6,a
   06E7 EF                 2655 	mov	a,r7
   06E8 34 FE              2656 	addc	a,#0xFE
   06EA FF                 2657 	mov	r7,a
   06EB                    2658 00102$:
                    06EB   2659 	C$slave_wixel_track.c$295$1$1 ==.
                           2660 ;	apps/slave_wixel_track/slave_wixel_track.c:295: if (error < -180)
   06EB C3                 2661 	clr	c
   06EC EE                 2662 	mov	a,r6
   06ED 94 4C              2663 	subb	a,#0x4C
   06EF EF                 2664 	mov	a,r7
   06F0 64 80              2665 	xrl	a,#0x80
   06F2 94 7F              2666 	subb	a,#0x7f
   06F4 50 08              2667 	jnc	00104$
                    06F6   2668 	C$slave_wixel_track.c$296$1$1 ==.
                           2669 ;	apps/slave_wixel_track/slave_wixel_track.c:296: error += 360;
   06F6 74 68              2670 	mov	a,#0x68
   06F8 2E                 2671 	add	a,r6
   06F9 FE                 2672 	mov	r6,a
   06FA 74 01              2673 	mov	a,#0x01
   06FC 3F                 2674 	addc	a,r7
   06FD FF                 2675 	mov	r7,a
   06FE                    2676 00104$:
                    06FE   2677 	C$slave_wixel_track.c$298$1$1 ==.
                           2678 ;	apps/slave_wixel_track/slave_wixel_track.c:298: abs_error = (error >= 0) ? error : -error;
   06FE EF                 2679 	mov	a,r7
   06FF 33                 2680 	rlc	a
   0700 B3                 2681 	cpl	c
   0701 E4                 2682 	clr	a
   0702 33                 2683 	rlc	a
   0703 FD                 2684 	mov	r5,a
   0704 60 06              2685 	jz	00125$
   0706 8E 04              2686 	mov	ar4,r6
   0708 8F 05              2687 	mov	ar5,r7
   070A 80 07              2688 	sjmp	00126$
   070C                    2689 00125$:
   070C C3                 2690 	clr	c
   070D E4                 2691 	clr	a
   070E 9E                 2692 	subb	a,r6
   070F FC                 2693 	mov	r4,a
   0710 E4                 2694 	clr	a
   0711 9F                 2695 	subb	a,r7
   0712 FD                 2696 	mov	r5,a
   0713                    2697 00126$:
                    0713   2698 	C$slave_wixel_track.c$300$1$1 ==.
                           2699 ;	apps/slave_wixel_track/slave_wixel_track.c:300: if (abs_error < HEADING_THRESHOLD)
   0713 C3                 2700 	clr	c
   0714 EC                 2701 	mov	a,r4
   0715 94 05              2702 	subb	a,#0x05
   0717 ED                 2703 	mov	a,r5
   0718 64 80              2704 	xrl	a,#0x80
   071A 94 80              2705 	subb	a,#0x80
   071C 50 0F              2706 	jnc	00106$
                    071E   2707 	C$slave_wixel_track.c$302$2$2 ==.
                           2708 ;	apps/slave_wixel_track/slave_wixel_track.c:302: pwm_left = 0;
   071E 78r27              2709 	mov	r0,#_pwm_left
   0720 E4                 2710 	clr	a
   0721 F2                 2711 	movx	@r0,a
   0722 08                 2712 	inc	r0
   0723 F2                 2713 	movx	@r0,a
                    0724   2714 	C$slave_wixel_track.c$303$2$2 ==.
                           2715 ;	apps/slave_wixel_track/slave_wixel_track.c:303: pwm_right = 0;
   0724 78r29              2716 	mov	r0,#_pwm_right
   0726 E4                 2717 	clr	a
   0727 F2                 2718 	movx	@r0,a
   0728 08                 2719 	inc	r0
   0729 F2                 2720 	movx	@r0,a
                    072A   2721 	C$slave_wixel_track.c$304$2$2 ==.
                           2722 ;	apps/slave_wixel_track/slave_wixel_track.c:304: return;
   072A 02s08r10           2723 	ljmp	00123$
   072D                    2724 00106$:
                    072D   2725 	C$slave_wixel_track.c$307$1$1 ==.
                           2726 ;	apps/slave_wixel_track/slave_wixel_track.c:307: pwm_raw = ((int32)error * ROTATION_KP_NUM) / ROTATION_KP_DEN;
   072D 78r00              2727 	mov	r0,#__mullong_PARM_2
   072F EE                 2728 	mov	a,r6
   0730 F2                 2729 	movx	@r0,a
   0731 08                 2730 	inc	r0
   0732 EF                 2731 	mov	a,r7
   0733 F2                 2732 	movx	@r0,a
   0734 EF                 2733 	mov	a,r7
   0735 33                 2734 	rlc	a
   0736 95 E0              2735 	subb	a,acc
   0738 08                 2736 	inc	r0
   0739 F2                 2737 	movx	@r0,a
   073A 08                 2738 	inc	r0
   073B F2                 2739 	movx	@r0,a
   073C 90 00 03           2740 	mov	dptr,#(0x03&0x00ff)
   073F E4                 2741 	clr	a
   0740 F5 F0              2742 	mov	b,a
   0742 12s00r00           2743 	lcall	__mullong
   0745 AC 82              2744 	mov	r4,dpl
   0747 AD 83              2745 	mov	r5,dph
   0749 AE F0              2746 	mov	r6,b
   074B FF                 2747 	mov	r7,a
   074C 78r00              2748 	mov	r0,#__divslong_PARM_2
   074E 74 02              2749 	mov	a,#0x02
   0750 F2                 2750 	movx	@r0,a
   0751 08                 2751 	inc	r0
   0752 E4                 2752 	clr	a
   0753 F2                 2753 	movx	@r0,a
   0754 08                 2754 	inc	r0
   0755 F2                 2755 	movx	@r0,a
   0756 08                 2756 	inc	r0
   0757 F2                 2757 	movx	@r0,a
   0758 8C 82              2758 	mov	dpl,r4
   075A 8D 83              2759 	mov	dph,r5
   075C 8E F0              2760 	mov	b,r6
   075E EF                 2761 	mov	a,r7
   075F 12s00r00           2762 	lcall	__divslong
   0762 AC 82              2763 	mov	r4,dpl
   0764 AD 83              2764 	mov	r5,dph
   0766 AE F0              2765 	mov	r6,b
   0768 FF                 2766 	mov	r7,a
                    0769   2767 	C$slave_wixel_track.c$309$1$1 ==.
                           2768 ;	apps/slave_wixel_track/slave_wixel_track.c:309: if (pwm_raw > MAX_ROTATION_PWM)
   0769 C3                 2769 	clr	c
   076A 74 64              2770 	mov	a,#0x64
   076C 9C                 2771 	subb	a,r4
   076D E4                 2772 	clr	a
   076E 9D                 2773 	subb	a,r5
   076F E4                 2774 	clr	a
   0770 9E                 2775 	subb	a,r6
   0771 E4                 2776 	clr	a
   0772 64 80              2777 	xrl	a,#0x80
   0774 8F F0              2778 	mov	b,r7
   0776 63 F0 80           2779 	xrl	b,#0x80
   0779 95 F0              2780 	subb	a,b
   077B 50 06              2781 	jnc	00111$
                    077D   2782 	C$slave_wixel_track.c$310$1$1 ==.
                           2783 ;	apps/slave_wixel_track/slave_wixel_track.c:310: pwm = MAX_ROTATION_PWM;
   077D 7A 64              2784 	mov	r2,#0x64
   077F 7B 00              2785 	mov	r3,#0x00
   0781 80 1B              2786 	sjmp	00112$
   0783                    2787 00111$:
                    0783   2788 	C$slave_wixel_track.c$311$1$1 ==.
                           2789 ;	apps/slave_wixel_track/slave_wixel_track.c:311: else if (pwm_raw < -MAX_ROTATION_PWM)
   0783 C3                 2790 	clr	c
   0784 EC                 2791 	mov	a,r4
   0785 94 9C              2792 	subb	a,#0x9C
   0787 ED                 2793 	mov	a,r5
   0788 94 FF              2794 	subb	a,#0xFF
   078A EE                 2795 	mov	a,r6
   078B 94 FF              2796 	subb	a,#0xFF
   078D EF                 2797 	mov	a,r7
   078E 64 80              2798 	xrl	a,#0x80
   0790 94 7F              2799 	subb	a,#0x7f
   0792 50 06              2800 	jnc	00108$
                    0794   2801 	C$slave_wixel_track.c$312$1$1 ==.
                           2802 ;	apps/slave_wixel_track/slave_wixel_track.c:312: pwm = -MAX_ROTATION_PWM;
   0794 7A 9C              2803 	mov	r2,#0x9C
   0796 7B FF              2804 	mov	r3,#0xFF
   0798 80 04              2805 	sjmp	00112$
   079A                    2806 00108$:
                    079A   2807 	C$slave_wixel_track.c$314$1$1 ==.
                           2808 ;	apps/slave_wixel_track/slave_wixel_track.c:314: pwm = (int16)pwm_raw;
   079A 8C 02              2809 	mov	ar2,r4
   079C 8D 03              2810 	mov	ar3,r5
   079E                    2811 00112$:
                    079E   2812 	C$slave_wixel_track.c$316$1$1 ==.
                           2813 ;	apps/slave_wixel_track/slave_wixel_track.c:316: if (pwm > 0 && pwm < MIN_ROTATION_PWM)
   079E C3                 2814 	clr	c
   079F E4                 2815 	clr	a
   07A0 9A                 2816 	subb	a,r2
   07A1 E4                 2817 	clr	a
   07A2 64 80              2818 	xrl	a,#0x80
   07A4 8B F0              2819 	mov	b,r3
   07A6 63 F0 80           2820 	xrl	b,#0x80
   07A9 95 F0              2821 	subb	a,b
   07AB 50 11              2822 	jnc	00117$
   07AD C3                 2823 	clr	c
   07AE EA                 2824 	mov	a,r2
   07AF 94 32              2825 	subb	a,#0x32
   07B1 EB                 2826 	mov	a,r3
   07B2 64 80              2827 	xrl	a,#0x80
   07B4 94 80              2828 	subb	a,#0x80
   07B6 50 06              2829 	jnc	00117$
                    07B8   2830 	C$slave_wixel_track.c$317$1$1 ==.
                           2831 ;	apps/slave_wixel_track/slave_wixel_track.c:317: pwm = MIN_ROTATION_PWM;
   07B8 7A 32              2832 	mov	r2,#0x32
   07BA 7B 00              2833 	mov	r3,#0x00
   07BC 80 17              2834 	sjmp	00118$
   07BE                    2835 00117$:
                    07BE   2836 	C$slave_wixel_track.c$318$1$1 ==.
                           2837 ;	apps/slave_wixel_track/slave_wixel_track.c:318: else if (pwm < 0 && pwm > -MIN_ROTATION_PWM)
   07BE EB                 2838 	mov	a,r3
   07BF 30 E7 13           2839 	jnb	acc.7,00118$
   07C2 C3                 2840 	clr	c
   07C3 74 CE              2841 	mov	a,#0xCE
   07C5 9A                 2842 	subb	a,r2
   07C6 74 7F              2843 	mov	a,#(0xFF ^ 0x80)
   07C8 8B F0              2844 	mov	b,r3
   07CA 63 F0 80           2845 	xrl	b,#0x80
   07CD 95 F0              2846 	subb	a,b
   07CF 50 04              2847 	jnc	00118$
                    07D1   2848 	C$slave_wixel_track.c$319$1$1 ==.
                           2849 ;	apps/slave_wixel_track/slave_wixel_track.c:319: pwm = -MIN_ROTATION_PWM;
   07D1 7A CE              2850 	mov	r2,#0xCE
   07D3 7B FF              2851 	mov	r3,#0xFF
   07D5                    2852 00118$:
                    07D5   2853 	C$slave_wixel_track.c$321$1$1 ==.
                           2854 ;	apps/slave_wixel_track/slave_wixel_track.c:321: if (pwm > 0)
   07D5 C3                 2855 	clr	c
   07D6 E4                 2856 	clr	a
   07D7 9A                 2857 	subb	a,r2
   07D8 E4                 2858 	clr	a
   07D9 64 80              2859 	xrl	a,#0x80
   07DB 8B F0              2860 	mov	b,r3
   07DD 63 F0 80           2861 	xrl	b,#0x80
   07E0 95 F0              2862 	subb	a,b
   07E2 50 17              2863 	jnc	00121$
                    07E4   2864 	C$slave_wixel_track.c$323$2$3 ==.
                           2865 ;	apps/slave_wixel_track/slave_wixel_track.c:323: pwm_left = -pwm;
   07E4 C3                 2866 	clr	c
   07E5 E4                 2867 	clr	a
   07E6 9A                 2868 	subb	a,r2
   07E7 FE                 2869 	mov	r6,a
   07E8 E4                 2870 	clr	a
   07E9 9B                 2871 	subb	a,r3
   07EA FF                 2872 	mov	r7,a
   07EB 78r27              2873 	mov	r0,#_pwm_left
   07ED EE                 2874 	mov	a,r6
   07EE F2                 2875 	movx	@r0,a
   07EF 08                 2876 	inc	r0
   07F0 EF                 2877 	mov	a,r7
   07F1 F2                 2878 	movx	@r0,a
                    07F2   2879 	C$slave_wixel_track.c$324$2$3 ==.
                           2880 ;	apps/slave_wixel_track/slave_wixel_track.c:324: pwm_right = pwm;
   07F2 78r29              2881 	mov	r0,#_pwm_right
   07F4 EA                 2882 	mov	a,r2
   07F5 F2                 2883 	movx	@r0,a
   07F6 08                 2884 	inc	r0
   07F7 EB                 2885 	mov	a,r3
   07F8 F2                 2886 	movx	@r0,a
   07F9 80 15              2887 	sjmp	00123$
   07FB                    2888 00121$:
                    07FB   2889 	C$slave_wixel_track.c$328$2$4 ==.
                           2890 ;	apps/slave_wixel_track/slave_wixel_track.c:328: pwm_left = -pwm;
   07FB C3                 2891 	clr	c
   07FC E4                 2892 	clr	a
   07FD 9A                 2893 	subb	a,r2
   07FE FE                 2894 	mov	r6,a
   07FF E4                 2895 	clr	a
   0800 9B                 2896 	subb	a,r3
   0801 FF                 2897 	mov	r7,a
   0802 78r27              2898 	mov	r0,#_pwm_left
   0804 EE                 2899 	mov	a,r6
   0805 F2                 2900 	movx	@r0,a
   0806 08                 2901 	inc	r0
   0807 EF                 2902 	mov	a,r7
   0808 F2                 2903 	movx	@r0,a
                    0809   2904 	C$slave_wixel_track.c$329$2$4 ==.
                           2905 ;	apps/slave_wixel_track/slave_wixel_track.c:329: pwm_right = pwm;
   0809 78r29              2906 	mov	r0,#_pwm_right
   080B EA                 2907 	mov	a,r2
   080C F2                 2908 	movx	@r0,a
   080D 08                 2909 	inc	r0
   080E EB                 2910 	mov	a,r3
   080F F2                 2911 	movx	@r0,a
   0810                    2912 00123$:
                    0810   2913 	C$slave_wixel_track.c$331$1$1 ==.
                    0810   2914 	XG$rotationController$0$0 ==.
   0810 22                 2915 	ret
                           2916 ;------------------------------------------------------------
                           2917 ;Allocation info for local variables in function 'timer3Init'
                           2918 ;------------------------------------------------------------
                    0811   2919 	G$timer3Init$0$0 ==.
                    0811   2920 	C$slave_wixel_track.c$335$1$1 ==.
                           2921 ;	apps/slave_wixel_track/slave_wixel_track.c:335: void timer3Init()
                           2922 ;	-----------------------------------------
                           2923 ;	 function timer3Init
                           2924 ;	-----------------------------------------
   0811                    2925 _timer3Init:
                    0811   2926 	C$slave_wixel_track.c$337$1$1 ==.
                           2927 ;	apps/slave_wixel_track/slave_wixel_track.c:337: T3CTL = 0b01110000;
   0811 75 CB 70           2928 	mov	_T3CTL,#0x70
                    0814   2929 	C$slave_wixel_track.c$338$1$1 ==.
                           2930 ;	apps/slave_wixel_track/slave_wixel_track.c:338: T3CC0 = T3CC1 = 0;
   0814 75 CF 00           2931 	mov	_T3CC1,#0x00
   0817 75 CD 00           2932 	mov	_T3CC0,#0x00
                    081A   2933 	C$slave_wixel_track.c$339$1$1 ==.
                           2934 ;	apps/slave_wixel_track/slave_wixel_track.c:339: T3CCTL0 = T3CCTL1 = 0b00100100;
   081A 75 CE 24           2935 	mov	_T3CCTL1,#0x24
   081D 75 CC 24           2936 	mov	_T3CCTL0,#0x24
                    0820   2937 	C$slave_wixel_track.c$340$1$1 ==.
                           2938 ;	apps/slave_wixel_track/slave_wixel_track.c:340: PERCFG &= ~(1<<5);
   0820 AF F1              2939 	mov	r7,_PERCFG
   0822 53 07 DF           2940 	anl	ar7,#0xDF
   0825 8F F1              2941 	mov	_PERCFG,r7
                    0827   2942 	C$slave_wixel_track.c$341$1$1 ==.
                           2943 ;	apps/slave_wixel_track/slave_wixel_track.c:341: P1SEL |= (1<<R_PWM_PIN) | (1<<L_PWM_PIN);
   0827 43 F4 18           2944 	orl	_P1SEL,#0x18
                    082A   2945 	C$slave_wixel_track.c$342$1$1 ==.
                    082A   2946 	XG$timer3Init$0$0 ==.
   082A 22                 2947 	ret
                           2948 ;------------------------------------------------------------
                           2949 ;Allocation info for local variables in function 'setMotorsPWM'
                           2950 ;------------------------------------------------------------
                    082B   2951 	G$setMotorsPWM$0$0 ==.
                    082B   2952 	C$slave_wixel_track.c$344$1$1 ==.
                           2953 ;	apps/slave_wixel_track/slave_wixel_track.c:344: void setMotorsPWM()
                           2954 ;	-----------------------------------------
                           2955 ;	 function setMotorsPWM
                           2956 ;	-----------------------------------------
   082B                    2957 _setMotorsPWM:
                    082B   2958 	C$slave_wixel_track.c$346$1$1 ==.
                           2959 ;	apps/slave_wixel_track/slave_wixel_track.c:346: if (pwm_left >= 0)
   082B 78r28              2960 	mov	r0,#(_pwm_left + 1)
   082D E2                 2961 	movx	a,@r0
   082E 20 E7 09           2962 	jb	acc.7,00102$
                    0831   2963 	C$slave_wixel_track.c$348$2$2 ==.
                           2964 ;	apps/slave_wixel_track/slave_wixel_track.c:348: T3CC1 = pwm_left;
   0831 78r27              2965 	mov	r0,#_pwm_left
   0833 E2                 2966 	movx	a,@r0
   0834 F5 CF              2967 	mov	_T3CC1,a
                    0836   2968 	C$slave_wixel_track.c$349$2$2 ==.
                           2969 ;	apps/slave_wixel_track/slave_wixel_track.c:349: P1_6 = 0;
   0836 C2 96              2970 	clr	_P1_6
   0838 80 0C              2971 	sjmp	00103$
   083A                    2972 00102$:
                    083A   2973 	C$slave_wixel_track.c$353$2$3 ==.
                           2974 ;	apps/slave_wixel_track/slave_wixel_track.c:353: T3CC1 = -pwm_left;
   083A 78r27              2975 	mov	r0,#_pwm_left
   083C E2                 2976 	movx	a,@r0
   083D FF                 2977 	mov	r7,a
   083E C3                 2978 	clr	c
   083F E4                 2979 	clr	a
   0840 9F                 2980 	subb	a,r7
   0841 FF                 2981 	mov	r7,a
   0842 8F CF              2982 	mov	_T3CC1,r7
                    0844   2983 	C$slave_wixel_track.c$354$2$3 ==.
                           2984 ;	apps/slave_wixel_track/slave_wixel_track.c:354: P1_6 = 1;
   0844 D2 96              2985 	setb	_P1_6
   0846                    2986 00103$:
                    0846   2987 	C$slave_wixel_track.c$357$1$1 ==.
                           2988 ;	apps/slave_wixel_track/slave_wixel_track.c:357: if (pwm_right >= 0)
   0846 78r2A              2989 	mov	r0,#(_pwm_right + 1)
   0848 E2                 2990 	movx	a,@r0
   0849 20 E7 09           2991 	jb	acc.7,00105$
                    084C   2992 	C$slave_wixel_track.c$359$2$4 ==.
                           2993 ;	apps/slave_wixel_track/slave_wixel_track.c:359: T3CC0 = pwm_right;
   084C 78r29              2994 	mov	r0,#_pwm_right
   084E E2                 2995 	movx	a,@r0
   084F F5 CD              2996 	mov	_T3CC0,a
                    0851   2997 	C$slave_wixel_track.c$360$2$4 ==.
                           2998 ;	apps/slave_wixel_track/slave_wixel_track.c:360: P1_5 = 0;
   0851 C2 95              2999 	clr	_P1_5
   0853 80 0C              3000 	sjmp	00107$
   0855                    3001 00105$:
                    0855   3002 	C$slave_wixel_track.c$364$2$5 ==.
                           3003 ;	apps/slave_wixel_track/slave_wixel_track.c:364: T3CC0 = -pwm_right;
   0855 78r29              3004 	mov	r0,#_pwm_right
   0857 E2                 3005 	movx	a,@r0
   0858 FF                 3006 	mov	r7,a
   0859 C3                 3007 	clr	c
   085A E4                 3008 	clr	a
   085B 9F                 3009 	subb	a,r7
   085C FF                 3010 	mov	r7,a
   085D 8F CD              3011 	mov	_T3CC0,r7
                    085F   3012 	C$slave_wixel_track.c$365$2$5 ==.
                           3013 ;	apps/slave_wixel_track/slave_wixel_track.c:365: P1_5 = 1;
   085F D2 95              3014 	setb	_P1_5
   0861                    3015 00107$:
                    0861   3016 	C$slave_wixel_track.c$367$1$1 ==.
                    0861   3017 	XG$setMotorsPWM$0$0 ==.
   0861 22                 3018 	ret
                           3019 ;------------------------------------------------------------
                           3020 ;Allocation info for local variables in function 'stopMotors'
                           3021 ;------------------------------------------------------------
                    0862   3022 	G$stopMotors$0$0 ==.
                    0862   3023 	C$slave_wixel_track.c$369$1$1 ==.
                           3024 ;	apps/slave_wixel_track/slave_wixel_track.c:369: void stopMotors()
                           3025 ;	-----------------------------------------
                           3026 ;	 function stopMotors
                           3027 ;	-----------------------------------------
   0862                    3028 _stopMotors:
                    0862   3029 	C$slave_wixel_track.c$371$1$1 ==.
                           3030 ;	apps/slave_wixel_track/slave_wixel_track.c:371: T3CC0 = 0;
   0862 75 CD 00           3031 	mov	_T3CC0,#0x00
                    0865   3032 	C$slave_wixel_track.c$372$1$1 ==.
                           3033 ;	apps/slave_wixel_track/slave_wixel_track.c:372: T3CC1 = 0;
   0865 75 CF 00           3034 	mov	_T3CC1,#0x00
                    0868   3035 	C$slave_wixel_track.c$373$1$1 ==.
                           3036 ;	apps/slave_wixel_track/slave_wixel_track.c:373: P1_5 = 0;
   0868 C2 95              3037 	clr	_P1_5
                    086A   3038 	C$slave_wixel_track.c$374$1$1 ==.
                           3039 ;	apps/slave_wixel_track/slave_wixel_track.c:374: P1_6 = 0;
   086A C2 96              3040 	clr	_P1_6
                    086C   3041 	C$slave_wixel_track.c$375$1$1 ==.
                    086C   3042 	XG$stopMotors$0$0 ==.
   086C 22                 3043 	ret
                           3044 ;------------------------------------------------------------
                           3045 ;Allocation info for local variables in function 'radioInit'
                           3046 ;------------------------------------------------------------
                    086D   3047 	G$radioInit$0$0 ==.
                    086D   3048 	C$slave_wixel_track.c$379$1$1 ==.
                           3049 ;	apps/slave_wixel_track/slave_wixel_track.c:379: void radioInit()
                           3050 ;	-----------------------------------------
                           3051 ;	 function radioInit
                           3052 ;	-----------------------------------------
   086D                    3053 _radioInit:
                    086D   3054 	C$slave_wixel_track.c$381$1$1 ==.
                           3055 ;	apps/slave_wixel_track/slave_wixel_track.c:381: radioRegistersInit();
   086D 12s00r00           3056 	lcall	_radioRegistersInit
                    0870   3057 	C$slave_wixel_track.c$382$1$1 ==.
                           3058 ;	apps/slave_wixel_track/slave_wixel_track.c:382: CHANNR = 128;
   0870 90 DF 06           3059 	mov	dptr,#_CHANNR
   0873 74 80              3060 	mov	a,#0x80
   0875 F0                 3061 	movx	@dptr,a
                    0876   3062 	C$slave_wixel_track.c$383$1$1 ==.
                           3063 ;	apps/slave_wixel_track/slave_wixel_track.c:383: PKTLEN = RADIO_PACKET_SIZE;
   0876 90 DF 02           3064 	mov	dptr,#_PKTLEN
   0879 74 40              3065 	mov	a,#0x40
   087B F0                 3066 	movx	@dptr,a
                    087C   3067 	C$slave_wixel_track.c$384$1$1 ==.
                           3068 ;	apps/slave_wixel_track/slave_wixel_track.c:384: MCSM0 = 0x14;
   087C 90 DF 14           3069 	mov	dptr,#_MCSM0
   087F 74 14              3070 	mov	a,#0x14
   0881 F0                 3071 	movx	@dptr,a
                    0882   3072 	C$slave_wixel_track.c$385$1$1 ==.
                           3073 ;	apps/slave_wixel_track/slave_wixel_track.c:385: MCSM1 = 0x00;
   0882 90 DF 13           3074 	mov	dptr,#_MCSM1
   0885 E4                 3075 	clr	a
   0886 F0                 3076 	movx	@dptr,a
                    0887   3077 	C$slave_wixel_track.c$386$1$1 ==.
                           3078 ;	apps/slave_wixel_track/slave_wixel_track.c:386: dmaConfig.radio.DC6 = 19;
   0887 90s00r06           3079 	mov	dptr,#(_dmaConfig + 0x0006)
   088A 74 13              3080 	mov	a,#0x13
   088C F0                 3081 	movx	@dptr,a
                    088D   3082 	C$slave_wixel_track.c$387$1$1 ==.
                           3083 ;	apps/slave_wixel_track/slave_wixel_track.c:387: dmaConfig.radio.SRCADDRH = XDATA_SFR_ADDRESS(RFD) >> 8;
   088D 7E D9              3084 	mov	r6,#_RFD
   088F 7F 00              3085 	mov	r7,#0x00
   0891 74 DF              3086 	mov	a,#0xDF
   0893 2F                 3087 	add	a,r7
   0894 FE                 3088 	mov	r6,a
   0895 90s00r00           3089 	mov	dptr,#_dmaConfig
   0898 EE                 3090 	mov	a,r6
   0899 F0                 3091 	movx	@dptr,a
                    089A   3092 	C$slave_wixel_track.c$388$1$1 ==.
                           3093 ;	apps/slave_wixel_track/slave_wixel_track.c:388: dmaConfig.radio.SRCADDRL = XDATA_SFR_ADDRESS(RFD);
   089A 7E D9              3094 	mov	r6,#_RFD
   089C 90s00r01           3095 	mov	dptr,#(_dmaConfig + 0x0001)
   089F EE                 3096 	mov	a,r6
   08A0 F0                 3097 	movx	@dptr,a
                    08A1   3098 	C$slave_wixel_track.c$389$1$1 ==.
                           3099 ;	apps/slave_wixel_track/slave_wixel_track.c:389: dmaConfig.radio.DESTADDRH = (unsigned int)rxPacket >> 8;
   08A1 7Er00              3100 	mov	r6,#_rxPacket
   08A3 7Fs00              3101 	mov	r7,#(_rxPacket >> 8)
   08A5 8F 06              3102 	mov	ar6,r7
   08A7 90s00r02           3103 	mov	dptr,#(_dmaConfig + 0x0002)
   08AA EE                 3104 	mov	a,r6
   08AB F0                 3105 	movx	@dptr,a
                    08AC   3106 	C$slave_wixel_track.c$390$1$1 ==.
                           3107 ;	apps/slave_wixel_track/slave_wixel_track.c:390: dmaConfig.radio.DESTADDRL = (unsigned int)rxPacket;
   08AC 7Er00              3108 	mov	r6,#_rxPacket
   08AE 7Fs00              3109 	mov	r7,#(_rxPacket >> 8)
   08B0 90s00r03           3110 	mov	dptr,#(_dmaConfig + 0x0003)
   08B3 EE                 3111 	mov	a,r6
   08B4 F0                 3112 	movx	@dptr,a
                    08B5   3113 	C$slave_wixel_track.c$391$1$1 ==.
                           3114 ;	apps/slave_wixel_track/slave_wixel_track.c:391: dmaConfig.radio.LENL = 1 + RADIO_PACKET_SIZE + 2;
   08B5 90s00r05           3115 	mov	dptr,#(_dmaConfig + 0x0005)
   08B8 74 43              3116 	mov	a,#0x43
   08BA F0                 3117 	movx	@dptr,a
                    08BB   3118 	C$slave_wixel_track.c$392$1$1 ==.
                           3119 ;	apps/slave_wixel_track/slave_wixel_track.c:392: dmaConfig.radio.VLEN_LENH = 0b10000000;
   08BB 90s00r04           3120 	mov	dptr,#(_dmaConfig + 0x0004)
   08BE 74 80              3121 	mov	a,#0x80
   08C0 F0                 3122 	movx	@dptr,a
                    08C1   3123 	C$slave_wixel_track.c$393$1$1 ==.
                           3124 ;	apps/slave_wixel_track/slave_wixel_track.c:393: dmaConfig.radio.DC7 = 0x10;
   08C1 90s00r07           3125 	mov	dptr,#(_dmaConfig + 0x0007)
   08C4 74 10              3126 	mov	a,#0x10
   08C6 F0                 3127 	movx	@dptr,a
                    08C7   3128 	C$slave_wixel_track.c$394$1$1 ==.
                           3129 ;	apps/slave_wixel_track/slave_wixel_track.c:394: DMAARM |= (1<<DMA_CHANNEL_RADIO);
   08C7 43 D6 02           3130 	orl	_DMAARM,#0x02
                    08CA   3131 	C$slave_wixel_track.c$395$1$1 ==.
                           3132 ;	apps/slave_wixel_track/slave_wixel_track.c:395: RFST = 2;
   08CA 75 E1 02           3133 	mov	_RFST,#0x02
                    08CD   3134 	C$slave_wixel_track.c$396$1$1 ==.
                    08CD   3135 	XG$radioInit$0$0 ==.
   08CD 22                 3136 	ret
                           3137 ;------------------------------------------------------------
                           3138 ;Allocation info for local variables in function 'gpioInit'
                           3139 ;------------------------------------------------------------
                    08CE   3140 	G$gpioInit$0$0 ==.
                    08CE   3141 	C$slave_wixel_track.c$398$1$1 ==.
                           3142 ;	apps/slave_wixel_track/slave_wixel_track.c:398: void gpioInit()
                           3143 ;	-----------------------------------------
                           3144 ;	 function gpioInit
                           3145 ;	-----------------------------------------
   08CE                    3146 _gpioInit:
                    08CE   3147 	C$slave_wixel_track.c$400$1$1 ==.
                           3148 ;	apps/slave_wixel_track/slave_wixel_track.c:400: P1SEL = 0x00;
   08CE 75 F4 00           3149 	mov	_P1SEL,#0x00
                    08D1   3150 	C$slave_wixel_track.c$401$1$1 ==.
                           3151 ;	apps/slave_wixel_track/slave_wixel_track.c:401: P1DIR = 0x00;
   08D1 75 FE 00           3152 	mov	_P1DIR,#0x00
                    08D4   3153 	C$slave_wixel_track.c$402$1$1 ==.
                           3154 ;	apps/slave_wixel_track/slave_wixel_track.c:402: P1 = 0x00;
   08D4 75 90 00           3155 	mov	_P1,#0x00
                    08D7   3156 	C$slave_wixel_track.c$403$1$1 ==.
                           3157 ;	apps/slave_wixel_track/slave_wixel_track.c:403: T1CTL = 0x00;
   08D7 75 E4 00           3158 	mov	_T1CTL,#0x00
                    08DA   3159 	C$slave_wixel_track.c$404$1$1 ==.
                           3160 ;	apps/slave_wixel_track/slave_wixel_track.c:404: T3CTL = 0x00;
   08DA 75 CB 00           3161 	mov	_T3CTL,#0x00
                    08DD   3162 	C$slave_wixel_track.c$405$1$1 ==.
                           3163 ;	apps/slave_wixel_track/slave_wixel_track.c:405: T4CTL = 0x00;
   08DD 75 EB 00           3164 	mov	_T4CTL,#0x00
                    08E0   3165 	C$slave_wixel_track.c$406$1$1 ==.
                           3166 ;	apps/slave_wixel_track/slave_wixel_track.c:406: P1DIR |= (1 << LED_RED_PIN) | (1 << LED_GREEN_PIN) | (1 << LED_BLUE_PIN);
   08E0 43 FE 86           3167 	orl	_P1DIR,#0x86
                    08E3   3168 	C$slave_wixel_track.c$407$1$1 ==.
                           3169 ;	apps/slave_wixel_track/slave_wixel_track.c:407: P1DIR |= (1 << R_DIR_PIN) | (1 << L_DIR_PIN);
   08E3 43 FE 60           3170 	orl	_P1DIR,#0x60
                    08E6   3171 	C$slave_wixel_track.c$408$1$1 ==.
                           3172 ;	apps/slave_wixel_track/slave_wixel_track.c:408: P1SEL = 0x00;
   08E6 75 F4 00           3173 	mov	_P1SEL,#0x00
                    08E9   3174 	C$slave_wixel_track.c$409$1$1 ==.
                           3175 ;	apps/slave_wixel_track/slave_wixel_track.c:409: P1_1 = 1;
   08E9 D2 91              3176 	setb	_P1_1
                    08EB   3177 	C$slave_wixel_track.c$410$1$1 ==.
                           3178 ;	apps/slave_wixel_track/slave_wixel_track.c:410: P1_2 = 1;
   08EB D2 92              3179 	setb	_P1_2
                    08ED   3180 	C$slave_wixel_track.c$411$1$1 ==.
                           3181 ;	apps/slave_wixel_track/slave_wixel_track.c:411: P1_7 = 1;
   08ED D2 97              3182 	setb	_P1_7
                    08EF   3183 	C$slave_wixel_track.c$412$1$1 ==.
                           3184 ;	apps/slave_wixel_track/slave_wixel_track.c:412: T3CC0 = 0;
   08EF 75 CD 00           3185 	mov	_T3CC0,#0x00
                    08F2   3186 	C$slave_wixel_track.c$413$1$1 ==.
                           3187 ;	apps/slave_wixel_track/slave_wixel_track.c:413: T3CC1 = 0;
   08F2 75 CF 00           3188 	mov	_T3CC1,#0x00
                    08F5   3189 	C$slave_wixel_track.c$414$1$1 ==.
                           3190 ;	apps/slave_wixel_track/slave_wixel_track.c:414: P1_5 = 0;
   08F5 C2 95              3191 	clr	_P1_5
                    08F7   3192 	C$slave_wixel_track.c$415$1$1 ==.
                           3193 ;	apps/slave_wixel_track/slave_wixel_track.c:415: P1_6 = 0;
   08F7 C2 96              3194 	clr	_P1_6
                    08F9   3195 	C$slave_wixel_track.c$416$1$1 ==.
                    08F9   3196 	XG$gpioInit$0$0 ==.
   08F9 22                 3197 	ret
                           3198 ;------------------------------------------------------------
                           3199 ;Allocation info for local variables in function 'updateRgbLeds'
                           3200 ;------------------------------------------------------------
                    08FA   3201 	G$updateRgbLeds$0$0 ==.
                    08FA   3202 	C$slave_wixel_track.c$420$1$1 ==.
                           3203 ;	apps/slave_wixel_track/slave_wixel_track.c:420: void updateRgbLeds()
                           3204 ;	-----------------------------------------
                           3205 ;	 function updateRgbLeds
                           3206 ;	-----------------------------------------
   08FA                    3207 _updateRgbLeds:
                    08FA   3208 	C$slave_wixel_track.c$422$1$1 ==.
                           3209 ;	apps/slave_wixel_track/slave_wixel_track.c:422: if (currentState == STATE_CALIBRATE_VALIDATE)
   08FA 78r00              3210 	mov	r0,#_currentState
   08FC E2                 3211 	movx	a,@r0
   08FD B4 10 08           3212 	cjne	a,#0x10,00113$
                    0900   3213 	C$slave_wixel_track.c$425$2$2 ==.
                           3214 ;	apps/slave_wixel_track/slave_wixel_track.c:425: P1_2 = 0;
   0900 C2 92              3215 	clr	_P1_2
                    0902   3216 	C$slave_wixel_track.c$426$2$2 ==.
                           3217 ;	apps/slave_wixel_track/slave_wixel_track.c:426: P1_1 = 0;
   0902 C2 91              3218 	clr	_P1_1
                    0904   3219 	C$slave_wixel_track.c$427$2$2 ==.
                           3220 ;	apps/slave_wixel_track/slave_wixel_track.c:427: P1_7 = 1;
   0904 D2 97              3221 	setb	_P1_7
   0906 80 37              3222 	sjmp	00115$
   0908                    3223 00113$:
                    0908   3224 	C$slave_wixel_track.c$429$1$1 ==.
                           3225 ;	apps/slave_wixel_track/slave_wixel_track.c:429: else if (currentState == STATE_HOME)
   0908 78r00              3226 	mov	r0,#_currentState
   090A E2                 3227 	movx	a,@r0
   090B B4 01 08           3228 	cjne	a,#0x01,00110$
                    090E   3229 	C$slave_wixel_track.c$432$2$3 ==.
                           3230 ;	apps/slave_wixel_track/slave_wixel_track.c:432: P1_2 = 1;
   090E D2 92              3231 	setb	_P1_2
                    0910   3232 	C$slave_wixel_track.c$433$2$3 ==.
                           3233 ;	apps/slave_wixel_track/slave_wixel_track.c:433: P1_1 = 1;
   0910 D2 91              3234 	setb	_P1_1
                    0912   3235 	C$slave_wixel_track.c$434$2$3 ==.
                           3236 ;	apps/slave_wixel_track/slave_wixel_track.c:434: P1_7 = 0;
   0912 C2 97              3237 	clr	_P1_7
   0914 80 29              3238 	sjmp	00115$
   0916                    3239 00110$:
                    0916   3240 	C$slave_wixel_track.c$436$1$1 ==.
                           3241 ;	apps/slave_wixel_track/slave_wixel_track.c:436: else if (currentState == STATE_RUN)
   0916 78r00              3242 	mov	r0,#_currentState
   0918 E2                 3243 	movx	a,@r0
   0919 B4 02 0F           3244 	cjne	a,#0x02,00107$
                    091C   3245 	C$slave_wixel_track.c$439$2$4 ==.
                           3246 ;	apps/slave_wixel_track/slave_wixel_track.c:439: P1_2 = 1;
   091C D2 92              3247 	setb	_P1_2
                    091E   3248 	C$slave_wixel_track.c$440$2$4 ==.
                           3249 ;	apps/slave_wixel_track/slave_wixel_track.c:440: P1_1 = 0;
   091E C2 91              3250 	clr	_P1_1
                    0920   3251 	C$slave_wixel_track.c$441$2$4 ==.
                           3252 ;	apps/slave_wixel_track/slave_wixel_track.c:441: P1_7 = 1;
   0920 D2 97              3253 	setb	_P1_7
                    0922   3254 	C$slave_wixel_track.c$443$2$4 ==.
                           3255 ;	apps/slave_wixel_track/slave_wixel_track.c:443: if (currentWaypointIndex == 0){
   0922 78r95              3256 	mov	r0,#_currentWaypointIndex
   0924 E2                 3257 	movx	a,@r0
   0925 70 18              3258 	jnz	00115$
                    0927   3259 	C$slave_wixel_track.c$445$3$5 ==.
                           3260 ;	apps/slave_wixel_track/slave_wixel_track.c:445: P1_7 = 0;
   0927 C2 97              3261 	clr	_P1_7
   0929 80 14              3262 	sjmp	00115$
   092B                    3263 00107$:
                    092B   3264 	C$slave_wixel_track.c$448$1$1 ==.
                           3265 ;	apps/slave_wixel_track/slave_wixel_track.c:448: else if (currentState == STATE_PREP)
   092B 78r00              3266 	mov	r0,#_currentState
   092D E2                 3267 	movx	a,@r0
   092E B4 03 08           3268 	cjne	a,#0x03,00104$
                    0931   3269 	C$slave_wixel_track.c$451$2$6 ==.
                           3270 ;	apps/slave_wixel_track/slave_wixel_track.c:451: P1_2 = 0;
   0931 C2 92              3271 	clr	_P1_2
                    0933   3272 	C$slave_wixel_track.c$452$2$6 ==.
                           3273 ;	apps/slave_wixel_track/slave_wixel_track.c:452: P1_1 = 1;
   0933 D2 91              3274 	setb	_P1_1
                    0935   3275 	C$slave_wixel_track.c$453$2$6 ==.
                           3276 ;	apps/slave_wixel_track/slave_wixel_track.c:453: P1_7 = 0;
   0935 C2 97              3277 	clr	_P1_7
   0937 80 06              3278 	sjmp	00115$
   0939                    3279 00104$:
                    0939   3280 	C$slave_wixel_track.c$458$2$7 ==.
                           3281 ;	apps/slave_wixel_track/slave_wixel_track.c:458: P1_2 = 0;
   0939 C2 92              3282 	clr	_P1_2
                    093B   3283 	C$slave_wixel_track.c$459$2$7 ==.
                           3284 ;	apps/slave_wixel_track/slave_wixel_track.c:459: P1_1 = 1;
   093B D2 91              3285 	setb	_P1_1
                    093D   3286 	C$slave_wixel_track.c$460$2$7 ==.
                           3287 ;	apps/slave_wixel_track/slave_wixel_track.c:460: P1_7 = 1;
   093D D2 97              3288 	setb	_P1_7
   093F                    3289 00115$:
                    093F   3290 	C$slave_wixel_track.c$462$1$1 ==.
                    093F   3291 	XG$updateRgbLeds$0$0 ==.
   093F 22                 3292 	ret
                           3293 ;------------------------------------------------------------
                           3294 ;Allocation info for local variables in function 'extractPositionData'
                           3295 ;------------------------------------------------------------
                    0940   3296 	G$extractPositionData$0$0 ==.
                    0940   3297 	C$slave_wixel_track.c$466$1$1 ==.
                           3298 ;	apps/slave_wixel_track/slave_wixel_track.c:466: void extractPositionData(uint8 offset)
                           3299 ;	-----------------------------------------
                           3300 ;	 function extractPositionData
                           3301 ;	-----------------------------------------
   0940                    3302 _extractPositionData:
                    0940   3303 	C$slave_wixel_track.c$471$1$1 ==.
                           3304 ;	apps/slave_wixel_track/slave_wixel_track.c:471: posX = (int16)((rxPacket[offset + 1] << 8) | rxPacket[offset + 2]);
   0940 E5 82              3305 	mov	a,dpl
   0942 FF                 3306 	mov	r7,a
   0943 04                 3307 	inc	a
   0944 24r00              3308 	add	a,#_rxPacket
   0946 F5 82              3309 	mov	dpl,a
   0948 E4                 3310 	clr	a
   0949 34s00              3311 	addc	a,#(_rxPacket >> 8)
   094B F5 83              3312 	mov	dph,a
   094D E0                 3313 	movx	a,@dptr
   094E FD                 3314 	mov	r5,a
   094F 7E 00              3315 	mov	r6,#0x00
   0951 74 02              3316 	mov	a,#0x02
   0953 2F                 3317 	add	a,r7
   0954 24r00              3318 	add	a,#_rxPacket
   0956 F5 82              3319 	mov	dpl,a
   0958 E4                 3320 	clr	a
   0959 34s00              3321 	addc	a,#(_rxPacket >> 8)
   095B F5 83              3322 	mov	dph,a
   095D E0                 3323 	movx	a,@dptr
   095E 7B 00              3324 	mov	r3,#0x00
   0960 42 06              3325 	orl	ar6,a
   0962 EB                 3326 	mov	a,r3
   0963 42 05              3327 	orl	ar5,a
   0965 78r0F              3328 	mov	r0,#_posX
   0967 EE                 3329 	mov	a,r6
   0968 F2                 3330 	movx	@r0,a
   0969 08                 3331 	inc	r0
   096A ED                 3332 	mov	a,r5
   096B F2                 3333 	movx	@r0,a
                    096C   3334 	C$slave_wixel_track.c$472$1$1 ==.
                           3335 ;	apps/slave_wixel_track/slave_wixel_track.c:472: posY = (int16)((rxPacket[offset + 3] << 8) | rxPacket[offset + 4]);
   096C 74 03              3336 	mov	a,#0x03
   096E 2F                 3337 	add	a,r7
   096F 24r00              3338 	add	a,#_rxPacket
   0971 F5 82              3339 	mov	dpl,a
   0973 E4                 3340 	clr	a
   0974 34s00              3341 	addc	a,#(_rxPacket >> 8)
   0976 F5 83              3342 	mov	dph,a
   0978 E0                 3343 	movx	a,@dptr
   0979 FD                 3344 	mov	r5,a
   097A 7E 00              3345 	mov	r6,#0x00
   097C 74 04              3346 	mov	a,#0x04
   097E 2F                 3347 	add	a,r7
   097F 24r00              3348 	add	a,#_rxPacket
   0981 F5 82              3349 	mov	dpl,a
   0983 E4                 3350 	clr	a
   0984 34s00              3351 	addc	a,#(_rxPacket >> 8)
   0986 F5 83              3352 	mov	dph,a
   0988 E0                 3353 	movx	a,@dptr
   0989 7B 00              3354 	mov	r3,#0x00
   098B 42 06              3355 	orl	ar6,a
   098D EB                 3356 	mov	a,r3
   098E 42 05              3357 	orl	ar5,a
   0990 78r11              3358 	mov	r0,#_posY
   0992 EE                 3359 	mov	a,r6
   0993 F2                 3360 	movx	@r0,a
   0994 08                 3361 	inc	r0
   0995 ED                 3362 	mov	a,r5
   0996 F2                 3363 	movx	@r0,a
                    0997   3364 	C$slave_wixel_track.c$473$1$1 ==.
                           3365 ;	apps/slave_wixel_track/slave_wixel_track.c:473: rawTheta = rxPacket[offset + 5]; 
   0997 74 05              3366 	mov	a,#0x05
   0999 2F                 3367 	add	a,r7
   099A 24r00              3368 	add	a,#_rxPacket
   099C F5 82              3369 	mov	dpl,a
   099E E4                 3370 	clr	a
   099F 34s00              3371 	addc	a,#(_rxPacket >> 8)
   09A1 F5 83              3372 	mov	dph,a
   09A3 E0                 3373 	movx	a,@dptr
                    09A4   3374 	C$slave_wixel_track.c$475$1$1 ==.
                           3375 ;	apps/slave_wixel_track/slave_wixel_track.c:475: mapped_theta = (int16)(((int32)rawTheta * 360L) / 256L);
   09A4 78r00              3376 	mov	r0,#__mullong_PARM_2
   09A6 F2                 3377 	movx	@r0,a
   09A7 08                 3378 	inc	r0
   09A8 E4                 3379 	clr	a
   09A9 F2                 3380 	movx	@r0,a
   09AA 08                 3381 	inc	r0
   09AB F2                 3382 	movx	@r0,a
   09AC 08                 3383 	inc	r0
   09AD F2                 3384 	movx	@r0,a
   09AE 90 01 68           3385 	mov	dptr,#0x0168
   09B1 E4                 3386 	clr	a
   09B2 F5 F0              3387 	mov	b,a
   09B4 12s00r00           3388 	lcall	__mullong
   09B7 AC 82              3389 	mov	r4,dpl
   09B9 AD 83              3390 	mov	r5,dph
   09BB AE F0              3391 	mov	r6,b
   09BD FF                 3392 	mov	r7,a
   09BE 78r00              3393 	mov	r0,#__divslong_PARM_2
   09C0 E4                 3394 	clr	a
   09C1 F2                 3395 	movx	@r0,a
   09C2 08                 3396 	inc	r0
   09C3 74 01              3397 	mov	a,#0x01
   09C5 F2                 3398 	movx	@r0,a
   09C6 08                 3399 	inc	r0
   09C7 E4                 3400 	clr	a
   09C8 F2                 3401 	movx	@r0,a
   09C9 08                 3402 	inc	r0
   09CA F2                 3403 	movx	@r0,a
   09CB 8C 82              3404 	mov	dpl,r4
   09CD 8D 83              3405 	mov	dph,r5
   09CF 8E F0              3406 	mov	b,r6
   09D1 EF                 3407 	mov	a,r7
   09D2 12s00r00           3408 	lcall	__divslong
   09D5 AC 82              3409 	mov	r4,dpl
   09D7 AD 83              3410 	mov	r5,dph
   09D9 AE F0              3411 	mov	r6,b
   09DB FF                 3412 	mov	r7,a
                    09DC   3413 	C$slave_wixel_track.c$476$1$1 ==.
                           3414 ;	apps/slave_wixel_track/slave_wixel_track.c:476: mapped_theta += orientationOffset;
   09DC 78rAB              3415 	mov	r0,#_orientationOffset
   09DE E2                 3416 	movx	a,@r0
   09DF 2C                 3417 	add	a,r4
   09E0 FC                 3418 	mov	r4,a
   09E1 08                 3419 	inc	r0
   09E2 E2                 3420 	movx	a,@r0
   09E3 3D                 3421 	addc	a,r5
   09E4 FD                 3422 	mov	r5,a
                    09E5   3423 	C$slave_wixel_track.c$478$1$1 ==.
                           3424 ;	apps/slave_wixel_track/slave_wixel_track.c:478: if (mapped_theta > 180)
   09E5 C3                 3425 	clr	c
   09E6 74 B4              3426 	mov	a,#0xB4
   09E8 9C                 3427 	subb	a,r4
   09E9 E4                 3428 	clr	a
   09EA 64 80              3429 	xrl	a,#0x80
   09EC 8D F0              3430 	mov	b,r5
   09EE 63 F0 80           3431 	xrl	b,#0x80
   09F1 95 F0              3432 	subb	a,b
   09F3 50 0D              3433 	jnc	00105$
                    09F5   3434 	C$slave_wixel_track.c$480$2$2 ==.
                           3435 ;	apps/slave_wixel_track/slave_wixel_track.c:480: posTheta = mapped_theta - 360;
   09F5 78r13              3436 	mov	r0,#_posTheta
   09F7 EC                 3437 	mov	a,r4
   09F8 24 98              3438 	add	a,#0x98
   09FA F2                 3439 	movx	@r0,a
   09FB ED                 3440 	mov	a,r5
   09FC 34 FE              3441 	addc	a,#0xFE
   09FE 08                 3442 	inc	r0
   09FF F2                 3443 	movx	@r0,a
   0A00 80 1F              3444 	sjmp	00107$
   0A02                    3445 00105$:
                    0A02   3446 	C$slave_wixel_track.c$482$1$1 ==.
                           3447 ;	apps/slave_wixel_track/slave_wixel_track.c:482: else if (mapped_theta < -180)
   0A02 C3                 3448 	clr	c
   0A03 EC                 3449 	mov	a,r4
   0A04 94 4C              3450 	subb	a,#0x4C
   0A06 ED                 3451 	mov	a,r5
   0A07 64 80              3452 	xrl	a,#0x80
   0A09 94 7F              3453 	subb	a,#0x7f
   0A0B 50 0D              3454 	jnc	00102$
                    0A0D   3455 	C$slave_wixel_track.c$484$2$3 ==.
                           3456 ;	apps/slave_wixel_track/slave_wixel_track.c:484: posTheta = mapped_theta + 360;
   0A0D 78r13              3457 	mov	r0,#_posTheta
   0A0F 74 68              3458 	mov	a,#0x68
   0A11 2C                 3459 	add	a,r4
   0A12 F2                 3460 	movx	@r0,a
   0A13 74 01              3461 	mov	a,#0x01
   0A15 3D                 3462 	addc	a,r5
   0A16 08                 3463 	inc	r0
   0A17 F2                 3464 	movx	@r0,a
   0A18 80 07              3465 	sjmp	00107$
   0A1A                    3466 00102$:
                    0A1A   3467 	C$slave_wixel_track.c$488$2$4 ==.
                           3468 ;	apps/slave_wixel_track/slave_wixel_track.c:488: posTheta = mapped_theta;
   0A1A 78r13              3469 	mov	r0,#_posTheta
   0A1C EC                 3470 	mov	a,r4
   0A1D F2                 3471 	movx	@r0,a
   0A1E 08                 3472 	inc	r0
   0A1F ED                 3473 	mov	a,r5
   0A20 F2                 3474 	movx	@r0,a
   0A21                    3475 00107$:
                    0A21   3476 	C$slave_wixel_track.c$490$1$1 ==.
                    0A21   3477 	XG$extractPositionData$0$0 ==.
   0A21 22                 3478 	ret
                           3479 ;------------------------------------------------------------
                           3480 ;Allocation info for local variables in function 'handleCmdStop'
                           3481 ;------------------------------------------------------------
                    0A22   3482 	G$handleCmdStop$0$0 ==.
                    0A22   3483 	C$slave_wixel_track.c$492$1$1 ==.
                           3484 ;	apps/slave_wixel_track/slave_wixel_track.c:492: void handleCmdStop()
                           3485 ;	-----------------------------------------
                           3486 ;	 function handleCmdStop
                           3487 ;	-----------------------------------------
   0A22                    3488 _handleCmdStop:
                    0A22   3489 	C$slave_wixel_track.c$494$1$1 ==.
                           3490 ;	apps/slave_wixel_track/slave_wixel_track.c:494: currentState = STATE_IDLE;
   0A22 78r00              3491 	mov	r0,#_currentState
   0A24 E4                 3492 	clr	a
   0A25 F2                 3493 	movx	@r0,a
                    0A26   3494 	C$slave_wixel_track.c$495$1$1 ==.
                           3495 ;	apps/slave_wixel_track/slave_wixel_track.c:495: calib_step = 0;
   0A26 78rB1              3496 	mov	r0,#_calib_step
   0A28 E4                 3497 	clr	a
   0A29 F2                 3498 	movx	@r0,a
                    0A2A   3499 	C$slave_wixel_track.c$496$1$1 ==.
                           3500 ;	apps/slave_wixel_track/slave_wixel_track.c:496: waypointCount = 0;
   0A2A 78r93              3501 	mov	r0,#_waypointCount
   0A2C E4                 3502 	clr	a
   0A2D F2                 3503 	movx	@r0,a
                    0A2E   3504 	C$slave_wixel_track.c$497$1$1 ==.
                           3505 ;	apps/slave_wixel_track/slave_wixel_track.c:497: currentWaypointIndex = 0;
   0A2E 78r95              3506 	mov	r0,#_currentWaypointIndex
   0A30 E4                 3507 	clr	a
   0A31 F2                 3508 	movx	@r0,a
                    0A32   3509 	C$slave_wixel_track.c$498$1$1 ==.
                           3510 ;	apps/slave_wixel_track/slave_wixel_track.c:498: runSubState = 0;
   0A32 78r96              3511 	mov	r0,#_runSubState
   0A34 E4                 3512 	clr	a
   0A35 F2                 3513 	movx	@r0,a
                    0A36   3514 	C$slave_wixel_track.c$499$1$1 ==.
                           3515 ;	apps/slave_wixel_track/slave_wixel_track.c:499: homeSubState = 0;
   0A36 78r97              3516 	mov	r0,#_homeSubState
   0A38 E4                 3517 	clr	a
   0A39 F2                 3518 	movx	@r0,a
                    0A3A   3519 	C$slave_wixel_track.c$500$1$1 ==.
                           3520 ;	apps/slave_wixel_track/slave_wixel_track.c:500: pwm_left = 0;
   0A3A 78r27              3521 	mov	r0,#_pwm_left
   0A3C E4                 3522 	clr	a
   0A3D F2                 3523 	movx	@r0,a
   0A3E 08                 3524 	inc	r0
   0A3F F2                 3525 	movx	@r0,a
                    0A40   3526 	C$slave_wixel_track.c$501$1$1 ==.
                           3527 ;	apps/slave_wixel_track/slave_wixel_track.c:501: pwm_right = 0;
   0A40 78r29              3528 	mov	r0,#_pwm_right
   0A42 E4                 3529 	clr	a
   0A43 F2                 3530 	movx	@r0,a
   0A44 08                 3531 	inc	r0
   0A45 F2                 3532 	movx	@r0,a
                    0A46   3533 	C$slave_wixel_track.c$502$1$1 ==.
                           3534 ;	apps/slave_wixel_track/slave_wixel_track.c:502: stopMotors();
   0A46 12s08r62           3535 	lcall	_stopMotors
                    0A49   3536 	C$slave_wixel_track.c$503$1$1 ==.
                    0A49   3537 	XG$handleCmdStop$0$0 ==.
   0A49 22                 3538 	ret
                           3539 ;------------------------------------------------------------
                           3540 ;Allocation info for local variables in function 'handleCmdGoTo'
                           3541 ;------------------------------------------------------------
                    0A4A   3542 	G$handleCmdGoTo$0$0 ==.
                    0A4A   3543 	C$slave_wixel_track.c$505$1$1 ==.
                           3544 ;	apps/slave_wixel_track/slave_wixel_track.c:505: void handleCmdGoTo(uint8 offset)
                           3545 ;	-----------------------------------------
                           3546 ;	 function handleCmdGoTo
                           3547 ;	-----------------------------------------
   0A4A                    3548 _handleCmdGoTo:
   0A4A AF 82              3549 	mov	r7,dpl
                    0A4C   3550 	C$slave_wixel_track.c$507$1$1 ==.
                           3551 ;	apps/slave_wixel_track/slave_wixel_track.c:507: targetX = (int16)((rxPacket[offset + 7] << 8) | rxPacket[offset + 8]);
   0A4C 74 07              3552 	mov	a,#0x07
   0A4E 2F                 3553 	add	a,r7
   0A4F 24r00              3554 	add	a,#_rxPacket
   0A51 F5 82              3555 	mov	dpl,a
   0A53 E4                 3556 	clr	a
   0A54 34s00              3557 	addc	a,#(_rxPacket >> 8)
   0A56 F5 83              3558 	mov	dph,a
   0A58 E0                 3559 	movx	a,@dptr
   0A59 FD                 3560 	mov	r5,a
   0A5A 7E 00              3561 	mov	r6,#0x00
   0A5C 74 08              3562 	mov	a,#0x08
   0A5E 2F                 3563 	add	a,r7
   0A5F 24r00              3564 	add	a,#_rxPacket
   0A61 F5 82              3565 	mov	dpl,a
   0A63 E4                 3566 	clr	a
   0A64 34s00              3567 	addc	a,#(_rxPacket >> 8)
   0A66 F5 83              3568 	mov	dph,a
   0A68 E0                 3569 	movx	a,@dptr
   0A69 7B 00              3570 	mov	r3,#0x00
   0A6B 42 06              3571 	orl	ar6,a
   0A6D EB                 3572 	mov	a,r3
   0A6E 42 05              3573 	orl	ar5,a
   0A70 78r1B              3574 	mov	r0,#_targetX
   0A72 EE                 3575 	mov	a,r6
   0A73 F2                 3576 	movx	@r0,a
   0A74 08                 3577 	inc	r0
   0A75 ED                 3578 	mov	a,r5
   0A76 F2                 3579 	movx	@r0,a
                    0A77   3580 	C$slave_wixel_track.c$508$1$1 ==.
                           3581 ;	apps/slave_wixel_track/slave_wixel_track.c:508: targetY = (int16)((rxPacket[offset + 9] << 8) | rxPacket[offset + 10]);
   0A77 74 09              3582 	mov	a,#0x09
   0A79 2F                 3583 	add	a,r7
   0A7A 24r00              3584 	add	a,#_rxPacket
   0A7C F5 82              3585 	mov	dpl,a
   0A7E E4                 3586 	clr	a
   0A7F 34s00              3587 	addc	a,#(_rxPacket >> 8)
   0A81 F5 83              3588 	mov	dph,a
   0A83 E0                 3589 	movx	a,@dptr
   0A84 FB                 3590 	mov	r3,a
   0A85 7C 00              3591 	mov	r4,#0x00
   0A87 74 0A              3592 	mov	a,#0x0A
   0A89 2F                 3593 	add	a,r7
   0A8A 24r00              3594 	add	a,#_rxPacket
   0A8C F5 82              3595 	mov	dpl,a
   0A8E E4                 3596 	clr	a
   0A8F 34s00              3597 	addc	a,#(_rxPacket >> 8)
   0A91 F5 83              3598 	mov	dph,a
   0A93 E0                 3599 	movx	a,@dptr
   0A94 7A 00              3600 	mov	r2,#0x00
   0A96 4C                 3601 	orl	a,r4
   0A97 FF                 3602 	mov	r7,a
   0A98 EA                 3603 	mov	a,r2
   0A99 4B                 3604 	orl	a,r3
   0A9A FC                 3605 	mov	r4,a
   0A9B 78r1F              3606 	mov	r0,#_targetY
   0A9D EF                 3607 	mov	a,r7
   0A9E F2                 3608 	movx	@r0,a
   0A9F 08                 3609 	inc	r0
   0AA0 EC                 3610 	mov	a,r4
   0AA1 F2                 3611 	movx	@r0,a
                    0AA2   3612 	C$slave_wixel_track.c$510$1$1 ==.
                           3613 ;	apps/slave_wixel_track/slave_wixel_track.c:510: if (currentState == STATE_HOME && targetX == lastTargetX && targetY == lastTargetY)
   0AA2 78r00              3614 	mov	r0,#_currentState
   0AA4 E2                 3615 	movx	a,@r0
   0AA5 B4 01 04           3616 	cjne	a,#0x01,00118$
   0AA8 74 01              3617 	mov	a,#0x01
   0AAA 80 01              3618 	sjmp	00119$
   0AAC                    3619 00118$:
   0AAC E4                 3620 	clr	a
   0AAD                    3621 00119$:
   0AAD FB                 3622 	mov	r3,a
   0AAE 60 21              3623 	jz	00102$
   0AB0 78r1D              3624 	mov	r0,#_lastTargetX
   0AB2 E2                 3625 	movx	a,@r0
   0AB3 B5 06 07           3626 	cjne	a,ar6,00121$
   0AB6 08                 3627 	inc	r0
   0AB7 E2                 3628 	movx	a,@r0
   0AB8 B5 05 02           3629 	cjne	a,ar5,00121$
   0ABB 80 02              3630 	sjmp	00122$
   0ABD                    3631 00121$:
   0ABD 80 12              3632 	sjmp	00102$
   0ABF                    3633 00122$:
   0ABF 78r21              3634 	mov	r0,#_lastTargetY
   0AC1 E2                 3635 	movx	a,@r0
   0AC2 B5 07 07           3636 	cjne	a,ar7,00123$
   0AC5 08                 3637 	inc	r0
   0AC6 E2                 3638 	movx	a,@r0
   0AC7 B5 04 02           3639 	cjne	a,ar4,00123$
   0ACA 80 02              3640 	sjmp	00124$
   0ACC                    3641 00123$:
   0ACC 80 03              3642 	sjmp	00102$
   0ACE                    3643 00124$:
                    0ACE   3644 	C$slave_wixel_track.c$512$2$2 ==.
                           3645 ;	apps/slave_wixel_track/slave_wixel_track.c:512: return;
   0ACE 02s0Br69           3646 	ljmp	00111$
   0AD1                    3647 00102$:
                    0AD1   3648 	C$slave_wixel_track.c$515$1$1 ==.
                           3649 ;	apps/slave_wixel_track/slave_wixel_track.c:515: if (currentState == STATE_HOME)
   0AD1 EB                 3650 	mov	a,r3
   0AD2 60 55              3651 	jz	00109$
                    0AD4   3652 	C$slave_wixel_track.c$517$2$3 ==.
                           3653 ;	apps/slave_wixel_track/slave_wixel_track.c:517: if (targetX != lastTargetX || targetY != lastTargetY)
   0AD4 78r1D              3654 	mov	r0,#_lastTargetX
   0AD6 E2                 3655 	movx	a,@r0
   0AD7 B5 06 07           3656 	cjne	a,ar6,00126$
   0ADA 08                 3657 	inc	r0
   0ADB E2                 3658 	movx	a,@r0
   0ADC B5 05 02           3659 	cjne	a,ar5,00126$
   0ADF 80 02              3660 	sjmp	00127$
   0AE1                    3661 00126$:
   0AE1 80 0D              3662 	sjmp	00105$
   0AE3                    3663 00127$:
   0AE3 78r21              3664 	mov	r0,#_lastTargetY
   0AE5 E2                 3665 	movx	a,@r0
   0AE6 B5 07 07           3666 	cjne	a,ar7,00128$
   0AE9 08                 3667 	inc	r0
   0AEA E2                 3668 	movx	a,@r0
   0AEB B5 04 02           3669 	cjne	a,ar4,00128$
   0AEE 80 70              3670 	sjmp	00110$
   0AF0                    3671 00128$:
   0AF0                    3672 00105$:
                    0AF0   3673 	C$slave_wixel_track.c$519$3$4 ==.
                           3674 ;	apps/slave_wixel_track/slave_wixel_track.c:519: stateStartTime = (uint32)getMs();
   0AF0 12s00r00           3675 	lcall	_getMs
   0AF3 AC 82              3676 	mov	r4,dpl
   0AF5 AD 83              3677 	mov	r5,dph
   0AF7 AE F0              3678 	mov	r6,b
   0AF9 FF                 3679 	mov	r7,a
   0AFA 78r23              3680 	mov	r0,#_stateStartTime
   0AFC EC                 3681 	mov	a,r4
   0AFD F2                 3682 	movx	@r0,a
   0AFE 08                 3683 	inc	r0
   0AFF ED                 3684 	mov	a,r5
   0B00 F2                 3685 	movx	@r0,a
   0B01 08                 3686 	inc	r0
   0B02 EE                 3687 	mov	a,r6
   0B03 F2                 3688 	movx	@r0,a
   0B04 08                 3689 	inc	r0
   0B05 EF                 3690 	mov	a,r7
   0B06 F2                 3691 	movx	@r0,a
                    0B07   3692 	C$slave_wixel_track.c$520$3$4 ==.
                           3693 ;	apps/slave_wixel_track/slave_wixel_track.c:520: lastTargetX = targetX;
   0B07 78r1B              3694 	mov	r0,#_targetX
   0B09 E2                 3695 	movx	a,@r0
   0B0A FE                 3696 	mov	r6,a
   0B0B 08                 3697 	inc	r0
   0B0C E2                 3698 	movx	a,@r0
   0B0D FF                 3699 	mov	r7,a
   0B0E 78r1D              3700 	mov	r0,#_lastTargetX
   0B10 EE                 3701 	mov	a,r6
   0B11 F2                 3702 	movx	@r0,a
   0B12 08                 3703 	inc	r0
   0B13 EF                 3704 	mov	a,r7
   0B14 F2                 3705 	movx	@r0,a
                    0B15   3706 	C$slave_wixel_track.c$521$3$4 ==.
                           3707 ;	apps/slave_wixel_track/slave_wixel_track.c:521: lastTargetY = targetY;
   0B15 78r1F              3708 	mov	r0,#_targetY
   0B17 E2                 3709 	movx	a,@r0
   0B18 FE                 3710 	mov	r6,a
   0B19 08                 3711 	inc	r0
   0B1A E2                 3712 	movx	a,@r0
   0B1B FF                 3713 	mov	r7,a
   0B1C 78r21              3714 	mov	r0,#_lastTargetY
   0B1E EE                 3715 	mov	a,r6
   0B1F F2                 3716 	movx	@r0,a
   0B20 08                 3717 	inc	r0
   0B21 EF                 3718 	mov	a,r7
   0B22 F2                 3719 	movx	@r0,a
                    0B23   3720 	C$slave_wixel_track.c$522$3$4 ==.
                           3721 ;	apps/slave_wixel_track/slave_wixel_track.c:522: homeSubState = 0;  // Reset to rotation
   0B23 78r97              3722 	mov	r0,#_homeSubState
   0B25 E4                 3723 	clr	a
   0B26 F2                 3724 	movx	@r0,a
   0B27 80 37              3725 	sjmp	00110$
   0B29                    3726 00109$:
                    0B29   3727 	C$slave_wixel_track.c$527$2$5 ==.
                           3728 ;	apps/slave_wixel_track/slave_wixel_track.c:527: stateStartTime = (uint32)getMs();
   0B29 12s00r00           3729 	lcall	_getMs
   0B2C AC 82              3730 	mov	r4,dpl
   0B2E AD 83              3731 	mov	r5,dph
   0B30 AE F0              3732 	mov	r6,b
   0B32 FF                 3733 	mov	r7,a
   0B33 78r23              3734 	mov	r0,#_stateStartTime
   0B35 EC                 3735 	mov	a,r4
   0B36 F2                 3736 	movx	@r0,a
   0B37 08                 3737 	inc	r0
   0B38 ED                 3738 	mov	a,r5
   0B39 F2                 3739 	movx	@r0,a
   0B3A 08                 3740 	inc	r0
   0B3B EE                 3741 	mov	a,r6
   0B3C F2                 3742 	movx	@r0,a
   0B3D 08                 3743 	inc	r0
   0B3E EF                 3744 	mov	a,r7
   0B3F F2                 3745 	movx	@r0,a
                    0B40   3746 	C$slave_wixel_track.c$528$2$5 ==.
                           3747 ;	apps/slave_wixel_track/slave_wixel_track.c:528: lastTargetX = targetX;
   0B40 78r1B              3748 	mov	r0,#_targetX
   0B42 E2                 3749 	movx	a,@r0
   0B43 FE                 3750 	mov	r6,a
   0B44 08                 3751 	inc	r0
   0B45 E2                 3752 	movx	a,@r0
   0B46 FF                 3753 	mov	r7,a
   0B47 78r1D              3754 	mov	r0,#_lastTargetX
   0B49 EE                 3755 	mov	a,r6
   0B4A F2                 3756 	movx	@r0,a
   0B4B 08                 3757 	inc	r0
   0B4C EF                 3758 	mov	a,r7
   0B4D F2                 3759 	movx	@r0,a
                    0B4E   3760 	C$slave_wixel_track.c$529$2$5 ==.
                           3761 ;	apps/slave_wixel_track/slave_wixel_track.c:529: lastTargetY = targetY;
   0B4E 78r1F              3762 	mov	r0,#_targetY
   0B50 E2                 3763 	movx	a,@r0
   0B51 FE                 3764 	mov	r6,a
   0B52 08                 3765 	inc	r0
   0B53 E2                 3766 	movx	a,@r0
   0B54 FF                 3767 	mov	r7,a
   0B55 78r21              3768 	mov	r0,#_lastTargetY
   0B57 EE                 3769 	mov	a,r6
   0B58 F2                 3770 	movx	@r0,a
   0B59 08                 3771 	inc	r0
   0B5A EF                 3772 	mov	a,r7
   0B5B F2                 3773 	movx	@r0,a
                    0B5C   3774 	C$slave_wixel_track.c$530$2$5 ==.
                           3775 ;	apps/slave_wixel_track/slave_wixel_track.c:530: homeSubState = 0;  // Start with rotation
   0B5C 78r97              3776 	mov	r0,#_homeSubState
   0B5E E4                 3777 	clr	a
   0B5F F2                 3778 	movx	@r0,a
   0B60                    3779 00110$:
                    0B60   3780 	C$slave_wixel_track.c$533$1$1 ==.
                           3781 ;	apps/slave_wixel_track/slave_wixel_track.c:533: currentState = STATE_HOME;
   0B60 78r00              3782 	mov	r0,#_currentState
   0B62 74 01              3783 	mov	a,#0x01
   0B64 F2                 3784 	movx	@r0,a
                    0B65   3785 	C$slave_wixel_track.c$534$1$1 ==.
                           3786 ;	apps/slave_wixel_track/slave_wixel_track.c:534: calib_step = 0;
   0B65 78rB1              3787 	mov	r0,#_calib_step
   0B67 E4                 3788 	clr	a
   0B68 F2                 3789 	movx	@r0,a
   0B69                    3790 00111$:
                    0B69   3791 	C$slave_wixel_track.c$535$1$1 ==.
                    0B69   3792 	XG$handleCmdGoTo$0$0 ==.
   0B69 22                 3793 	ret
                           3794 ;------------------------------------------------------------
                           3795 ;Allocation info for local variables in function 'handleCmdPrep'
                           3796 ;------------------------------------------------------------
                    0B6A   3797 	G$handleCmdPrep$0$0 ==.
                    0B6A   3798 	C$slave_wixel_track.c$537$1$1 ==.
                           3799 ;	apps/slave_wixel_track/slave_wixel_track.c:537: void handleCmdPrep(uint8 offset)
                           3800 ;	-----------------------------------------
                           3801 ;	 function handleCmdPrep
                           3802 ;	-----------------------------------------
   0B6A                    3803 _handleCmdPrep:
   0B6A AF 82              3804 	mov	r7,dpl
                    0B6C   3805 	C$slave_wixel_track.c$542$1$1 ==.
                           3806 ;	apps/slave_wixel_track/slave_wixel_track.c:542: if (currentState != STATE_IDLE && currentState != STATE_PREP)
   0B6C 78r00              3807 	mov	r0,#_currentState
   0B6E E2                 3808 	movx	a,@r0
   0B6F 60 0B              3809 	jz	00102$
   0B71 78r00              3810 	mov	r0,#_currentState
   0B73 E2                 3811 	movx	a,@r0
   0B74 B4 03 02           3812 	cjne	a,#0x03,00118$
   0B77 80 03              3813 	sjmp	00102$
   0B79                    3814 00118$:
                    0B79   3815 	C$slave_wixel_track.c$544$2$2 ==.
                           3816 ;	apps/slave_wixel_track/slave_wixel_track.c:544: return;
   0B79 02s0Cr1E           3817 	ljmp	00110$
   0B7C                    3818 00102$:
                    0B7C   3819 	C$slave_wixel_track.c$547$1$1 ==.
                           3820 ;	apps/slave_wixel_track/slave_wixel_track.c:547: if (currentState == STATE_IDLE)
   0B7C 78r00              3821 	mov	r0,#_currentState
   0B7E E2                 3822 	movx	a,@r0
   0B7F 70 09              3823 	jnz	00105$
                    0B81   3824 	C$slave_wixel_track.c$550$2$3 ==.
                           3825 ;	apps/slave_wixel_track/slave_wixel_track.c:550: waypointCount = 0;
   0B81 78r93              3826 	mov	r0,#_waypointCount
   0B83 E4                 3827 	clr	a
   0B84 F2                 3828 	movx	@r0,a
                    0B85   3829 	C$slave_wixel_track.c$551$2$3 ==.
                           3830 ;	apps/slave_wixel_track/slave_wixel_track.c:551: currentState = STATE_PREP;
   0B85 78r00              3831 	mov	r0,#_currentState
   0B87 74 03              3832 	mov	a,#0x03
   0B89 F2                 3833 	movx	@r0,a
   0B8A                    3834 00105$:
                    0B8A   3835 	C$slave_wixel_track.c$556$1$1 ==.
                           3836 ;	apps/slave_wixel_track/slave_wixel_track.c:556: order = rxPacket[offset + 7];
   0B8A 74 07              3837 	mov	a,#0x07
   0B8C 2F                 3838 	add	a,r7
   0B8D 24r00              3839 	add	a,#_rxPacket
   0B8F F5 82              3840 	mov	dpl,a
   0B91 E4                 3841 	clr	a
   0B92 34s00              3842 	addc	a,#(_rxPacket >> 8)
   0B94 F5 83              3843 	mov	dph,a
   0B96 E0                 3844 	movx	a,@dptr
   0B97 FE                 3845 	mov	r6,a
                    0B98   3846 	C$slave_wixel_track.c$557$1$1 ==.
                           3847 ;	apps/slave_wixel_track/slave_wixel_track.c:557: wp_x = (int16)((rxPacket[offset + 8] << 8) | rxPacket[offset + 9]);
   0B98 74 08              3848 	mov	a,#0x08
   0B9A 2F                 3849 	add	a,r7
   0B9B 24r00              3850 	add	a,#_rxPacket
   0B9D F5 82              3851 	mov	dpl,a
   0B9F E4                 3852 	clr	a
   0BA0 34s00              3853 	addc	a,#(_rxPacket >> 8)
   0BA2 F5 83              3854 	mov	dph,a
   0BA4 E0                 3855 	movx	a,@dptr
   0BA5 FC                 3856 	mov	r4,a
   0BA6 7D 00              3857 	mov	r5,#0x00
   0BA8 74 09              3858 	mov	a,#0x09
   0BAA 2F                 3859 	add	a,r7
   0BAB 24r00              3860 	add	a,#_rxPacket
   0BAD F5 82              3861 	mov	dpl,a
   0BAF E4                 3862 	clr	a
   0BB0 34s00              3863 	addc	a,#(_rxPacket >> 8)
   0BB2 F5 83              3864 	mov	dph,a
   0BB4 E0                 3865 	movx	a,@dptr
   0BB5 FB                 3866 	mov	r3,a
   0BB6 7A 00              3867 	mov	r2,#0x00
   0BB8 78rD8              3868 	mov	r0,#_handleCmdPrep_wp_x_1_1
   0BBA EB                 3869 	mov	a,r3
   0BBB 4D                 3870 	orl	a,r5
   0BBC F2                 3871 	movx	@r0,a
   0BBD EA                 3872 	mov	a,r2
   0BBE 4C                 3873 	orl	a,r4
   0BBF 08                 3874 	inc	r0
   0BC0 F2                 3875 	movx	@r0,a
                    0BC1   3876 	C$slave_wixel_track.c$558$1$1 ==.
                           3877 ;	apps/slave_wixel_track/slave_wixel_track.c:558: wp_y = (int16)((rxPacket[offset + 10] << 8) | rxPacket[offset + 11]);
   0BC1 74 0A              3878 	mov	a,#0x0A
   0BC3 2F                 3879 	add	a,r7
   0BC4 24r00              3880 	add	a,#_rxPacket
   0BC6 F5 82              3881 	mov	dpl,a
   0BC8 E4                 3882 	clr	a
   0BC9 34s00              3883 	addc	a,#(_rxPacket >> 8)
   0BCB F5 83              3884 	mov	dph,a
   0BCD E0                 3885 	movx	a,@dptr
   0BCE FA                 3886 	mov	r2,a
   0BCF 7B 00              3887 	mov	r3,#0x00
   0BD1 74 0B              3888 	mov	a,#0x0B
   0BD3 2F                 3889 	add	a,r7
   0BD4 24r00              3890 	add	a,#_rxPacket
   0BD6 F5 82              3891 	mov	dpl,a
   0BD8 E4                 3892 	clr	a
   0BD9 34s00              3893 	addc	a,#(_rxPacket >> 8)
   0BDB F5 83              3894 	mov	dph,a
   0BDD E0                 3895 	movx	a,@dptr
   0BDE FD                 3896 	mov	r5,a
   0BDF 7F 00              3897 	mov	r7,#0x00
   0BE1 EB                 3898 	mov	a,r3
   0BE2 42 05              3899 	orl	ar5,a
   0BE4 EA                 3900 	mov	a,r2
   0BE5 42 07              3901 	orl	ar7,a
                    0BE7   3902 	C$slave_wixel_track.c$561$1$1 ==.
                           3903 ;	apps/slave_wixel_track/slave_wixel_track.c:561: if (order < MAX_WAYPOINTS)
   0BE7 BE 14 00           3904 	cjne	r6,#0x14,00120$
   0BEA                    3905 00120$:
   0BEA 50 32              3906 	jnc	00110$
                    0BEC   3907 	C$slave_wixel_track.c$564$2$4 ==.
                           3908 ;	apps/slave_wixel_track/slave_wixel_track.c:564: waypoints[order].order = order;
   0BEC EE                 3909 	mov	a,r6
   0BED 75 F0 05           3910 	mov	b,#0x05
   0BF0 A4                 3911 	mul	ab
   0BF1 FC                 3912 	mov	r4,a
   0BF2 24r2F              3913 	add	a,#_waypoints
   0BF4 F9                 3914 	mov	r1,a
   0BF5 EE                 3915 	mov	a,r6
   0BF6 F3                 3916 	movx	@r1,a
                    0BF7   3917 	C$slave_wixel_track.c$565$2$4 ==.
                           3918 ;	apps/slave_wixel_track/slave_wixel_track.c:565: waypoints[order].x = wp_x;
   0BF7 EC                 3919 	mov	a,r4
   0BF8 24r2F              3920 	add	a,#_waypoints
   0BFA FC                 3921 	mov	r4,a
   0BFB 04                 3922 	inc	a
   0BFC F9                 3923 	mov	r1,a
   0BFD 78rD8              3924 	mov	r0,#_handleCmdPrep_wp_x_1_1
   0BFF E2                 3925 	movx	a,@r0
   0C00 F3                 3926 	movx	@r1,a
   0C01 09                 3927 	inc	r1
   0C02 08                 3928 	inc	r0
   0C03 E2                 3929 	movx	a,@r0
   0C04 F3                 3930 	movx	@r1,a
                    0C05   3931 	C$slave_wixel_track.c$566$2$4 ==.
                           3932 ;	apps/slave_wixel_track/slave_wixel_track.c:566: waypoints[order].y = wp_y;
   0C05 74 03              3933 	mov	a,#0x03
   0C07 2C                 3934 	add	a,r4
   0C08 F9                 3935 	mov	r1,a
   0C09 ED                 3936 	mov	a,r5
   0C0A F3                 3937 	movx	@r1,a
   0C0B 09                 3938 	inc	r1
   0C0C EF                 3939 	mov	a,r7
   0C0D F3                 3940 	movx	@r1,a
                    0C0E   3941 	C$slave_wixel_track.c$569$2$4 ==.
                           3942 ;	apps/slave_wixel_track/slave_wixel_track.c:569: if (order >= waypointCount)
   0C0E 78r93              3943 	mov	r0,#_waypointCount
   0C10 C3                 3944 	clr	c
   0C11 E2                 3945 	movx	a,@r0
   0C12 F5 F0              3946 	mov	b,a
   0C14 EE                 3947 	mov	a,r6
   0C15 95 F0              3948 	subb	a,b
   0C17 40 05              3949 	jc	00110$
                    0C19   3950 	C$slave_wixel_track.c$570$2$4 ==.
                           3951 ;	apps/slave_wixel_track/slave_wixel_track.c:570: waypointCount = order + 1;
   0C19 78r93              3952 	mov	r0,#_waypointCount
   0C1B EE                 3953 	mov	a,r6
   0C1C 04                 3954 	inc	a
   0C1D F2                 3955 	movx	@r0,a
   0C1E                    3956 00110$:
                    0C1E   3957 	C$slave_wixel_track.c$572$1$1 ==.
                    0C1E   3958 	XG$handleCmdPrep$0$0 ==.
   0C1E 22                 3959 	ret
                           3960 ;------------------------------------------------------------
                           3961 ;Allocation info for local variables in function 'handleCmdRun'
                           3962 ;------------------------------------------------------------
                    0C1F   3963 	G$handleCmdRun$0$0 ==.
                    0C1F   3964 	C$slave_wixel_track.c$574$1$1 ==.
                           3965 ;	apps/slave_wixel_track/slave_wixel_track.c:574: void handleCmdRun()
                           3966 ;	-----------------------------------------
                           3967 ;	 function handleCmdRun
                           3968 ;	-----------------------------------------
   0C1F                    3969 _handleCmdRun:
                    0C1F   3970 	C$slave_wixel_track.c$576$1$1 ==.
                           3971 ;	apps/slave_wixel_track/slave_wixel_track.c:576: if (currentState != STATE_PREP)
   0C1F 78r00              3972 	mov	r0,#_currentState
   0C21 E2                 3973 	movx	a,@r0
                    0C22   3974 	C$slave_wixel_track.c$578$2$2 ==.
                           3975 ;	apps/slave_wixel_track/slave_wixel_track.c:578: return;
   0C22 B4 03 29           3976 	cjne	a,#0x03,00105$
                    0C25   3977 	C$slave_wixel_track.c$581$1$1 ==.
                           3978 ;	apps/slave_wixel_track/slave_wixel_track.c:581: if (waypointCount > 0)
   0C25 78r93              3979 	mov	r0,#_waypointCount
   0C27 E2                 3980 	movx	a,@r0
   0C28 60 24              3981 	jz	00105$
                    0C2A   3982 	C$slave_wixel_track.c$583$2$3 ==.
                           3983 ;	apps/slave_wixel_track/slave_wixel_track.c:583: currentState = STATE_RUN;
   0C2A 78r00              3984 	mov	r0,#_currentState
   0C2C 74 02              3985 	mov	a,#0x02
   0C2E F2                 3986 	movx	@r0,a
                    0C2F   3987 	C$slave_wixel_track.c$584$2$3 ==.
                           3988 ;	apps/slave_wixel_track/slave_wixel_track.c:584: currentWaypointIndex = 0;
   0C2F 78r95              3989 	mov	r0,#_currentWaypointIndex
   0C31 E4                 3990 	clr	a
   0C32 F2                 3991 	movx	@r0,a
                    0C33   3992 	C$slave_wixel_track.c$585$2$3 ==.
                           3993 ;	apps/slave_wixel_track/slave_wixel_track.c:585: runSubState = 0;  // Start with rotation
   0C33 78r96              3994 	mov	r0,#_runSubState
   0C35 E4                 3995 	clr	a
   0C36 F2                 3996 	movx	@r0,a
                    0C37   3997 	C$slave_wixel_track.c$586$2$3 ==.
                           3998 ;	apps/slave_wixel_track/slave_wixel_track.c:586: stateStartTime = (uint32)getMs();
   0C37 12s00r00           3999 	lcall	_getMs
   0C3A AC 82              4000 	mov	r4,dpl
   0C3C AD 83              4001 	mov	r5,dph
   0C3E AE F0              4002 	mov	r6,b
   0C40 FF                 4003 	mov	r7,a
   0C41 78r23              4004 	mov	r0,#_stateStartTime
   0C43 EC                 4005 	mov	a,r4
   0C44 F2                 4006 	movx	@r0,a
   0C45 08                 4007 	inc	r0
   0C46 ED                 4008 	mov	a,r5
   0C47 F2                 4009 	movx	@r0,a
   0C48 08                 4010 	inc	r0
   0C49 EE                 4011 	mov	a,r6
   0C4A F2                 4012 	movx	@r0,a
   0C4B 08                 4013 	inc	r0
   0C4C EF                 4014 	mov	a,r7
   0C4D F2                 4015 	movx	@r0,a
   0C4E                    4016 00105$:
                    0C4E   4017 	C$slave_wixel_track.c$588$2$1 ==.
                    0C4E   4018 	XG$handleCmdRun$0$0 ==.
   0C4E 22                 4019 	ret
                           4020 ;------------------------------------------------------------
                           4021 ;Allocation info for local variables in function 'executeManualPwm'
                           4022 ;------------------------------------------------------------
                    0C4F   4023 	G$executeManualPwm$0$0 ==.
                    0C4F   4024 	C$slave_wixel_track.c$590$2$1 ==.
                           4025 ;	apps/slave_wixel_track/slave_wixel_track.c:590: void executeManualPwm()
                           4026 ;	-----------------------------------------
                           4027 ;	 function executeManualPwm
                           4028 ;	-----------------------------------------
   0C4F                    4029 _executeManualPwm:
                    0C4F   4030 	C$slave_wixel_track.c$592$1$1 ==.
                           4031 ;	apps/slave_wixel_track/slave_wixel_track.c:592: P1_2 = 0; P1_1 = 0; P1_7 = 1;
   0C4F C2 92              4032 	clr	_P1_2
   0C51 C2 91              4033 	clr	_P1_1
   0C53 D2 97              4034 	setb	_P1_7
                    0C55   4035 	C$slave_wixel_track.c$593$1$1 ==.
                           4036 ;	apps/slave_wixel_track/slave_wixel_track.c:593: delayMs(100);
   0C55 90 00 64           4037 	mov	dptr,#0x0064
   0C58 12s00r00           4038 	lcall	_delayMs
                    0C5B   4039 	C$slave_wixel_track.c$594$1$1 ==.
                           4040 ;	apps/slave_wixel_track/slave_wixel_track.c:594: P1_2 = 1; P1_1 = 1; P1_7 = 1;
   0C5B D2 92              4041 	setb	_P1_2
   0C5D D2 91              4042 	setb	_P1_1
   0C5F D2 97              4043 	setb	_P1_7
                    0C61   4044 	C$slave_wixel_track.c$596$1$1 ==.
                           4045 ;	apps/slave_wixel_track/slave_wixel_track.c:596: pwm_left = manualPwmLeft;
   0C61 78r2B              4046 	mov	r0,#_manualPwmLeft
   0C63 E2                 4047 	movx	a,@r0
   0C64 FE                 4048 	mov	r6,a
   0C65 08                 4049 	inc	r0
   0C66 E2                 4050 	movx	a,@r0
   0C67 FF                 4051 	mov	r7,a
   0C68 78r27              4052 	mov	r0,#_pwm_left
   0C6A EE                 4053 	mov	a,r6
   0C6B F2                 4054 	movx	@r0,a
   0C6C 08                 4055 	inc	r0
   0C6D EF                 4056 	mov	a,r7
   0C6E F2                 4057 	movx	@r0,a
                    0C6F   4058 	C$slave_wixel_track.c$597$1$1 ==.
                           4059 ;	apps/slave_wixel_track/slave_wixel_track.c:597: pwm_right = manualPwmRight;
   0C6F 78r2D              4060 	mov	r0,#_manualPwmRight
   0C71 E2                 4061 	movx	a,@r0
   0C72 FE                 4062 	mov	r6,a
   0C73 08                 4063 	inc	r0
   0C74 E2                 4064 	movx	a,@r0
   0C75 FF                 4065 	mov	r7,a
   0C76 78r29              4066 	mov	r0,#_pwm_right
   0C78 EE                 4067 	mov	a,r6
   0C79 F2                 4068 	movx	@r0,a
   0C7A 08                 4069 	inc	r0
   0C7B EF                 4070 	mov	a,r7
   0C7C F2                 4071 	movx	@r0,a
                    0C7D   4072 	C$slave_wixel_track.c$598$1$1 ==.
                           4073 ;	apps/slave_wixel_track/slave_wixel_track.c:598: setMotorsPWM();
   0C7D 12s08r2B           4074 	lcall	_setMotorsPWM
                    0C80   4075 	C$slave_wixel_track.c$599$1$1 ==.
                           4076 ;	apps/slave_wixel_track/slave_wixel_track.c:599: delayMs(2000);
   0C80 90 07 D0           4077 	mov	dptr,#0x07D0
   0C83 12s00r00           4078 	lcall	_delayMs
                    0C86   4079 	C$slave_wixel_track.c$601$1$1 ==.
                           4080 ;	apps/slave_wixel_track/slave_wixel_track.c:601: stopMotors();
   0C86 12s08r62           4081 	lcall	_stopMotors
                    0C89   4082 	C$slave_wixel_track.c$602$1$1 ==.
                           4083 ;	apps/slave_wixel_track/slave_wixel_track.c:602: manualPwmLeft = 0;
   0C89 78r2B              4084 	mov	r0,#_manualPwmLeft
   0C8B E4                 4085 	clr	a
   0C8C F2                 4086 	movx	@r0,a
   0C8D 08                 4087 	inc	r0
   0C8E F2                 4088 	movx	@r0,a
                    0C8F   4089 	C$slave_wixel_track.c$603$1$1 ==.
                           4090 ;	apps/slave_wixel_track/slave_wixel_track.c:603: manualPwmRight = 0;
   0C8F 78r2D              4091 	mov	r0,#_manualPwmRight
   0C91 E4                 4092 	clr	a
   0C92 F2                 4093 	movx	@r0,a
   0C93 08                 4094 	inc	r0
   0C94 F2                 4095 	movx	@r0,a
                    0C95   4096 	C$slave_wixel_track.c$605$1$1 ==.
                           4097 ;	apps/slave_wixel_track/slave_wixel_track.c:605: P1_2 = 0; P1_1 = 0; P1_7 = 1;
   0C95 C2 92              4098 	clr	_P1_2
   0C97 C2 91              4099 	clr	_P1_1
   0C99 D2 97              4100 	setb	_P1_7
                    0C9B   4101 	C$slave_wixel_track.c$606$1$1 ==.
                           4102 ;	apps/slave_wixel_track/slave_wixel_track.c:606: delayMs(100);
   0C9B 90 00 64           4103 	mov	dptr,#0x0064
   0C9E 12s00r00           4104 	lcall	_delayMs
                    0CA1   4105 	C$slave_wixel_track.c$607$1$1 ==.
                           4106 ;	apps/slave_wixel_track/slave_wixel_track.c:607: P1_2 = 1; P1_1 = 1; P1_7 = 1;
   0CA1 D2 92              4107 	setb	_P1_2
   0CA3 D2 91              4108 	setb	_P1_1
   0CA5 D2 97              4109 	setb	_P1_7
                    0CA7   4110 	C$slave_wixel_track.c$609$1$1 ==.
                           4111 ;	apps/slave_wixel_track/slave_wixel_track.c:609: pwm_left = 0;
   0CA7 78r27              4112 	mov	r0,#_pwm_left
   0CA9 E4                 4113 	clr	a
   0CAA F2                 4114 	movx	@r0,a
   0CAB 08                 4115 	inc	r0
   0CAC F2                 4116 	movx	@r0,a
                    0CAD   4117 	C$slave_wixel_track.c$610$1$1 ==.
                           4118 ;	apps/slave_wixel_track/slave_wixel_track.c:610: pwm_right = 0;
   0CAD 78r29              4119 	mov	r0,#_pwm_right
   0CAF E4                 4120 	clr	a
   0CB0 F2                 4121 	movx	@r0,a
   0CB1 08                 4122 	inc	r0
   0CB2 F2                 4123 	movx	@r0,a
                    0CB3   4124 	C$slave_wixel_track.c$611$1$1 ==.
                           4125 ;	apps/slave_wixel_track/slave_wixel_track.c:611: currentState = STATE_IDLE;
   0CB3 78r00              4126 	mov	r0,#_currentState
   0CB5 E4                 4127 	clr	a
   0CB6 F2                 4128 	movx	@r0,a
                    0CB7   4129 	C$slave_wixel_track.c$612$1$1 ==.
                    0CB7   4130 	XG$executeManualPwm$0$0 ==.
   0CB7 22                 4131 	ret
                           4132 ;------------------------------------------------------------
                           4133 ;Allocation info for local variables in function 'handleCmdAux'
                           4134 ;------------------------------------------------------------
                    0CB8   4135 	G$handleCmdAux$0$0 ==.
                    0CB8   4136 	C$slave_wixel_track.c$614$1$1 ==.
                           4137 ;	apps/slave_wixel_track/slave_wixel_track.c:614: void handleCmdAux(uint8 offset)
                           4138 ;	-----------------------------------------
                           4139 ;	 function handleCmdAux
                           4140 ;	-----------------------------------------
   0CB8                    4141 _handleCmdAux:
   0CB8 AF 82              4142 	mov	r7,dpl
                    0CBA   4143 	C$slave_wixel_track.c$616$1$1 ==.
                           4144 ;	apps/slave_wixel_track/slave_wixel_track.c:616: uint8 auxSubCmd = rxPacket[offset + 7];
   0CBA 74 07              4145 	mov	a,#0x07
   0CBC 2F                 4146 	add	a,r7
   0CBD 24r00              4147 	add	a,#_rxPacket
   0CBF F5 82              4148 	mov	dpl,a
   0CC1 E4                 4149 	clr	a
   0CC2 34s00              4150 	addc	a,#(_rxPacket >> 8)
   0CC4 F5 83              4151 	mov	dph,a
   0CC6 E0                 4152 	movx	a,@dptr
   0CC7 FE                 4153 	mov	r6,a
                    0CC8   4154 	C$slave_wixel_track.c$617$1$1 ==.
                           4155 ;	apps/slave_wixel_track/slave_wixel_track.c:617: switch(auxSubCmd)
   0CC8 BE 1F 61           4156 	cjne	r6,#0x1F,00105$
                    0CCB   4157 	C$slave_wixel_track.c$623$2$2 ==.
                           4158 ;	apps/slave_wixel_track/slave_wixel_track.c:623: currentState = STATE_IDLE;
   0CCB 78r00              4159 	mov	r0,#_currentState
   0CCD E4                 4160 	clr	a
   0CCE F2                 4161 	movx	@r0,a
                    0CCF   4162 	C$slave_wixel_track.c$624$2$2 ==.
                           4163 ;	apps/slave_wixel_track/slave_wixel_track.c:624: calib_step = 0;
   0CCF 78rB1              4164 	mov	r0,#_calib_step
   0CD1 E4                 4165 	clr	a
   0CD2 F2                 4166 	movx	@r0,a
                    0CD3   4167 	C$slave_wixel_track.c$625$2$2 ==.
                           4168 ;	apps/slave_wixel_track/slave_wixel_track.c:625: manualPwmLeft = (int16)((rxPacket[offset + 8] << 8) | rxPacket[offset + 9]);
   0CD3 74 08              4169 	mov	a,#0x08
   0CD5 2F                 4170 	add	a,r7
   0CD6 24r00              4171 	add	a,#_rxPacket
   0CD8 F5 82              4172 	mov	dpl,a
   0CDA E4                 4173 	clr	a
   0CDB 34s00              4174 	addc	a,#(_rxPacket >> 8)
   0CDD F5 83              4175 	mov	dph,a
   0CDF E0                 4176 	movx	a,@dptr
   0CE0 FD                 4177 	mov	r5,a
   0CE1 7E 00              4178 	mov	r6,#0x00
   0CE3 74 09              4179 	mov	a,#0x09
   0CE5 2F                 4180 	add	a,r7
   0CE6 24r00              4181 	add	a,#_rxPacket
   0CE8 F5 82              4182 	mov	dpl,a
   0CEA E4                 4183 	clr	a
   0CEB 34s00              4184 	addc	a,#(_rxPacket >> 8)
   0CED F5 83              4185 	mov	dph,a
   0CEF E0                 4186 	movx	a,@dptr
   0CF0 7B 00              4187 	mov	r3,#0x00
   0CF2 42 06              4188 	orl	ar6,a
   0CF4 EB                 4189 	mov	a,r3
   0CF5 42 05              4190 	orl	ar5,a
   0CF7 78r2B              4191 	mov	r0,#_manualPwmLeft
   0CF9 EE                 4192 	mov	a,r6
   0CFA F2                 4193 	movx	@r0,a
   0CFB 08                 4194 	inc	r0
   0CFC ED                 4195 	mov	a,r5
   0CFD F2                 4196 	movx	@r0,a
                    0CFE   4197 	C$slave_wixel_track.c$626$2$2 ==.
                           4198 ;	apps/slave_wixel_track/slave_wixel_track.c:626: manualPwmRight = (int16)((rxPacket[offset + 10] << 8) | rxPacket[offset + 11]);
   0CFE 74 0A              4199 	mov	a,#0x0A
   0D00 2F                 4200 	add	a,r7
   0D01 24r00              4201 	add	a,#_rxPacket
   0D03 F5 82              4202 	mov	dpl,a
   0D05 E4                 4203 	clr	a
   0D06 34s00              4204 	addc	a,#(_rxPacket >> 8)
   0D08 F5 83              4205 	mov	dph,a
   0D0A E0                 4206 	movx	a,@dptr
   0D0B FD                 4207 	mov	r5,a
   0D0C 7E 00              4208 	mov	r6,#0x00
   0D0E 74 0B              4209 	mov	a,#0x0B
   0D10 2F                 4210 	add	a,r7
   0D11 24r00              4211 	add	a,#_rxPacket
   0D13 F5 82              4212 	mov	dpl,a
   0D15 E4                 4213 	clr	a
   0D16 34s00              4214 	addc	a,#(_rxPacket >> 8)
   0D18 F5 83              4215 	mov	dph,a
   0D1A E0                 4216 	movx	a,@dptr
   0D1B 7C 00              4217 	mov	r4,#0x00
   0D1D 42 06              4218 	orl	ar6,a
   0D1F EC                 4219 	mov	a,r4
   0D20 42 05              4220 	orl	ar5,a
   0D22 78r2D              4221 	mov	r0,#_manualPwmRight
   0D24 EE                 4222 	mov	a,r6
   0D25 F2                 4223 	movx	@r0,a
   0D26 08                 4224 	inc	r0
   0D27 ED                 4225 	mov	a,r5
   0D28 F2                 4226 	movx	@r0,a
                    0D29   4227 	C$slave_wixel_track.c$627$2$2 ==.
                           4228 ;	apps/slave_wixel_track/slave_wixel_track.c:627: executeManualPwm();
   0D29 12s0Cr4F           4229 	lcall	_executeManualPwm
                    0D2C   4230 	C$slave_wixel_track.c$632$1$1 ==.
                           4231 ;	apps/slave_wixel_track/slave_wixel_track.c:632: }
   0D2C                    4232 00105$:
                    0D2C   4233 	C$slave_wixel_track.c$633$1$1 ==.
                    0D2C   4234 	XG$handleCmdAux$0$0 ==.
   0D2C 22                 4235 	ret
                           4236 ;------------------------------------------------------------
                           4237 ;Allocation info for local variables in function 'handleCmdCalibrate'
                           4238 ;------------------------------------------------------------
                    0D2D   4239 	G$handleCmdCalibrate$0$0 ==.
                    0D2D   4240 	C$slave_wixel_track.c$635$1$1 ==.
                           4241 ;	apps/slave_wixel_track/slave_wixel_track.c:635: void handleCmdCalibrate()
                           4242 ;	-----------------------------------------
                           4243 ;	 function handleCmdCalibrate
                           4244 ;	-----------------------------------------
   0D2D                    4245 _handleCmdCalibrate:
                    0D2D   4246 	C$slave_wixel_track.c$637$1$1 ==.
                           4247 ;	apps/slave_wixel_track/slave_wixel_track.c:637: currentState = STATE_CALIBRATE_VALIDATE;
   0D2D 78r00              4248 	mov	r0,#_currentState
   0D2F 74 10              4249 	mov	a,#0x10
   0D31 F2                 4250 	movx	@r0,a
                    0D32   4251 	C$slave_wixel_track.c$638$1$1 ==.
                           4252 ;	apps/slave_wixel_track/slave_wixel_track.c:638: updateRgbLeds();
   0D32 12s08rFA           4253 	lcall	_updateRgbLeds
                    0D35   4254 	C$slave_wixel_track.c$640$1$1 ==.
                           4255 ;	apps/slave_wixel_track/slave_wixel_track.c:640: if (calib_step == 0)
   0D35 78rB1              4256 	mov	r0,#_calib_step
   0D37 E2                 4257 	movx	a,@r0
   0D38 70 6D              4258 	jnz	00107$
                    0D3A   4259 	C$slave_wixel_track.c$642$2$2 ==.
                           4260 ;	apps/slave_wixel_track/slave_wixel_track.c:642: orientationOffset = 0;
   0D3A 78rAB              4261 	mov	r0,#_orientationOffset
   0D3C E4                 4262 	clr	a
   0D3D F2                 4263 	movx	@r0,a
   0D3E 08                 4264 	inc	r0
   0D3F F2                 4265 	movx	@r0,a
                    0D40   4266 	C$slave_wixel_track.c$643$2$2 ==.
                           4267 ;	apps/slave_wixel_track/slave_wixel_track.c:643: stopMotors();
   0D40 12s08r62           4268 	lcall	_stopMotors
                    0D43   4269 	C$slave_wixel_track.c$645$2$2 ==.
                           4270 ;	apps/slave_wixel_track/slave_wixel_track.c:645: calData.xa = posX; calData.ya = posY; 
   0D43 78r99              4271 	mov	r0,#_calData
   0D45 79r0F              4272 	mov	r1,#_posX
   0D47 E3                 4273 	movx	a,@r1
   0D48 F2                 4274 	movx	@r0,a
   0D49 08                 4275 	inc	r0
   0D4A 09                 4276 	inc	r1
   0D4B E3                 4277 	movx	a,@r1
   0D4C F2                 4278 	movx	@r0,a
   0D4D 78r9B              4279 	mov	r0,#(_calData + 0x0002)
   0D4F 79r11              4280 	mov	r1,#_posY
   0D51 E3                 4281 	movx	a,@r1
   0D52 F2                 4282 	movx	@r0,a
   0D53 08                 4283 	inc	r0
   0D54 09                 4284 	inc	r1
   0D55 E3                 4285 	movx	a,@r1
   0D56 F2                 4286 	movx	@r0,a
                    0D57   4287 	C$slave_wixel_track.c$646$2$2 ==.
                           4288 ;	apps/slave_wixel_track/slave_wixel_track.c:646: calData.thetaa = posTheta - orientationOffset;
   0D57 78r13              4289 	mov	r0,#_posTheta
   0D59 79rAB              4290 	mov	r1,#_orientationOffset
   0D5B E3                 4291 	movx	a,@r1
   0D5C F5 F0              4292 	mov	b,a
   0D5E C3                 4293 	clr	c
   0D5F E2                 4294 	movx	a,@r0
   0D60 95 F0              4295 	subb	a,b
   0D62 FE                 4296 	mov	r6,a
   0D63 09                 4297 	inc	r1
   0D64 E3                 4298 	movx	a,@r1
   0D65 F5 F0              4299 	mov	b,a
   0D67 08                 4300 	inc	r0
   0D68 E2                 4301 	movx	a,@r0
   0D69 95 F0              4302 	subb	a,b
   0D6B FF                 4303 	mov	r7,a
   0D6C 78r9D              4304 	mov	r0,#(_calData + 0x0004)
   0D6E EE                 4305 	mov	a,r6
   0D6F F2                 4306 	movx	@r0,a
   0D70 08                 4307 	inc	r0
   0D71 EF                 4308 	mov	a,r7
   0D72 F2                 4309 	movx	@r0,a
                    0D73   4310 	C$slave_wixel_track.c$648$2$2 ==.
                           4311 ;	apps/slave_wixel_track/slave_wixel_track.c:648: pwm_left = 70;
   0D73 78r27              4312 	mov	r0,#_pwm_left
   0D75 74 46              4313 	mov	a,#0x46
   0D77 F2                 4314 	movx	@r0,a
   0D78 08                 4315 	inc	r0
   0D79 E4                 4316 	clr	a
   0D7A F2                 4317 	movx	@r0,a
                    0D7B   4318 	C$slave_wixel_track.c$649$2$2 ==.
                           4319 ;	apps/slave_wixel_track/slave_wixel_track.c:649: pwm_right = 70;
   0D7B 78r29              4320 	mov	r0,#_pwm_right
   0D7D 74 46              4321 	mov	a,#0x46
   0D7F F2                 4322 	movx	@r0,a
   0D80 08                 4323 	inc	r0
   0D81 E4                 4324 	clr	a
   0D82 F2                 4325 	movx	@r0,a
                    0D83   4326 	C$slave_wixel_track.c$650$2$2 ==.
                           4327 ;	apps/slave_wixel_track/slave_wixel_track.c:650: setMotorsPWM();
   0D83 12s08r2B           4328 	lcall	_setMotorsPWM
                    0D86   4329 	C$slave_wixel_track.c$651$2$2 ==.
                           4330 ;	apps/slave_wixel_track/slave_wixel_track.c:651: delayMs(3000);
   0D86 90 0B B8           4331 	mov	dptr,#0x0BB8
   0D89 12s00r00           4332 	lcall	_delayMs
                    0D8C   4333 	C$slave_wixel_track.c$652$2$2 ==.
                           4334 ;	apps/slave_wixel_track/slave_wixel_track.c:652: stopMotors();
   0D8C 12s08r62           4335 	lcall	_stopMotors
                    0D8F   4336 	C$slave_wixel_track.c$653$2$2 ==.
                           4337 ;	apps/slave_wixel_track/slave_wixel_track.c:653: pwm_left = 0;
   0D8F 78r27              4338 	mov	r0,#_pwm_left
   0D91 E4                 4339 	clr	a
   0D92 F2                 4340 	movx	@r0,a
   0D93 08                 4341 	inc	r0
   0D94 F2                 4342 	movx	@r0,a
                    0D95   4343 	C$slave_wixel_track.c$654$2$2 ==.
                           4344 ;	apps/slave_wixel_track/slave_wixel_track.c:654: pwm_right = 0;
   0D95 78r29              4345 	mov	r0,#_pwm_right
   0D97 E4                 4346 	clr	a
   0D98 F2                 4347 	movx	@r0,a
   0D99 08                 4348 	inc	r0
   0D9A F2                 4349 	movx	@r0,a
                    0D9B   4350 	C$slave_wixel_track.c$656$2$2 ==.
                           4351 ;	apps/slave_wixel_track/slave_wixel_track.c:656: calib_step = 1;
   0D9B 78rB1              4352 	mov	r0,#_calib_step
   0D9D 74 01              4353 	mov	a,#0x01
   0D9F F2                 4354 	movx	@r0,a
                    0DA0   4355 	C$slave_wixel_track.c$657$2$2 ==.
                           4356 ;	apps/slave_wixel_track/slave_wixel_track.c:657: currentState = STATE_IDLE;
   0DA0 78r00              4357 	mov	r0,#_currentState
   0DA2 E4                 4358 	clr	a
   0DA3 F2                 4359 	movx	@r0,a
   0DA4 02s0Er58           4360 	ljmp	00109$
   0DA7                    4361 00107$:
                    0DA7   4362 	C$slave_wixel_track.c$659$1$1 ==.
                           4363 ;	apps/slave_wixel_track/slave_wixel_track.c:659: else if (calib_step == 1)
   0DA7 78rB1              4364 	mov	r0,#_calib_step
   0DA9 E2                 4365 	movx	a,@r0
   0DAA B4 01 55           4366 	cjne	a,#0x01,00104$
                    0DAD   4367 	C$slave_wixel_track.c$661$2$3 ==.
                           4368 ;	apps/slave_wixel_track/slave_wixel_track.c:661: stopMotors();
   0DAD 12s08r62           4369 	lcall	_stopMotors
                    0DB0   4370 	C$slave_wixel_track.c$663$2$3 ==.
                           4371 ;	apps/slave_wixel_track/slave_wixel_track.c:663: calData.xb = posX; calData.yb = posY; calData.thetab = posTheta;
   0DB0 78r9F              4372 	mov	r0,#(_calData + 0x0006)
   0DB2 79r0F              4373 	mov	r1,#_posX
   0DB4 E3                 4374 	movx	a,@r1
   0DB5 F2                 4375 	movx	@r0,a
   0DB6 08                 4376 	inc	r0
   0DB7 09                 4377 	inc	r1
   0DB8 E3                 4378 	movx	a,@r1
   0DB9 F2                 4379 	movx	@r0,a
   0DBA 78rA1              4380 	mov	r0,#(_calData + 0x0008)
   0DBC 79r11              4381 	mov	r1,#_posY
   0DBE E3                 4382 	movx	a,@r1
   0DBF F2                 4383 	movx	@r0,a
   0DC0 08                 4384 	inc	r0
   0DC1 09                 4385 	inc	r1
   0DC2 E3                 4386 	movx	a,@r1
   0DC3 F2                 4387 	movx	@r0,a
   0DC4 78rA3              4388 	mov	r0,#(_calData + 0x000a)
   0DC6 79r13              4389 	mov	r1,#_posTheta
   0DC8 E3                 4390 	movx	a,@r1
   0DC9 F2                 4391 	movx	@r0,a
   0DCA 08                 4392 	inc	r0
   0DCB 09                 4393 	inc	r1
   0DCC E3                 4394 	movx	a,@r1
   0DCD F2                 4395 	movx	@r0,a
                    0DCE   4396 	C$slave_wixel_track.c$665$2$3 ==.
                           4397 ;	apps/slave_wixel_track/slave_wixel_track.c:665: pwm_left = -60;
   0DCE 78r27              4398 	mov	r0,#_pwm_left
   0DD0 74 C4              4399 	mov	a,#0xC4
   0DD2 F2                 4400 	movx	@r0,a
   0DD3 08                 4401 	inc	r0
   0DD4 74 FF              4402 	mov	a,#0xFF
   0DD6 F2                 4403 	movx	@r0,a
                    0DD7   4404 	C$slave_wixel_track.c$666$2$3 ==.
                           4405 ;	apps/slave_wixel_track/slave_wixel_track.c:666: pwm_right = 60;
   0DD7 78r29              4406 	mov	r0,#_pwm_right
   0DD9 74 3C              4407 	mov	a,#0x3C
   0DDB F2                 4408 	movx	@r0,a
   0DDC 08                 4409 	inc	r0
   0DDD E4                 4410 	clr	a
   0DDE F2                 4411 	movx	@r0,a
                    0DDF   4412 	C$slave_wixel_track.c$667$2$3 ==.
                           4413 ;	apps/slave_wixel_track/slave_wixel_track.c:667: setMotorsPWM();
   0DDF 12s08r2B           4414 	lcall	_setMotorsPWM
                    0DE2   4415 	C$slave_wixel_track.c$668$2$3 ==.
                           4416 ;	apps/slave_wixel_track/slave_wixel_track.c:668: delayMs(2000);
   0DE2 90 07 D0           4417 	mov	dptr,#0x07D0
   0DE5 12s00r00           4418 	lcall	_delayMs
                    0DE8   4419 	C$slave_wixel_track.c$669$2$3 ==.
                           4420 ;	apps/slave_wixel_track/slave_wixel_track.c:669: stopMotors();
   0DE8 12s08r62           4421 	lcall	_stopMotors
                    0DEB   4422 	C$slave_wixel_track.c$670$2$3 ==.
                           4423 ;	apps/slave_wixel_track/slave_wixel_track.c:670: pwm_left = 0;
   0DEB 78r27              4424 	mov	r0,#_pwm_left
   0DED E4                 4425 	clr	a
   0DEE F2                 4426 	movx	@r0,a
   0DEF 08                 4427 	inc	r0
   0DF0 F2                 4428 	movx	@r0,a
                    0DF1   4429 	C$slave_wixel_track.c$671$2$3 ==.
                           4430 ;	apps/slave_wixel_track/slave_wixel_track.c:671: pwm_right = 0;
   0DF1 78r29              4431 	mov	r0,#_pwm_right
   0DF3 E4                 4432 	clr	a
   0DF4 F2                 4433 	movx	@r0,a
   0DF5 08                 4434 	inc	r0
   0DF6 F2                 4435 	movx	@r0,a
                    0DF7   4436 	C$slave_wixel_track.c$673$2$3 ==.
                           4437 ;	apps/slave_wixel_track/slave_wixel_track.c:673: calib_step = 2;
   0DF7 78rB1              4438 	mov	r0,#_calib_step
   0DF9 74 02              4439 	mov	a,#0x02
   0DFB F2                 4440 	movx	@r0,a
                    0DFC   4441 	C$slave_wixel_track.c$674$2$3 ==.
                           4442 ;	apps/slave_wixel_track/slave_wixel_track.c:674: currentState = STATE_IDLE;
   0DFC 78r00              4443 	mov	r0,#_currentState
   0DFE E4                 4444 	clr	a
   0DFF F2                 4445 	movx	@r0,a
   0E00 80 56              4446 	sjmp	00109$
   0E02                    4447 00104$:
                    0E02   4448 	C$slave_wixel_track.c$676$1$1 ==.
                           4449 ;	apps/slave_wixel_track/slave_wixel_track.c:676: else if (calib_step == 2)
   0E02 78rB1              4450 	mov	r0,#_calib_step
   0E04 E2                 4451 	movx	a,@r0
   0E05 B4 02 50           4452 	cjne	a,#0x02,00109$
                    0E08   4453 	C$slave_wixel_track.c$678$2$4 ==.
                           4454 ;	apps/slave_wixel_track/slave_wixel_track.c:678: stopMotors();
   0E08 12s08r62           4455 	lcall	_stopMotors
                    0E0B   4456 	C$slave_wixel_track.c$679$2$4 ==.
                           4457 ;	apps/slave_wixel_track/slave_wixel_track.c:679: pwm_left = 0;
   0E0B 78r27              4458 	mov	r0,#_pwm_left
   0E0D E4                 4459 	clr	a
   0E0E F2                 4460 	movx	@r0,a
   0E0F 08                 4461 	inc	r0
   0E10 F2                 4462 	movx	@r0,a
                    0E11   4463 	C$slave_wixel_track.c$680$2$4 ==.
                           4464 ;	apps/slave_wixel_track/slave_wixel_track.c:680: pwm_right = 0;
   0E11 78r29              4465 	mov	r0,#_pwm_right
   0E13 E4                 4466 	clr	a
   0E14 F2                 4467 	movx	@r0,a
   0E15 08                 4468 	inc	r0
   0E16 F2                 4469 	movx	@r0,a
                    0E17   4470 	C$slave_wixel_track.c$682$2$4 ==.
                           4471 ;	apps/slave_wixel_track/slave_wixel_track.c:682: calData.xc = posX; calData.yc = posY; calData.thetac = posTheta;
   0E17 78rA5              4472 	mov	r0,#(_calData + 0x000c)
   0E19 79r0F              4473 	mov	r1,#_posX
   0E1B E3                 4474 	movx	a,@r1
   0E1C F2                 4475 	movx	@r0,a
   0E1D 08                 4476 	inc	r0
   0E1E 09                 4477 	inc	r1
   0E1F E3                 4478 	movx	a,@r1
   0E20 F2                 4479 	movx	@r0,a
   0E21 78rA7              4480 	mov	r0,#(_calData + 0x000e)
   0E23 79r11              4481 	mov	r1,#_posY
   0E25 E3                 4482 	movx	a,@r1
   0E26 F2                 4483 	movx	@r0,a
   0E27 08                 4484 	inc	r0
   0E28 09                 4485 	inc	r1
   0E29 E3                 4486 	movx	a,@r1
   0E2A F2                 4487 	movx	@r0,a
   0E2B 78rA9              4488 	mov	r0,#(_calData + 0x0010)
   0E2D 79r13              4489 	mov	r1,#_posTheta
   0E2F E3                 4490 	movx	a,@r1
   0E30 F2                 4491 	movx	@r0,a
   0E31 08                 4492 	inc	r0
   0E32 09                 4493 	inc	r1
   0E33 E3                 4494 	movx	a,@r1
   0E34 F2                 4495 	movx	@r0,a
                    0E35   4496 	C$slave_wixel_track.c$684$2$4 ==.
                           4497 ;	apps/slave_wixel_track/slave_wixel_track.c:684: calculateAndApplyOffset();
   0E35 12s05r6C           4498 	lcall	_calculateAndApplyOffset
                    0E38   4499 	C$slave_wixel_track.c$686$2$4 ==.
                           4500 ;	apps/slave_wixel_track/slave_wixel_track.c:686: currentState = STATE_CALIBRATE_VALIDATE;
   0E38 78r00              4501 	mov	r0,#_currentState
   0E3A 74 10              4502 	mov	a,#0x10
   0E3C F2                 4503 	movx	@r0,a
                    0E3D   4504 	C$slave_wixel_track.c$687$2$4 ==.
                           4505 ;	apps/slave_wixel_track/slave_wixel_track.c:687: stateStartTime = (uint32)getMs();
   0E3D 12s00r00           4506 	lcall	_getMs
   0E40 AC 82              4507 	mov	r4,dpl
   0E42 AD 83              4508 	mov	r5,dph
   0E44 AE F0              4509 	mov	r6,b
   0E46 FF                 4510 	mov	r7,a
   0E47 78r23              4511 	mov	r0,#_stateStartTime
   0E49 EC                 4512 	mov	a,r4
   0E4A F2                 4513 	movx	@r0,a
   0E4B 08                 4514 	inc	r0
   0E4C ED                 4515 	mov	a,r5
   0E4D F2                 4516 	movx	@r0,a
   0E4E 08                 4517 	inc	r0
   0E4F EE                 4518 	mov	a,r6
   0E50 F2                 4519 	movx	@r0,a
   0E51 08                 4520 	inc	r0
   0E52 EF                 4521 	mov	a,r7
   0E53 F2                 4522 	movx	@r0,a
                    0E54   4523 	C$slave_wixel_track.c$689$2$4 ==.
                           4524 ;	apps/slave_wixel_track/slave_wixel_track.c:689: calib_step = 0;
   0E54 78rB1              4525 	mov	r0,#_calib_step
   0E56 E4                 4526 	clr	a
   0E57 F2                 4527 	movx	@r0,a
   0E58                    4528 00109$:
                    0E58   4529 	C$slave_wixel_track.c$691$2$1 ==.
                    0E58   4530 	XG$handleCmdCalibrate$0$0 ==.
   0E58 22                 4531 	ret
                           4532 ;------------------------------------------------------------
                           4533 ;Allocation info for local variables in function 'receiveAndProcessPackets'
                           4534 ;------------------------------------------------------------
                    0E59   4535 	G$receiveAndProcessPackets$0$0 ==.
                    0E59   4536 	C$slave_wixel_track.c$693$2$1 ==.
                           4537 ;	apps/slave_wixel_track/slave_wixel_track.c:693: void receiveAndProcessPackets()
                           4538 ;	-----------------------------------------
                           4539 ;	 function receiveAndProcessPackets
                           4540 ;	-----------------------------------------
   0E59                    4541 _receiveAndProcessPackets:
                    0E59   4542 	C$slave_wixel_track.c$699$1$1 ==.
                           4543 ;	apps/slave_wixel_track/slave_wixel_track.c:699: if (RFIF & (1<<4))
   0E59 E5 E9              4544 	mov	a,_RFIF
   0E5B 20 E4 03           4545 	jb	acc.4,00140$
   0E5E 02s0Fr15           4546 	ljmp	00128$
   0E61                    4547 00140$:
                    0E61   4548 	C$slave_wixel_track.c$701$2$2 ==.
                           4549 ;	apps/slave_wixel_track/slave_wixel_track.c:701: if (radioCrcPassed())
   0E61 12s00r00           4550 	lcall	_radioCrcPassed
   0E64 40 03              4551 	jc	00141$
   0E66 02s0Fr08           4552 	ljmp	00125$
   0E69                    4553 00141$:
                    0E69   4554 	C$slave_wixel_track.c$703$3$3 ==.
                           4555 ;	apps/slave_wixel_track/slave_wixel_track.c:703: lastPacketTime = (uint16)getMs();
   0E69 12s00r00           4556 	lcall	_getMs
   0E6C AC 82              4557 	mov	r4,dpl
   0E6E AD 83              4558 	mov	r5,dph
   0E70 AE F0              4559 	mov	r6,b
   0E72 FF                 4560 	mov	r7,a
   0E73 78r03              4561 	mov	r0,#_lastPacketTime
   0E75 EC                 4562 	mov	a,r4
   0E76 F2                 4563 	movx	@r0,a
   0E77 08                 4564 	inc	r0
   0E78 ED                 4565 	mov	a,r5
   0E79 F2                 4566 	movx	@r0,a
                    0E7A   4567 	C$slave_wixel_track.c$705$3$3 ==.
                           4568 ;	apps/slave_wixel_track/slave_wixel_track.c:705: if (lastPacketTime != lastPacketTimeCheck)
   0E7A 78r01              4569 	mov	r0,#_lastPacketTimeCheck
   0E7C E2                 4570 	movx	a,@r0
   0E7D B5 04 07           4571 	cjne	a,ar4,00142$
   0E80 08                 4572 	inc	r0
   0E81 E2                 4573 	movx	a,@r0
   0E82 B5 05 02           4574 	cjne	a,ar5,00142$
   0E85 80 13              4575 	sjmp	00112$
   0E87                    4576 00142$:
                    0E87   4577 	C$slave_wixel_track.c$707$4$4 ==.
                           4578 ;	apps/slave_wixel_track/slave_wixel_track.c:707: rxPulseStart = 1;
   0E87 78r0B              4579 	mov	r0,#_rxPulseStart
   0E89 74 01              4580 	mov	a,#0x01
   0E8B F2                 4581 	movx	@r0,a
   0E8C 08                 4582 	inc	r0
   0E8D E4                 4583 	clr	a
   0E8E F2                 4584 	movx	@r0,a
   0E8F 08                 4585 	inc	r0
   0E90 F2                 4586 	movx	@r0,a
   0E91 08                 4587 	inc	r0
   0E92 F2                 4588 	movx	@r0,a
                    0E93   4589 	C$slave_wixel_track.c$708$4$4 ==.
                           4590 ;	apps/slave_wixel_track/slave_wixel_track.c:708: lastPacketTimeCheck = lastPacketTime;
   0E93 78r01              4591 	mov	r0,#_lastPacketTimeCheck
   0E95 EC                 4592 	mov	a,r4
   0E96 F2                 4593 	movx	@r0,a
   0E97 08                 4594 	inc	r0
   0E98 ED                 4595 	mov	a,r5
   0E99 F2                 4596 	movx	@r0,a
                    0E9A   4597 	C$slave_wixel_track.c$711$3$3 ==.
                           4598 ;	apps/slave_wixel_track/slave_wixel_track.c:711: if (THIS_SLAVE_ADDRESS == 0x01)
   0E9A                    4599 00112$:
                    0E9A   4600 	C$slave_wixel_track.c$727$3$3 ==.
                           4601 ;	apps/slave_wixel_track/slave_wixel_track.c:727: slaveAddress = rxPacket[packetOffset + 0];
   0E9A 90s00r01           4602 	mov	dptr,#(_rxPacket + 0x0001)
   0E9D E0                 4603 	movx	a,@dptr
   0E9E FF                 4604 	mov	r7,a
                    0E9F   4605 	C$slave_wixel_track.c$728$3$3 ==.
                           4606 ;	apps/slave_wixel_track/slave_wixel_track.c:728: cmd = rxPacket[packetOffset + 6];
   0E9F 90s00r07           4607 	mov	dptr,#(_rxPacket + 0x0007)
   0EA2 E0                 4608 	movx	a,@dptr
   0EA3 FE                 4609 	mov	r6,a
                    0EA4   4610 	C$slave_wixel_track.c$730$3$3 ==.
                           4611 ;	apps/slave_wixel_track/slave_wixel_track.c:730: if (slaveAddress != THIS_SLAVE_ADDRESS)
   0EA4 BF 01 02           4612 	cjne	r7,#0x01,00143$
   0EA7 80 0F              4613 	sjmp	00116$
   0EA9                    4614 00143$:
                    0EA9   4615 	C$slave_wixel_track.c$732$4$6 ==.
                           4616 ;	apps/slave_wixel_track/slave_wixel_track.c:732: RFIF &= ~(1<<4);
   0EA9 AF E9              4617 	mov	r7,_RFIF
   0EAB 53 07 EF           4618 	anl	ar7,#0xEF
   0EAE 8F E9              4619 	mov	_RFIF,r7
                    0EB0   4620 	C$slave_wixel_track.c$733$4$6 ==.
                           4621 ;	apps/slave_wixel_track/slave_wixel_track.c:733: DMAARM |= (1<<DMA_CHANNEL_RADIO);
   0EB0 43 D6 02           4622 	orl	_DMAARM,#0x02
                    0EB3   4623 	C$slave_wixel_track.c$734$4$6 ==.
                           4624 ;	apps/slave_wixel_track/slave_wixel_track.c:734: RFST = 2;
   0EB3 75 E1 02           4625 	mov	_RFST,#0x02
                    0EB6   4626 	C$slave_wixel_track.c$735$4$6 ==.
                           4627 ;	apps/slave_wixel_track/slave_wixel_track.c:735: return;
   0EB6 80 5D              4628 	sjmp	00128$
   0EB8                    4629 00116$:
                    0EB8   4630 	C$slave_wixel_track.c$738$3$3 ==.
                           4631 ;	apps/slave_wixel_track/slave_wixel_track.c:738: extractPositionData(packetOffset);
   0EB8 75 82 01           4632 	mov	dpl,#0x01
   0EBB C0 06              4633 	push	ar6
   0EBD 12s09r40           4634 	lcall	_extractPositionData
                    0EC0   4635 	C$slave_wixel_track.c$739$3$3 ==.
                           4636 ;	apps/slave_wixel_track/slave_wixel_track.c:739: filterPosition();
   0EC0 12s05rF6           4637 	lcall	_filterPosition
   0EC3 D0 06              4638 	pop	ar6
                    0EC5   4639 	C$slave_wixel_track.c$741$3$3 ==.
                           4640 ;	apps/slave_wixel_track/slave_wixel_track.c:741: switch(cmd)
   0EC5 BE 10 02           4641 	cjne	r6,#0x10,00144$
   0EC8 80 19              4642 	sjmp	00117$
   0ECA                    4643 00144$:
   0ECA BE 11 02           4644 	cjne	r6,#0x11,00145$
   0ECD 80 19              4645 	sjmp	00118$
   0ECF                    4646 00145$:
   0ECF BE 12 02           4647 	cjne	r6,#0x12,00146$
   0ED2 80 1C              4648 	sjmp	00119$
   0ED4                    4649 00146$:
   0ED4 BE 13 02           4650 	cjne	r6,#0x13,00147$
   0ED7 80 1F              4651 	sjmp	00120$
   0ED9                    4652 00147$:
   0ED9 BE 14 02           4653 	cjne	r6,#0x14,00148$
   0EDC 80 24              4654 	sjmp	00122$
   0EDE                    4655 00148$:
                    0EDE   4656 	C$slave_wixel_track.c$743$4$7 ==.
                           4657 ;	apps/slave_wixel_track/slave_wixel_track.c:743: case CMD_STOP:
   0EDE BE 15 27           4658 	cjne	r6,#0x15,00125$
   0EE1 80 1A              4659 	sjmp	00121$
   0EE3                    4660 00117$:
                    0EE3   4661 	C$slave_wixel_track.c$744$4$7 ==.
                           4662 ;	apps/slave_wixel_track/slave_wixel_track.c:744: handleCmdStop();
   0EE3 12s0Ar22           4663 	lcall	_handleCmdStop
                    0EE6   4664 	C$slave_wixel_track.c$745$4$7 ==.
                           4665 ;	apps/slave_wixel_track/slave_wixel_track.c:745: break;
                    0EE6   4666 	C$slave_wixel_track.c$746$4$7 ==.
                           4667 ;	apps/slave_wixel_track/slave_wixel_track.c:746: case CMD_GO_TO:
   0EE6 80 20              4668 	sjmp	00125$
   0EE8                    4669 00118$:
                    0EE8   4670 	C$slave_wixel_track.c$747$4$7 ==.
                           4671 ;	apps/slave_wixel_track/slave_wixel_track.c:747: handleCmdGoTo(packetOffset);
   0EE8 75 82 01           4672 	mov	dpl,#0x01
   0EEB 12s0Ar4A           4673 	lcall	_handleCmdGoTo
                    0EEE   4674 	C$slave_wixel_track.c$748$4$7 ==.
                           4675 ;	apps/slave_wixel_track/slave_wixel_track.c:748: break;
                    0EEE   4676 	C$slave_wixel_track.c$749$4$7 ==.
                           4677 ;	apps/slave_wixel_track/slave_wixel_track.c:749: case CMD_PREP:
   0EEE 80 18              4678 	sjmp	00125$
   0EF0                    4679 00119$:
                    0EF0   4680 	C$slave_wixel_track.c$750$4$7 ==.
                           4681 ;	apps/slave_wixel_track/slave_wixel_track.c:750: handleCmdPrep(packetOffset);
   0EF0 75 82 01           4682 	mov	dpl,#0x01
   0EF3 12s0Br6A           4683 	lcall	_handleCmdPrep
                    0EF6   4684 	C$slave_wixel_track.c$751$4$7 ==.
                           4685 ;	apps/slave_wixel_track/slave_wixel_track.c:751: break;
                    0EF6   4686 	C$slave_wixel_track.c$752$4$7 ==.
                           4687 ;	apps/slave_wixel_track/slave_wixel_track.c:752: case CMD_RUN:
   0EF6 80 10              4688 	sjmp	00125$
   0EF8                    4689 00120$:
                    0EF8   4690 	C$slave_wixel_track.c$753$4$7 ==.
                           4691 ;	apps/slave_wixel_track/slave_wixel_track.c:753: handleCmdRun();
   0EF8 12s0Cr1F           4692 	lcall	_handleCmdRun
                    0EFB   4693 	C$slave_wixel_track.c$754$4$7 ==.
                           4694 ;	apps/slave_wixel_track/slave_wixel_track.c:754: break;
                    0EFB   4695 	C$slave_wixel_track.c$755$4$7 ==.
                           4696 ;	apps/slave_wixel_track/slave_wixel_track.c:755: case CMD_CALIBRATE:
   0EFB 80 0B              4697 	sjmp	00125$
   0EFD                    4698 00121$:
                    0EFD   4699 	C$slave_wixel_track.c$756$4$7 ==.
                           4700 ;	apps/slave_wixel_track/slave_wixel_track.c:756: handleCmdCalibrate();
   0EFD 12s0Dr2D           4701 	lcall	_handleCmdCalibrate
                    0F00   4702 	C$slave_wixel_track.c$757$4$7 ==.
                           4703 ;	apps/slave_wixel_track/slave_wixel_track.c:757: break;
                    0F00   4704 	C$slave_wixel_track.c$758$4$7 ==.
                           4705 ;	apps/slave_wixel_track/slave_wixel_track.c:758: case CMD_AUX:
   0F00 80 06              4706 	sjmp	00125$
   0F02                    4707 00122$:
                    0F02   4708 	C$slave_wixel_track.c$759$4$7 ==.
                           4709 ;	apps/slave_wixel_track/slave_wixel_track.c:759: handleCmdAux(packetOffset);
   0F02 75 82 01           4710 	mov	dpl,#0x01
   0F05 12s0CrB8           4711 	lcall	_handleCmdAux
                    0F08   4712 	C$slave_wixel_track.c$761$2$2 ==.
                           4713 ;	apps/slave_wixel_track/slave_wixel_track.c:761: }
   0F08                    4714 00125$:
                    0F08   4715 	C$slave_wixel_track.c$764$2$2 ==.
                           4716 ;	apps/slave_wixel_track/slave_wixel_track.c:764: RFIF &= ~(1<<4);
   0F08 AF E9              4717 	mov	r7,_RFIF
   0F0A 53 07 EF           4718 	anl	ar7,#0xEF
   0F0D 8F E9              4719 	mov	_RFIF,r7
                    0F0F   4720 	C$slave_wixel_track.c$765$2$2 ==.
                           4721 ;	apps/slave_wixel_track/slave_wixel_track.c:765: DMAARM |= (1<<DMA_CHANNEL_RADIO);
   0F0F 43 D6 02           4722 	orl	_DMAARM,#0x02
                    0F12   4723 	C$slave_wixel_track.c$766$2$2 ==.
                           4724 ;	apps/slave_wixel_track/slave_wixel_track.c:766: RFST = 2;
   0F12 75 E1 02           4725 	mov	_RFST,#0x02
   0F15                    4726 00128$:
                    0F15   4727 	C$slave_wixel_track.c$768$2$1 ==.
                    0F15   4728 	XG$receiveAndProcessPackets$0$0 ==.
   0F15 22                 4729 	ret
                           4730 ;------------------------------------------------------------
                           4731 ;Allocation info for local variables in function 'handlePacketTimeout'
                           4732 ;------------------------------------------------------------
                           4733 ;sloc0                     Allocated with name '_handlePacketTimeout_sloc0_1_0'
                           4734 ;------------------------------------------------------------
                    0F16   4735 	G$handlePacketTimeout$0$0 ==.
                    0F16   4736 	C$slave_wixel_track.c$770$2$1 ==.
                           4737 ;	apps/slave_wixel_track/slave_wixel_track.c:770: void handlePacketTimeout()
                           4738 ;	-----------------------------------------
                           4739 ;	 function handlePacketTimeout
                           4740 ;	-----------------------------------------
   0F16                    4741 _handlePacketTimeout:
                    0F16   4742 	C$slave_wixel_track.c$772$1$1 ==.
                           4743 ;	apps/slave_wixel_track/slave_wixel_track.c:772: if ((uint16)(getMs() - lastPacketTime) > CONNECTION_TIMEOUT)
   0F16 12s00r00           4744 	lcall	_getMs
   0F19 85 82*0E           4745 	mov	_handlePacketTimeout_sloc0_1_0,dpl
   0F1C 85 83*0F           4746 	mov	(_handlePacketTimeout_sloc0_1_0 + 1),dph
   0F1F 85 F0*10           4747 	mov	(_handlePacketTimeout_sloc0_1_0 + 2),b
   0F22 F5*11              4748 	mov	(_handlePacketTimeout_sloc0_1_0 + 3),a
   0F24 78r03              4749 	mov	r0,#_lastPacketTime
   0F26 E2                 4750 	movx	a,@r0
   0F27 FA                 4751 	mov	r2,a
   0F28 08                 4752 	inc	r0
   0F29 E2                 4753 	movx	a,@r0
   0F2A FB                 4754 	mov	r3,a
   0F2B E4                 4755 	clr	a
   0F2C FE                 4756 	mov	r6,a
   0F2D FF                 4757 	mov	r7,a
   0F2E E5*0E              4758 	mov	a,_handlePacketTimeout_sloc0_1_0
   0F30 C3                 4759 	clr	c
   0F31 9A                 4760 	subb	a,r2
   0F32 FA                 4761 	mov	r2,a
   0F33 E5*0F              4762 	mov	a,(_handlePacketTimeout_sloc0_1_0 + 1)
   0F35 9B                 4763 	subb	a,r3
   0F36 FB                 4764 	mov	r3,a
   0F37 E5*10              4765 	mov	a,(_handlePacketTimeout_sloc0_1_0 + 2)
   0F39 9E                 4766 	subb	a,r6
   0F3A FE                 4767 	mov	r6,a
   0F3B E5*11              4768 	mov	a,(_handlePacketTimeout_sloc0_1_0 + 3)
   0F3D 9F                 4769 	subb	a,r7
   0F3E FF                 4770 	mov	r7,a
   0F3F C3                 4771 	clr	c
   0F40 74 B8              4772 	mov	a,#0xB8
   0F42 9A                 4773 	subb	a,r2
   0F43 74 0B              4774 	mov	a,#0x0B
   0F45 9B                 4775 	subb	a,r3
   0F46 50 27              4776 	jnc	00103$
                    0F48   4777 	C$slave_wixel_track.c$774$2$2 ==.
                           4778 ;	apps/slave_wixel_track/slave_wixel_track.c:774: currentState = STATE_IDLE;
   0F48 78r00              4779 	mov	r0,#_currentState
   0F4A E4                 4780 	clr	a
   0F4B F2                 4781 	movx	@r0,a
                    0F4C   4782 	C$slave_wixel_track.c$775$2$2 ==.
                           4783 ;	apps/slave_wixel_track/slave_wixel_track.c:775: calib_step = 0;
   0F4C 78rB1              4784 	mov	r0,#_calib_step
   0F4E E4                 4785 	clr	a
   0F4F F2                 4786 	movx	@r0,a
                    0F50   4787 	C$slave_wixel_track.c$776$2$2 ==.
                           4788 ;	apps/slave_wixel_track/slave_wixel_track.c:776: waypointCount = 0;
   0F50 78r93              4789 	mov	r0,#_waypointCount
   0F52 E4                 4790 	clr	a
   0F53 F2                 4791 	movx	@r0,a
                    0F54   4792 	C$slave_wixel_track.c$777$2$2 ==.
                           4793 ;	apps/slave_wixel_track/slave_wixel_track.c:777: currentWaypointIndex = 0;
   0F54 78r95              4794 	mov	r0,#_currentWaypointIndex
   0F56 E4                 4795 	clr	a
   0F57 F2                 4796 	movx	@r0,a
                    0F58   4797 	C$slave_wixel_track.c$778$2$2 ==.
                           4798 ;	apps/slave_wixel_track/slave_wixel_track.c:778: runSubState = 0;
   0F58 78r96              4799 	mov	r0,#_runSubState
   0F5A E4                 4800 	clr	a
   0F5B F2                 4801 	movx	@r0,a
                    0F5C   4802 	C$slave_wixel_track.c$779$2$2 ==.
                           4803 ;	apps/slave_wixel_track/slave_wixel_track.c:779: homeSubState = 0;
   0F5C 78r97              4804 	mov	r0,#_homeSubState
   0F5E E4                 4805 	clr	a
   0F5F F2                 4806 	movx	@r0,a
                    0F60   4807 	C$slave_wixel_track.c$780$2$2 ==.
                           4808 ;	apps/slave_wixel_track/slave_wixel_track.c:780: pwm_left = 0;
   0F60 78r27              4809 	mov	r0,#_pwm_left
   0F62 E4                 4810 	clr	a
   0F63 F2                 4811 	movx	@r0,a
   0F64 08                 4812 	inc	r0
   0F65 F2                 4813 	movx	@r0,a
                    0F66   4814 	C$slave_wixel_track.c$781$2$2 ==.
                           4815 ;	apps/slave_wixel_track/slave_wixel_track.c:781: pwm_right = 0;
   0F66 78r29              4816 	mov	r0,#_pwm_right
   0F68 E4                 4817 	clr	a
   0F69 F2                 4818 	movx	@r0,a
   0F6A 08                 4819 	inc	r0
   0F6B F2                 4820 	movx	@r0,a
                    0F6C   4821 	C$slave_wixel_track.c$782$2$2 ==.
                           4822 ;	apps/slave_wixel_track/slave_wixel_track.c:782: stopMotors();
   0F6C 12s08r62           4823 	lcall	_stopMotors
   0F6F                    4824 00103$:
                    0F6F   4825 	C$slave_wixel_track.c$784$2$1 ==.
                    0F6F   4826 	XG$handlePacketTimeout$0$0 ==.
   0F6F 22                 4827 	ret
                           4828 ;------------------------------------------------------------
                           4829 ;Allocation info for local variables in function 'updateHomeState'
                           4830 ;------------------------------------------------------------
                    0F70   4831 	G$updateHomeState$0$0 ==.
                    0F70   4832 	C$slave_wixel_track.c$788$2$1 ==.
                           4833 ;	apps/slave_wixel_track/slave_wixel_track.c:788: void updateHomeState()
                           4834 ;	-----------------------------------------
                           4835 ;	 function updateHomeState
                           4836 ;	-----------------------------------------
   0F70                    4837 _updateHomeState:
                    0F70   4838 	C$slave_wixel_track.c$790$1$1 ==.
                           4839 ;	apps/slave_wixel_track/slave_wixel_track.c:790: uint32 elapsedTime = now - stateStartTime;
   0F70 78r07              4840 	mov	r0,#_now
   0F72 79r23              4841 	mov	r1,#_stateStartTime
   0F74 E3                 4842 	movx	a,@r1
   0F75 F5 F0              4843 	mov	b,a
   0F77 C3                 4844 	clr	c
   0F78 E2                 4845 	movx	a,@r0
   0F79 95 F0              4846 	subb	a,b
   0F7B FC                 4847 	mov	r4,a
   0F7C 09                 4848 	inc	r1
   0F7D E3                 4849 	movx	a,@r1
   0F7E F5 F0              4850 	mov	b,a
   0F80 08                 4851 	inc	r0
   0F81 E2                 4852 	movx	a,@r0
   0F82 95 F0              4853 	subb	a,b
   0F84 FD                 4854 	mov	r5,a
   0F85 09                 4855 	inc	r1
   0F86 E3                 4856 	movx	a,@r1
   0F87 F5 F0              4857 	mov	b,a
   0F89 08                 4858 	inc	r0
   0F8A E2                 4859 	movx	a,@r0
   0F8B 95 F0              4860 	subb	a,b
   0F8D FE                 4861 	mov	r6,a
   0F8E 09                 4862 	inc	r1
   0F8F E3                 4863 	movx	a,@r1
   0F90 F5 F0              4864 	mov	b,a
   0F92 08                 4865 	inc	r0
   0F93 E2                 4866 	movx	a,@r0
   0F94 95 F0              4867 	subb	a,b
   0F96 FF                 4868 	mov	r7,a
                    0F97   4869 	C$slave_wixel_track.c$795$1$1 ==.
                           4870 ;	apps/slave_wixel_track/slave_wixel_track.c:795: if (elapsedTime >= GO_TO_TIMEOUT)
   0F97 C3                 4871 	clr	c
   0F98 EC                 4872 	mov	a,r4
   0F99 94 10              4873 	subb	a,#0x10
   0F9B ED                 4874 	mov	a,r5
   0F9C 94 27              4875 	subb	a,#0x27
   0F9E EE                 4876 	mov	a,r6
   0F9F 94 00              4877 	subb	a,#0x00
   0FA1 EF                 4878 	mov	a,r7
   0FA2 94 00              4879 	subb	a,#0x00
   0FA4 40 26              4880 	jc	00102$
                    0FA6   4881 	C$slave_wixel_track.c$797$2$2 ==.
                           4882 ;	apps/slave_wixel_track/slave_wixel_track.c:797: currentState = STATE_IDLE;
   0FA6 78r00              4883 	mov	r0,#_currentState
   0FA8 E4                 4884 	clr	a
   0FA9 F2                 4885 	movx	@r0,a
                    0FAA   4886 	C$slave_wixel_track.c$798$2$2 ==.
                           4887 ;	apps/slave_wixel_track/slave_wixel_track.c:798: homeSubState = 0;
   0FAA 78r97              4888 	mov	r0,#_homeSubState
   0FAC E4                 4889 	clr	a
   0FAD F2                 4890 	movx	@r0,a
                    0FAE   4891 	C$slave_wixel_track.c$799$2$2 ==.
                           4892 ;	apps/slave_wixel_track/slave_wixel_track.c:799: pwm_left = 0;
   0FAE 78r27              4893 	mov	r0,#_pwm_left
   0FB0 E4                 4894 	clr	a
   0FB1 F2                 4895 	movx	@r0,a
   0FB2 08                 4896 	inc	r0
   0FB3 F2                 4897 	movx	@r0,a
                    0FB4   4898 	C$slave_wixel_track.c$800$2$2 ==.
                           4899 ;	apps/slave_wixel_track/slave_wixel_track.c:800: pwm_right = 0;
   0FB4 78r29              4900 	mov	r0,#_pwm_right
   0FB6 E4                 4901 	clr	a
   0FB7 F2                 4902 	movx	@r0,a
   0FB8 08                 4903 	inc	r0
   0FB9 F2                 4904 	movx	@r0,a
                    0FBA   4905 	C$slave_wixel_track.c$801$2$2 ==.
                           4906 ;	apps/slave_wixel_track/slave_wixel_track.c:801: stopMotors();
   0FBA 12s08r62           4907 	lcall	_stopMotors
                    0FBD   4908 	C$slave_wixel_track.c$802$2$2 ==.
                           4909 ;	apps/slave_wixel_track/slave_wixel_track.c:802: lastTargetX = 0;
   0FBD 78r1D              4910 	mov	r0,#_lastTargetX
   0FBF E4                 4911 	clr	a
   0FC0 F2                 4912 	movx	@r0,a
   0FC1 08                 4913 	inc	r0
   0FC2 F2                 4914 	movx	@r0,a
                    0FC3   4915 	C$slave_wixel_track.c$803$2$2 ==.
                           4916 ;	apps/slave_wixel_track/slave_wixel_track.c:803: lastTargetY = 0;
   0FC3 78r21              4917 	mov	r0,#_lastTargetY
   0FC5 E4                 4918 	clr	a
   0FC6 F2                 4919 	movx	@r0,a
   0FC7 08                 4920 	inc	r0
   0FC8 F2                 4921 	movx	@r0,a
                    0FC9   4922 	C$slave_wixel_track.c$804$2$2 ==.
                           4923 ;	apps/slave_wixel_track/slave_wixel_track.c:804: return;
   0FC9 02s11rDF           4924 	ljmp	00133$
   0FCC                    4925 00102$:
                    0FCC   4926 	C$slave_wixel_track.c$832$1$1 ==.
                           4927 ;	apps/slave_wixel_track/slave_wixel_track.c:832: if (homeSubState == 0)
   0FCC 78r97              4928 	mov	r0,#_homeSubState
   0FCE E2                 4929 	movx	a,@r0
   0FCF 60 03              4930 	jz	00156$
   0FD1 02s10r79           4931 	ljmp	00131$
   0FD4                    4932 00156$:
                    0FD4   4933 	C$slave_wixel_track.c$835$2$3 ==.
                           4934 ;	apps/slave_wixel_track/slave_wixel_track.c:835: targetHeading = calculateTargetHeading(filteredX, filteredY, targetX, targetY);
   0FD4 78r17              4935 	mov	r0,#_filteredY
   0FD6 79rBE              4936 	mov	r1,#_calculateTargetHeading_PARM_2
   0FD8 E2                 4937 	movx	a,@r0
   0FD9 F3                 4938 	movx	@r1,a
   0FDA 08                 4939 	inc	r0
   0FDB E2                 4940 	movx	a,@r0
   0FDC 09                 4941 	inc	r1
   0FDD F3                 4942 	movx	@r1,a
   0FDE 78r1B              4943 	mov	r0,#_targetX
   0FE0 79rC0              4944 	mov	r1,#_calculateTargetHeading_PARM_3
   0FE2 E2                 4945 	movx	a,@r0
   0FE3 F3                 4946 	movx	@r1,a
   0FE4 08                 4947 	inc	r0
   0FE5 E2                 4948 	movx	a,@r0
   0FE6 09                 4949 	inc	r1
   0FE7 F3                 4950 	movx	@r1,a
   0FE8 78r1F              4951 	mov	r0,#_targetY
   0FEA 79rC2              4952 	mov	r1,#_calculateTargetHeading_PARM_4
   0FEC E2                 4953 	movx	a,@r0
   0FED F3                 4954 	movx	@r1,a
   0FEE 08                 4955 	inc	r0
   0FEF E2                 4956 	movx	a,@r0
   0FF0 09                 4957 	inc	r1
   0FF1 F3                 4958 	movx	@r1,a
   0FF2 78r15              4959 	mov	r0,#_filteredX
   0FF4 E2                 4960 	movx	a,@r0
   0FF5 F5 82              4961 	mov	dpl,a
   0FF7 08                 4962 	inc	r0
   0FF8 E2                 4963 	movx	a,@r0
   0FF9 F5 83              4964 	mov	dph,a
   0FFB 12s00rEC           4965 	lcall	_calculateTargetHeading
   0FFE AE 82              4966 	mov	r6,dpl
   1000 AF 83              4967 	mov	r7,dph
                    1002   4968 	C$slave_wixel_track.c$837$2$3 ==.
                           4969 ;	apps/slave_wixel_track/slave_wixel_track.c:837: headingError = targetHeading - filteredTheta;
   1002 78r19              4970 	mov	r0,#_filteredTheta
   1004 D3                 4971 	setb	c
   1005 E2                 4972 	movx	a,@r0
   1006 9E                 4973 	subb	a,r6
   1007 F4                 4974 	cpl	a
   1008 B3                 4975 	cpl	c
   1009 FC                 4976 	mov	r4,a
   100A B3                 4977 	cpl	c
   100B 08                 4978 	inc	r0
   100C E2                 4979 	movx	a,@r0
   100D 9F                 4980 	subb	a,r7
   100E F4                 4981 	cpl	a
   100F FD                 4982 	mov	r5,a
                    1010   4983 	C$slave_wixel_track.c$838$2$3 ==.
                           4984 ;	apps/slave_wixel_track/slave_wixel_track.c:838: if (headingError > 180)
   1010 C3                 4985 	clr	c
   1011 74 B4              4986 	mov	a,#0xB4
   1013 9C                 4987 	subb	a,r4
   1014 E4                 4988 	clr	a
   1015 64 80              4989 	xrl	a,#0x80
   1017 8D F0              4990 	mov	b,r5
   1019 63 F0 80           4991 	xrl	b,#0x80
   101C 95 F0              4992 	subb	a,b
   101E 50 08              4993 	jnc	00104$
                    1020   4994 	C$slave_wixel_track.c$839$2$3 ==.
                           4995 ;	apps/slave_wixel_track/slave_wixel_track.c:839: headingError -= 360;
   1020 EC                 4996 	mov	a,r4
   1021 24 98              4997 	add	a,#0x98
   1023 FC                 4998 	mov	r4,a
   1024 ED                 4999 	mov	a,r5
   1025 34 FE              5000 	addc	a,#0xFE
   1027 FD                 5001 	mov	r5,a
   1028                    5002 00104$:
                    1028   5003 	C$slave_wixel_track.c$840$2$3 ==.
                           5004 ;	apps/slave_wixel_track/slave_wixel_track.c:840: if (headingError < -180)
   1028 C3                 5005 	clr	c
   1029 EC                 5006 	mov	a,r4
   102A 94 4C              5007 	subb	a,#0x4C
   102C ED                 5008 	mov	a,r5
   102D 64 80              5009 	xrl	a,#0x80
   102F 94 7F              5010 	subb	a,#0x7f
   1031 50 08              5011 	jnc	00106$
                    1033   5012 	C$slave_wixel_track.c$841$2$3 ==.
                           5013 ;	apps/slave_wixel_track/slave_wixel_track.c:841: headingError += 360;
   1033 74 68              5014 	mov	a,#0x68
   1035 2C                 5015 	add	a,r4
   1036 FC                 5016 	mov	r4,a
   1037 74 01              5017 	mov	a,#0x01
   1039 3D                 5018 	addc	a,r5
   103A FD                 5019 	mov	r5,a
   103B                    5020 00106$:
                    103B   5021 	C$slave_wixel_track.c$843$2$3 ==.
                           5022 ;	apps/slave_wixel_track/slave_wixel_track.c:843: abs_error = (headingError >= 0) ? headingError : -headingError;
   103B ED                 5023 	mov	a,r5
   103C 33                 5024 	rlc	a
   103D B3                 5025 	cpl	c
   103E E4                 5026 	clr	a
   103F 33                 5027 	rlc	a
   1040 FB                 5028 	mov	r3,a
   1041 60 06              5029 	jz	00135$
   1043 8C 02              5030 	mov	ar2,r4
   1045 8D 03              5031 	mov	ar3,r5
   1047 80 07              5032 	sjmp	00136$
   1049                    5033 00135$:
   1049 C3                 5034 	clr	c
   104A E4                 5035 	clr	a
   104B 9C                 5036 	subb	a,r4
   104C FA                 5037 	mov	r2,a
   104D E4                 5038 	clr	a
   104E 9D                 5039 	subb	a,r5
   104F FB                 5040 	mov	r3,a
   1050                    5041 00136$:
                    1050   5042 	C$slave_wixel_track.c$845$2$3 ==.
                           5043 ;	apps/slave_wixel_track/slave_wixel_track.c:845: if (abs_error < HEADING_THRESHOLD)
   1050 C3                 5044 	clr	c
   1051 EA                 5045 	mov	a,r2
   1052 94 05              5046 	subb	a,#0x05
   1054 EB                 5047 	mov	a,r3
   1055 64 80              5048 	xrl	a,#0x80
   1057 94 80              5049 	subb	a,#0x80
   1059 50 08              5050 	jnc	00108$
                    105B   5051 	C$slave_wixel_track.c$848$3$4 ==.
                           5052 ;	apps/slave_wixel_track/slave_wixel_track.c:848: homeSubState = 1;
   105B 78r97              5053 	mov	r0,#_homeSubState
   105D 74 01              5054 	mov	a,#0x01
   105F F2                 5055 	movx	@r0,a
   1060 02s11rDF           5056 	ljmp	00133$
   1063                    5057 00108$:
                    1063   5058 	C$slave_wixel_track.c$852$3$5 ==.
                           5059 ;	apps/slave_wixel_track/slave_wixel_track.c:852: rotationController(filteredTheta, targetHeading);
   1063 78rD6              5060 	mov	r0,#_rotationController_PARM_2
   1065 EE                 5061 	mov	a,r6
   1066 F2                 5062 	movx	@r0,a
   1067 08                 5063 	inc	r0
   1068 EF                 5064 	mov	a,r7
   1069 F2                 5065 	movx	@r0,a
   106A 78r19              5066 	mov	r0,#_filteredTheta
   106C E2                 5067 	movx	a,@r0
   106D F5 82              5068 	mov	dpl,a
   106F 08                 5069 	inc	r0
   1070 E2                 5070 	movx	a,@r0
   1071 F5 83              5071 	mov	dph,a
   1073 12s06rC5           5072 	lcall	_rotationController
   1076 02s11rDF           5073 	ljmp	00133$
   1079                    5074 00131$:
                    1079   5075 	C$slave_wixel_track.c$855$1$1 ==.
                           5076 ;	apps/slave_wixel_track/slave_wixel_track.c:855: else if (homeSubState == 1)
   1079 78r97              5077 	mov	r0,#_homeSubState
   107B E2                 5078 	movx	a,@r0
   107C B4 01 02           5079 	cjne	a,#0x01,00162$
   107F 80 03              5080 	sjmp	00163$
   1081                    5081 00162$:
   1081 02s11rDF           5082 	ljmp	00133$
   1084                    5083 00163$:
                    1084   5084 	C$slave_wixel_track.c$858$2$6 ==.
                           5085 ;	apps/slave_wixel_track/slave_wixel_track.c:858: if (isWithinThreshold(filteredX, filteredY, targetX, targetY, GOAL_THRESHOLD))
   1084 78r17              5086 	mov	r0,#_filteredY
   1086 79rB2              5087 	mov	r1,#_isWithinThreshold_PARM_2
   1088 E2                 5088 	movx	a,@r0
   1089 F3                 5089 	movx	@r1,a
   108A 08                 5090 	inc	r0
   108B E2                 5091 	movx	a,@r0
   108C 09                 5092 	inc	r1
   108D F3                 5093 	movx	@r1,a
   108E 78r1B              5094 	mov	r0,#_targetX
   1090 79rB4              5095 	mov	r1,#_isWithinThreshold_PARM_3
   1092 E2                 5096 	movx	a,@r0
   1093 F3                 5097 	movx	@r1,a
   1094 08                 5098 	inc	r0
   1095 E2                 5099 	movx	a,@r0
   1096 09                 5100 	inc	r1
   1097 F3                 5101 	movx	@r1,a
   1098 78r1F              5102 	mov	r0,#_targetY
   109A 79rB6              5103 	mov	r1,#_isWithinThreshold_PARM_4
   109C E2                 5104 	movx	a,@r0
   109D F3                 5105 	movx	@r1,a
   109E 08                 5106 	inc	r0
   109F E2                 5107 	movx	a,@r0
   10A0 09                 5108 	inc	r1
   10A1 F3                 5109 	movx	@r1,a
   10A2 78rB8              5110 	mov	r0,#_isWithinThreshold_PARM_5
   10A4 74 96              5111 	mov	a,#0x96
   10A6 F2                 5112 	movx	@r0,a
   10A7 08                 5113 	inc	r0
   10A8 E4                 5114 	clr	a
   10A9 F2                 5115 	movx	@r0,a
   10AA 78r15              5116 	mov	r0,#_filteredX
   10AC E2                 5117 	movx	a,@r0
   10AD F5 82              5118 	mov	dpl,a
   10AF 08                 5119 	inc	r0
   10B0 E2                 5120 	movx	a,@r0
   10B1 F5 83              5121 	mov	dph,a
   10B3 12s00r1A           5122 	lcall	_isWithinThreshold
   10B6 E5 82              5123 	mov	a,dpl
   10B8 60 26              5124 	jz	00126$
                    10BA   5125 	C$slave_wixel_track.c$861$3$7 ==.
                           5126 ;	apps/slave_wixel_track/slave_wixel_track.c:861: currentState = STATE_IDLE;
   10BA 78r00              5127 	mov	r0,#_currentState
   10BC E4                 5128 	clr	a
   10BD F2                 5129 	movx	@r0,a
                    10BE   5130 	C$slave_wixel_track.c$862$3$7 ==.
                           5131 ;	apps/slave_wixel_track/slave_wixel_track.c:862: homeSubState = 0;
   10BE 78r97              5132 	mov	r0,#_homeSubState
   10C0 E4                 5133 	clr	a
   10C1 F2                 5134 	movx	@r0,a
                    10C2   5135 	C$slave_wixel_track.c$863$3$7 ==.
                           5136 ;	apps/slave_wixel_track/slave_wixel_track.c:863: pwm_left = 0;
   10C2 78r27              5137 	mov	r0,#_pwm_left
   10C4 E4                 5138 	clr	a
   10C5 F2                 5139 	movx	@r0,a
   10C6 08                 5140 	inc	r0
   10C7 F2                 5141 	movx	@r0,a
                    10C8   5142 	C$slave_wixel_track.c$864$3$7 ==.
                           5143 ;	apps/slave_wixel_track/slave_wixel_track.c:864: pwm_right = 0;
   10C8 78r29              5144 	mov	r0,#_pwm_right
   10CA E4                 5145 	clr	a
   10CB F2                 5146 	movx	@r0,a
   10CC 08                 5147 	inc	r0
   10CD F2                 5148 	movx	@r0,a
                    10CE   5149 	C$slave_wixel_track.c$865$3$7 ==.
                           5150 ;	apps/slave_wixel_track/slave_wixel_track.c:865: stopMotors();
   10CE 12s08r62           5151 	lcall	_stopMotors
                    10D1   5152 	C$slave_wixel_track.c$866$3$7 ==.
                           5153 ;	apps/slave_wixel_track/slave_wixel_track.c:866: lastTargetX = 0;
   10D1 78r1D              5154 	mov	r0,#_lastTargetX
   10D3 E4                 5155 	clr	a
   10D4 F2                 5156 	movx	@r0,a
   10D5 08                 5157 	inc	r0
   10D6 F2                 5158 	movx	@r0,a
                    10D7   5159 	C$slave_wixel_track.c$867$3$7 ==.
                           5160 ;	apps/slave_wixel_track/slave_wixel_track.c:867: lastTargetY = 0;
   10D7 78r21              5161 	mov	r0,#_lastTargetY
   10D9 E4                 5162 	clr	a
   10DA F2                 5163 	movx	@r0,a
   10DB 08                 5164 	inc	r0
   10DC F2                 5165 	movx	@r0,a
   10DD 02s11rDF           5166 	ljmp	00133$
   10E0                    5167 00126$:
                    10E0   5168 	C$slave_wixel_track.c$872$3$8 ==.
                           5169 ;	apps/slave_wixel_track/slave_wixel_track.c:872: targetHeading = calculateTargetHeading(filteredX, filteredY, targetX, targetY);
   10E0 78r17              5170 	mov	r0,#_filteredY
   10E2 79rBE              5171 	mov	r1,#_calculateTargetHeading_PARM_2
   10E4 E2                 5172 	movx	a,@r0
   10E5 F3                 5173 	movx	@r1,a
   10E6 08                 5174 	inc	r0
   10E7 E2                 5175 	movx	a,@r0
   10E8 09                 5176 	inc	r1
   10E9 F3                 5177 	movx	@r1,a
   10EA 78r1B              5178 	mov	r0,#_targetX
   10EC 79rC0              5179 	mov	r1,#_calculateTargetHeading_PARM_3
   10EE E2                 5180 	movx	a,@r0
   10EF F3                 5181 	movx	@r1,a
   10F0 08                 5182 	inc	r0
   10F1 E2                 5183 	movx	a,@r0
   10F2 09                 5184 	inc	r1
   10F3 F3                 5185 	movx	@r1,a
   10F4 78r1F              5186 	mov	r0,#_targetY
   10F6 79rC2              5187 	mov	r1,#_calculateTargetHeading_PARM_4
   10F8 E2                 5188 	movx	a,@r0
   10F9 F3                 5189 	movx	@r1,a
   10FA 08                 5190 	inc	r0
   10FB E2                 5191 	movx	a,@r0
   10FC 09                 5192 	inc	r1
   10FD F3                 5193 	movx	@r1,a
   10FE 78r15              5194 	mov	r0,#_filteredX
   1100 E2                 5195 	movx	a,@r0
   1101 F5 82              5196 	mov	dpl,a
   1103 08                 5197 	inc	r0
   1104 E2                 5198 	movx	a,@r0
   1105 F5 83              5199 	mov	dph,a
   1107 12s00rEC           5200 	lcall	_calculateTargetHeading
   110A AE 82              5201 	mov	r6,dpl
   110C AF 83              5202 	mov	r7,dph
                    110E   5203 	C$slave_wixel_track.c$874$3$8 ==.
                           5204 ;	apps/slave_wixel_track/slave_wixel_track.c:874: headingError = targetHeading - filteredTheta;
   110E 78r19              5205 	mov	r0,#_filteredTheta
   1110 D3                 5206 	setb	c
   1111 E2                 5207 	movx	a,@r0
   1112 9E                 5208 	subb	a,r6
   1113 F4                 5209 	cpl	a
   1114 B3                 5210 	cpl	c
   1115 FC                 5211 	mov	r4,a
   1116 B3                 5212 	cpl	c
   1117 08                 5213 	inc	r0
   1118 E2                 5214 	movx	a,@r0
   1119 9F                 5215 	subb	a,r7
   111A F4                 5216 	cpl	a
   111B FD                 5217 	mov	r5,a
                    111C   5218 	C$slave_wixel_track.c$875$3$8 ==.
                           5219 ;	apps/slave_wixel_track/slave_wixel_track.c:875: if (headingError > 180)
   111C C3                 5220 	clr	c
   111D 74 B4              5221 	mov	a,#0xB4
   111F 9C                 5222 	subb	a,r4
   1120 E4                 5223 	clr	a
   1121 64 80              5224 	xrl	a,#0x80
   1123 8D F0              5225 	mov	b,r5
   1125 63 F0 80           5226 	xrl	b,#0x80
   1128 95 F0              5227 	subb	a,b
   112A 50 08              5228 	jnc	00111$
                    112C   5229 	C$slave_wixel_track.c$876$3$8 ==.
                           5230 ;	apps/slave_wixel_track/slave_wixel_track.c:876: headingError -= 360;
   112C EC                 5231 	mov	a,r4
   112D 24 98              5232 	add	a,#0x98
   112F FC                 5233 	mov	r4,a
   1130 ED                 5234 	mov	a,r5
   1131 34 FE              5235 	addc	a,#0xFE
   1133 FD                 5236 	mov	r5,a
   1134                    5237 00111$:
                    1134   5238 	C$slave_wixel_track.c$877$3$8 ==.
                           5239 ;	apps/slave_wixel_track/slave_wixel_track.c:877: if (headingError < -180)
   1134 C3                 5240 	clr	c
   1135 EC                 5241 	mov	a,r4
   1136 94 4C              5242 	subb	a,#0x4C
   1138 ED                 5243 	mov	a,r5
   1139 64 80              5244 	xrl	a,#0x80
   113B 94 7F              5245 	subb	a,#0x7f
   113D 50 08              5246 	jnc	00113$
                    113F   5247 	C$slave_wixel_track.c$878$3$8 ==.
                           5248 ;	apps/slave_wixel_track/slave_wixel_track.c:878: headingError += 360;
   113F 74 68              5249 	mov	a,#0x68
   1141 2C                 5250 	add	a,r4
   1142 FC                 5251 	mov	r4,a
   1143 74 01              5252 	mov	a,#0x01
   1145 3D                 5253 	addc	a,r5
   1146 FD                 5254 	mov	r5,a
   1147                    5255 00113$:
                    1147   5256 	C$slave_wixel_track.c$880$3$8 ==.
                           5257 ;	apps/slave_wixel_track/slave_wixel_track.c:880: abs_error = (headingError >= 0) ? headingError : -headingError;
   1147 ED                 5258 	mov	a,r5
   1148 33                 5259 	rlc	a
   1149 B3                 5260 	cpl	c
   114A E4                 5261 	clr	a
   114B 33                 5262 	rlc	a
   114C FF                 5263 	mov	r7,a
   114D 60 06              5264 	jz	00137$
   114F 8C 06              5265 	mov	ar6,r4
   1151 8D 07              5266 	mov	ar7,r5
   1153 80 07              5267 	sjmp	00138$
   1155                    5268 00137$:
   1155 C3                 5269 	clr	c
   1156 E4                 5270 	clr	a
   1157 9C                 5271 	subb	a,r4
   1158 FE                 5272 	mov	r6,a
   1159 E4                 5273 	clr	a
   115A 9D                 5274 	subb	a,r5
   115B FF                 5275 	mov	r7,a
   115C                    5276 00138$:
   115C 8E 02              5277 	mov	ar2,r6
   115E 8F 03              5278 	mov	ar3,r7
                    1160   5279 	C$slave_wixel_track.c$883$3$8 ==.
                           5280 ;	apps/slave_wixel_track/slave_wixel_track.c:883: if (abs_error > 45)
   1160 C3                 5281 	clr	c
   1161 74 2D              5282 	mov	a,#0x2D
   1163 9A                 5283 	subb	a,r2
   1164 E4                 5284 	clr	a
   1165 64 80              5285 	xrl	a,#0x80
   1167 8B F0              5286 	mov	b,r3
   1169 63 F0 80           5287 	xrl	b,#0x80
   116C 95 F0              5288 	subb	a,b
   116E 50 12              5289 	jnc	00123$
                    1170   5290 	C$slave_wixel_track.c$885$4$9 ==.
                           5291 ;	apps/slave_wixel_track/slave_wixel_track.c:885: homeSubState = 0;  // Back to rotation phase
   1170 78r97              5292 	mov	r0,#_homeSubState
   1172 E4                 5293 	clr	a
   1173 F2                 5294 	movx	@r0,a
                    1174   5295 	C$slave_wixel_track.c$886$4$9 ==.
                           5296 ;	apps/slave_wixel_track/slave_wixel_track.c:886: pwm_left = 0;
   1174 78r27              5297 	mov	r0,#_pwm_left
   1176 E4                 5298 	clr	a
   1177 F2                 5299 	movx	@r0,a
   1178 08                 5300 	inc	r0
   1179 F2                 5301 	movx	@r0,a
                    117A   5302 	C$slave_wixel_track.c$887$4$9 ==.
                           5303 ;	apps/slave_wixel_track/slave_wixel_track.c:887: pwm_right = 0;
   117A 78r29              5304 	mov	r0,#_pwm_right
   117C E4                 5305 	clr	a
   117D F2                 5306 	movx	@r0,a
   117E 08                 5307 	inc	r0
   117F F2                 5308 	movx	@r0,a
   1180 80 5D              5309 	sjmp	00133$
   1182                    5310 00123$:
                    1182   5311 	C$slave_wixel_track.c$892$4$10 ==.
                           5312 ;	apps/slave_wixel_track/slave_wixel_track.c:892: int16 steeringAdjust = (headingError * STEERING_KP);
   1182 8C 06              5313 	mov	ar6,r4
   1184 ED                 5314 	mov	a,r5
   1185 CE                 5315 	xch	a,r6
   1186 25 E0              5316 	add	a,acc
   1188 CE                 5317 	xch	a,r6
   1189 33                 5318 	rlc	a
   118A FF                 5319 	mov	r7,a
                    118B   5320 	C$slave_wixel_track.c$895$4$10 ==.
                           5321 ;	apps/slave_wixel_track/slave_wixel_track.c:895: if (steeringAdjust > MAX_STEERING_ADJUST)
   118B C3                 5322 	clr	c
   118C 74 1E              5323 	mov	a,#0x1E
   118E 9E                 5324 	subb	a,r6
   118F E4                 5325 	clr	a
   1190 64 80              5326 	xrl	a,#0x80
   1192 8F F0              5327 	mov	b,r7
   1194 63 F0 80           5328 	xrl	b,#0x80
   1197 95 F0              5329 	subb	a,b
   1199 50 04              5330 	jnc	00115$
                    119B   5331 	C$slave_wixel_track.c$896$4$10 ==.
                           5332 ;	apps/slave_wixel_track/slave_wixel_track.c:896: steeringAdjust = MAX_STEERING_ADJUST;
   119B 7E 1E              5333 	mov	r6,#0x1E
   119D 7F 00              5334 	mov	r7,#0x00
   119F                    5335 00115$:
                    119F   5336 	C$slave_wixel_track.c$897$4$10 ==.
                           5337 ;	apps/slave_wixel_track/slave_wixel_track.c:897: if (steeringAdjust < -MAX_STEERING_ADJUST)
   119F C3                 5338 	clr	c
   11A0 EE                 5339 	mov	a,r6
   11A1 94 E2              5340 	subb	a,#0xE2
   11A3 EF                 5341 	mov	a,r7
   11A4 64 80              5342 	xrl	a,#0x80
   11A6 94 7F              5343 	subb	a,#0x7f
   11A8 50 04              5344 	jnc	00117$
                    11AA   5345 	C$slave_wixel_track.c$898$4$10 ==.
                           5346 ;	apps/slave_wixel_track/slave_wixel_track.c:898: steeringAdjust = -MAX_STEERING_ADJUST;
   11AA 7E E2              5347 	mov	r6,#0xE2
   11AC 7F FF              5348 	mov	r7,#0xFF
   11AE                    5349 00117$:
                    11AE   5350 	C$slave_wixel_track.c$901$4$10 ==.
                           5351 ;	apps/slave_wixel_track/slave_wixel_track.c:901: pwm_left = FORWARD_SPEED_PWM - steeringAdjust;
   11AE 74 50              5352 	mov	a,#0x50
   11B0 C3                 5353 	clr	c
   11B1 9E                 5354 	subb	a,r6
   11B2 FC                 5355 	mov	r4,a
   11B3 E4                 5356 	clr	a
   11B4 9F                 5357 	subb	a,r7
   11B5 FD                 5358 	mov	r5,a
   11B6 78r27              5359 	mov	r0,#_pwm_left
   11B8 EC                 5360 	mov	a,r4
   11B9 F2                 5361 	movx	@r0,a
   11BA 08                 5362 	inc	r0
   11BB ED                 5363 	mov	a,r5
   11BC F2                 5364 	movx	@r0,a
                    11BD   5365 	C$slave_wixel_track.c$902$4$10 ==.
                           5366 ;	apps/slave_wixel_track/slave_wixel_track.c:902: pwm_right = FORWARD_SPEED_PWM + steeringAdjust;
   11BD 74 50              5367 	mov	a,#0x50
   11BF 2E                 5368 	add	a,r6
   11C0 FE                 5369 	mov	r6,a
   11C1 E4                 5370 	clr	a
   11C2 3F                 5371 	addc	a,r7
   11C3 FF                 5372 	mov	r7,a
   11C4 78r29              5373 	mov	r0,#_pwm_right
   11C6 EE                 5374 	mov	a,r6
   11C7 F2                 5375 	movx	@r0,a
   11C8 08                 5376 	inc	r0
   11C9 EF                 5377 	mov	a,r7
   11CA F2                 5378 	movx	@r0,a
                    11CB   5379 	C$slave_wixel_track.c$905$4$10 ==.
                           5380 ;	apps/slave_wixel_track/slave_wixel_track.c:905: if (pwm_left < 0) pwm_left = 0;
   11CB ED                 5381 	mov	a,r5
   11CC 30 E7 06           5382 	jnb	acc.7,00119$
   11CF 78r27              5383 	mov	r0,#_pwm_left
   11D1 E4                 5384 	clr	a
   11D2 F2                 5385 	movx	@r0,a
   11D3 08                 5386 	inc	r0
   11D4 F2                 5387 	movx	@r0,a
   11D5                    5388 00119$:
                    11D5   5389 	C$slave_wixel_track.c$906$4$10 ==.
                           5390 ;	apps/slave_wixel_track/slave_wixel_track.c:906: if (pwm_right < 0) pwm_right = 0;
   11D5 EF                 5391 	mov	a,r7
   11D6 30 E7 06           5392 	jnb	acc.7,00133$
   11D9 78r29              5393 	mov	r0,#_pwm_right
   11DB E4                 5394 	clr	a
   11DC F2                 5395 	movx	@r0,a
   11DD 08                 5396 	inc	r0
   11DE F2                 5397 	movx	@r0,a
   11DF                    5398 00133$:
                    11DF   5399 	C$slave_wixel_track.c$911$2$1 ==.
                    11DF   5400 	XG$updateHomeState$0$0 ==.
   11DF 22                 5401 	ret
                           5402 ;------------------------------------------------------------
                           5403 ;Allocation info for local variables in function 'updateRunState'
                           5404 ;------------------------------------------------------------
                    11E0   5405 	G$updateRunState$0$0 ==.
                    11E0   5406 	C$slave_wixel_track.c$913$2$1 ==.
                           5407 ;	apps/slave_wixel_track/slave_wixel_track.c:913: void updateRunState()
                           5408 ;	-----------------------------------------
                           5409 ;	 function updateRunState
                           5410 ;	-----------------------------------------
   11E0                    5411 _updateRunState:
                    11E0   5412 	C$slave_wixel_track.c$915$1$1 ==.
                           5413 ;	apps/slave_wixel_track/slave_wixel_track.c:915: uint32 elapsedTime = now - stateStartTime;
   11E0 78r07              5414 	mov	r0,#_now
   11E2 79r23              5415 	mov	r1,#_stateStartTime
   11E4 E3                 5416 	movx	a,@r1
   11E5 F5 F0              5417 	mov	b,a
   11E7 C3                 5418 	clr	c
   11E8 E2                 5419 	movx	a,@r0
   11E9 95 F0              5420 	subb	a,b
   11EB FC                 5421 	mov	r4,a
   11EC 09                 5422 	inc	r1
   11ED E3                 5423 	movx	a,@r1
   11EE F5 F0              5424 	mov	b,a
   11F0 08                 5425 	inc	r0
   11F1 E2                 5426 	movx	a,@r0
   11F2 95 F0              5427 	subb	a,b
   11F4 FD                 5428 	mov	r5,a
   11F5 09                 5429 	inc	r1
   11F6 E3                 5430 	movx	a,@r1
   11F7 F5 F0              5431 	mov	b,a
   11F9 08                 5432 	inc	r0
   11FA E2                 5433 	movx	a,@r0
   11FB 95 F0              5434 	subb	a,b
   11FD FE                 5435 	mov	r6,a
   11FE 09                 5436 	inc	r1
   11FF E3                 5437 	movx	a,@r1
   1200 F5 F0              5438 	mov	b,a
   1202 08                 5439 	inc	r0
   1203 E2                 5440 	movx	a,@r0
   1204 95 F0              5441 	subb	a,b
   1206 FF                 5442 	mov	r7,a
                    1207   5443 	C$slave_wixel_track.c$920$1$1 ==.
                           5444 ;	apps/slave_wixel_track/slave_wixel_track.c:920: if (elapsedTime >= RUN_TIMEOUT)
   1207 C3                 5445 	clr	c
   1208 EC                 5446 	mov	a,r4
   1209 94 60              5447 	subb	a,#0x60
   120B ED                 5448 	mov	a,r5
   120C 94 EA              5449 	subb	a,#0xEA
   120E EE                 5450 	mov	a,r6
   120F 94 00              5451 	subb	a,#0x00
   1211 EF                 5452 	mov	a,r7
   1212 94 00              5453 	subb	a,#0x00
   1214 40 22              5454 	jc	00102$
                    1216   5455 	C$slave_wixel_track.c$922$2$2 ==.
                           5456 ;	apps/slave_wixel_track/slave_wixel_track.c:922: currentState = STATE_IDLE;
   1216 78r00              5457 	mov	r0,#_currentState
   1218 E4                 5458 	clr	a
   1219 F2                 5459 	movx	@r0,a
                    121A   5460 	C$slave_wixel_track.c$923$2$2 ==.
                           5461 ;	apps/slave_wixel_track/slave_wixel_track.c:923: waypointCount = 0;
   121A 78r93              5462 	mov	r0,#_waypointCount
   121C E4                 5463 	clr	a
   121D F2                 5464 	movx	@r0,a
                    121E   5465 	C$slave_wixel_track.c$924$2$2 ==.
                           5466 ;	apps/slave_wixel_track/slave_wixel_track.c:924: currentWaypointIndex = 0;
   121E 78r95              5467 	mov	r0,#_currentWaypointIndex
   1220 E4                 5468 	clr	a
   1221 F2                 5469 	movx	@r0,a
                    1222   5470 	C$slave_wixel_track.c$925$2$2 ==.
                           5471 ;	apps/slave_wixel_track/slave_wixel_track.c:925: runSubState = 0;
   1222 78r96              5472 	mov	r0,#_runSubState
   1224 E4                 5473 	clr	a
   1225 F2                 5474 	movx	@r0,a
                    1226   5475 	C$slave_wixel_track.c$926$2$2 ==.
                           5476 ;	apps/slave_wixel_track/slave_wixel_track.c:926: pwm_left = 0;
   1226 78r27              5477 	mov	r0,#_pwm_left
   1228 E4                 5478 	clr	a
   1229 F2                 5479 	movx	@r0,a
   122A 08                 5480 	inc	r0
   122B F2                 5481 	movx	@r0,a
                    122C   5482 	C$slave_wixel_track.c$927$2$2 ==.
                           5483 ;	apps/slave_wixel_track/slave_wixel_track.c:927: pwm_right = 0;
   122C 78r29              5484 	mov	r0,#_pwm_right
   122E E4                 5485 	clr	a
   122F F2                 5486 	movx	@r0,a
   1230 08                 5487 	inc	r0
   1231 F2                 5488 	movx	@r0,a
                    1232   5489 	C$slave_wixel_track.c$928$2$2 ==.
                           5490 ;	apps/slave_wixel_track/slave_wixel_track.c:928: stopMotors();
   1232 12s08r62           5491 	lcall	_stopMotors
                    1235   5492 	C$slave_wixel_track.c$929$2$2 ==.
                           5493 ;	apps/slave_wixel_track/slave_wixel_track.c:929: return;
   1235 02s14r89           5494 	ljmp	00135$
   1238                    5495 00102$:
                    1238   5496 	C$slave_wixel_track.c$932$1$1 ==.
                           5497 ;	apps/slave_wixel_track/slave_wixel_track.c:932: if (currentWaypointIndex >= waypointCount)
   1238 78r95              5498 	mov	r0,#_currentWaypointIndex
   123A 79r93              5499 	mov	r1,#_waypointCount
   123C C3                 5500 	clr	c
   123D E3                 5501 	movx	a,@r1
   123E F5 F0              5502 	mov	b,a
   1240 E2                 5503 	movx	a,@r0
   1241 95 F0              5504 	subb	a,b
   1243 40 22              5505 	jc	00104$
                    1245   5506 	C$slave_wixel_track.c$935$2$3 ==.
                           5507 ;	apps/slave_wixel_track/slave_wixel_track.c:935: currentState = STATE_IDLE;
   1245 78r00              5508 	mov	r0,#_currentState
   1247 E4                 5509 	clr	a
   1248 F2                 5510 	movx	@r0,a
                    1249   5511 	C$slave_wixel_track.c$936$2$3 ==.
                           5512 ;	apps/slave_wixel_track/slave_wixel_track.c:936: waypointCount = 0;
   1249 78r93              5513 	mov	r0,#_waypointCount
   124B E4                 5514 	clr	a
   124C F2                 5515 	movx	@r0,a
                    124D   5516 	C$slave_wixel_track.c$937$2$3 ==.
                           5517 ;	apps/slave_wixel_track/slave_wixel_track.c:937: currentWaypointIndex = 0;
   124D 78r95              5518 	mov	r0,#_currentWaypointIndex
   124F E4                 5519 	clr	a
   1250 F2                 5520 	movx	@r0,a
                    1251   5521 	C$slave_wixel_track.c$938$2$3 ==.
                           5522 ;	apps/slave_wixel_track/slave_wixel_track.c:938: runSubState = 0;
   1251 78r96              5523 	mov	r0,#_runSubState
   1253 E4                 5524 	clr	a
   1254 F2                 5525 	movx	@r0,a
                    1255   5526 	C$slave_wixel_track.c$939$2$3 ==.
                           5527 ;	apps/slave_wixel_track/slave_wixel_track.c:939: pwm_left = 0;
   1255 78r27              5528 	mov	r0,#_pwm_left
   1257 E4                 5529 	clr	a
   1258 F2                 5530 	movx	@r0,a
   1259 08                 5531 	inc	r0
   125A F2                 5532 	movx	@r0,a
                    125B   5533 	C$slave_wixel_track.c$940$2$3 ==.
                           5534 ;	apps/slave_wixel_track/slave_wixel_track.c:940: pwm_right = 0;
   125B 78r29              5535 	mov	r0,#_pwm_right
   125D E4                 5536 	clr	a
   125E F2                 5537 	movx	@r0,a
   125F 08                 5538 	inc	r0
   1260 F2                 5539 	movx	@r0,a
                    1261   5540 	C$slave_wixel_track.c$941$2$3 ==.
                           5541 ;	apps/slave_wixel_track/slave_wixel_track.c:941: stopMotors();
   1261 12s08r62           5542 	lcall	_stopMotors
                    1264   5543 	C$slave_wixel_track.c$942$2$3 ==.
                           5544 ;	apps/slave_wixel_track/slave_wixel_track.c:942: return;
   1264 02s14r89           5545 	ljmp	00135$
   1267                    5546 00104$:
                    1267   5547 	C$slave_wixel_track.c$946$1$1 ==.
                           5548 ;	apps/slave_wixel_track/slave_wixel_track.c:946: targetX = waypoints[currentWaypointIndex].x;
   1267 78r95              5549 	mov	r0,#_currentWaypointIndex
   1269 E2                 5550 	movx	a,@r0
   126A 75 F0 05           5551 	mov	b,#0x05
   126D A4                 5552 	mul	ab
   126E 24r2F              5553 	add	a,#_waypoints
   1270 FF                 5554 	mov	r7,a
   1271 04                 5555 	inc	a
   1272 F9                 5556 	mov	r1,a
   1273 E3                 5557 	movx	a,@r1
   1274 FD                 5558 	mov	r5,a
   1275 09                 5559 	inc	r1
   1276 E3                 5560 	movx	a,@r1
   1277 FE                 5561 	mov	r6,a
   1278 78r1B              5562 	mov	r0,#_targetX
   127A ED                 5563 	mov	a,r5
   127B F2                 5564 	movx	@r0,a
   127C 08                 5565 	inc	r0
   127D EE                 5566 	mov	a,r6
   127E F2                 5567 	movx	@r0,a
                    127F   5568 	C$slave_wixel_track.c$947$1$1 ==.
                           5569 ;	apps/slave_wixel_track/slave_wixel_track.c:947: targetY = waypoints[currentWaypointIndex].y;
   127F 74 03              5570 	mov	a,#0x03
   1281 2F                 5571 	add	a,r7
   1282 F9                 5572 	mov	r1,a
   1283 E3                 5573 	movx	a,@r1
   1284 FC                 5574 	mov	r4,a
   1285 09                 5575 	inc	r1
   1286 E3                 5576 	movx	a,@r1
   1287 FF                 5577 	mov	r7,a
   1288 78r1F              5578 	mov	r0,#_targetY
   128A EC                 5579 	mov	a,r4
   128B F2                 5580 	movx	@r0,a
   128C 08                 5581 	inc	r0
   128D EF                 5582 	mov	a,r7
   128E F2                 5583 	movx	@r0,a
                    128F   5584 	C$slave_wixel_track.c$949$1$1 ==.
                           5585 ;	apps/slave_wixel_track/slave_wixel_track.c:949: if (runSubState == 0)
   128F 78r96              5586 	mov	r0,#_runSubState
   1291 E2                 5587 	movx	a,@r0
   1292 60 03              5588 	jz	00160$
   1294 02s13r36           5589 	ljmp	00133$
   1297                    5590 00160$:
                    1297   5591 	C$slave_wixel_track.c$952$2$4 ==.
                           5592 ;	apps/slave_wixel_track/slave_wixel_track.c:952: targetHeading = calculateTargetHeading(filteredX, filteredY, targetX, targetY);
   1297 78r17              5593 	mov	r0,#_filteredY
   1299 79rBE              5594 	mov	r1,#_calculateTargetHeading_PARM_2
   129B E2                 5595 	movx	a,@r0
   129C F3                 5596 	movx	@r1,a
   129D 08                 5597 	inc	r0
   129E E2                 5598 	movx	a,@r0
   129F 09                 5599 	inc	r1
   12A0 F3                 5600 	movx	@r1,a
   12A1 78rC0              5601 	mov	r0,#_calculateTargetHeading_PARM_3
   12A3 ED                 5602 	mov	a,r5
   12A4 F2                 5603 	movx	@r0,a
   12A5 08                 5604 	inc	r0
   12A6 EE                 5605 	mov	a,r6
   12A7 F2                 5606 	movx	@r0,a
   12A8 78rC2              5607 	mov	r0,#_calculateTargetHeading_PARM_4
   12AA EC                 5608 	mov	a,r4
   12AB F2                 5609 	movx	@r0,a
   12AC 08                 5610 	inc	r0
   12AD EF                 5611 	mov	a,r7
   12AE F2                 5612 	movx	@r0,a
   12AF 78r15              5613 	mov	r0,#_filteredX
   12B1 E2                 5614 	movx	a,@r0
   12B2 F5 82              5615 	mov	dpl,a
   12B4 08                 5616 	inc	r0
   12B5 E2                 5617 	movx	a,@r0
   12B6 F5 83              5618 	mov	dph,a
   12B8 12s00rEC           5619 	lcall	_calculateTargetHeading
   12BB AF 82              5620 	mov	r7,dpl
   12BD AE 83              5621 	mov	r6,dph
                    12BF   5622 	C$slave_wixel_track.c$954$2$4 ==.
                           5623 ;	apps/slave_wixel_track/slave_wixel_track.c:954: headingError = targetHeading - filteredTheta;
   12BF 78r19              5624 	mov	r0,#_filteredTheta
   12C1 D3                 5625 	setb	c
   12C2 E2                 5626 	movx	a,@r0
   12C3 9F                 5627 	subb	a,r7
   12C4 F4                 5628 	cpl	a
   12C5 B3                 5629 	cpl	c
   12C6 FD                 5630 	mov	r5,a
   12C7 B3                 5631 	cpl	c
   12C8 08                 5632 	inc	r0
   12C9 E2                 5633 	movx	a,@r0
   12CA 9E                 5634 	subb	a,r6
   12CB F4                 5635 	cpl	a
   12CC FC                 5636 	mov	r4,a
                    12CD   5637 	C$slave_wixel_track.c$955$2$4 ==.
                           5638 ;	apps/slave_wixel_track/slave_wixel_track.c:955: if (headingError > 180)
   12CD C3                 5639 	clr	c
   12CE 74 B4              5640 	mov	a,#0xB4
   12D0 9D                 5641 	subb	a,r5
   12D1 E4                 5642 	clr	a
   12D2 64 80              5643 	xrl	a,#0x80
   12D4 8C F0              5644 	mov	b,r4
   12D6 63 F0 80           5645 	xrl	b,#0x80
   12D9 95 F0              5646 	subb	a,b
   12DB 50 08              5647 	jnc	00106$
                    12DD   5648 	C$slave_wixel_track.c$956$2$4 ==.
                           5649 ;	apps/slave_wixel_track/slave_wixel_track.c:956: headingError -= 360;
   12DD ED                 5650 	mov	a,r5
   12DE 24 98              5651 	add	a,#0x98
   12E0 FD                 5652 	mov	r5,a
   12E1 EC                 5653 	mov	a,r4
   12E2 34 FE              5654 	addc	a,#0xFE
   12E4 FC                 5655 	mov	r4,a
   12E5                    5656 00106$:
                    12E5   5657 	C$slave_wixel_track.c$957$2$4 ==.
                           5658 ;	apps/slave_wixel_track/slave_wixel_track.c:957: if (headingError < -180)
   12E5 C3                 5659 	clr	c
   12E6 ED                 5660 	mov	a,r5
   12E7 94 4C              5661 	subb	a,#0x4C
   12E9 EC                 5662 	mov	a,r4
   12EA 64 80              5663 	xrl	a,#0x80
   12EC 94 7F              5664 	subb	a,#0x7f
   12EE 50 08              5665 	jnc	00108$
                    12F0   5666 	C$slave_wixel_track.c$958$2$4 ==.
                           5667 ;	apps/slave_wixel_track/slave_wixel_track.c:958: headingError += 360;
   12F0 74 68              5668 	mov	a,#0x68
   12F2 2D                 5669 	add	a,r5
   12F3 FD                 5670 	mov	r5,a
   12F4 74 01              5671 	mov	a,#0x01
   12F6 3C                 5672 	addc	a,r4
   12F7 FC                 5673 	mov	r4,a
   12F8                    5674 00108$:
                    12F8   5675 	C$slave_wixel_track.c$960$2$4 ==.
                           5676 ;	apps/slave_wixel_track/slave_wixel_track.c:960: abs_error = (headingError >= 0) ? headingError : -headingError;
   12F8 EC                 5677 	mov	a,r4
   12F9 33                 5678 	rlc	a
   12FA B3                 5679 	cpl	c
   12FB E4                 5680 	clr	a
   12FC 33                 5681 	rlc	a
   12FD FB                 5682 	mov	r3,a
   12FE 60 06              5683 	jz	00137$
   1300 8D 02              5684 	mov	ar2,r5
   1302 8C 03              5685 	mov	ar3,r4
   1304 80 07              5686 	sjmp	00138$
   1306                    5687 00137$:
   1306 C3                 5688 	clr	c
   1307 E4                 5689 	clr	a
   1308 9D                 5690 	subb	a,r5
   1309 FA                 5691 	mov	r2,a
   130A E4                 5692 	clr	a
   130B 9C                 5693 	subb	a,r4
   130C FB                 5694 	mov	r3,a
   130D                    5695 00138$:
                    130D   5696 	C$slave_wixel_track.c$962$2$4 ==.
                           5697 ;	apps/slave_wixel_track/slave_wixel_track.c:962: if (abs_error < HEADING_THRESHOLD)
   130D C3                 5698 	clr	c
   130E EA                 5699 	mov	a,r2
   130F 94 05              5700 	subb	a,#0x05
   1311 EB                 5701 	mov	a,r3
   1312 64 80              5702 	xrl	a,#0x80
   1314 94 80              5703 	subb	a,#0x80
   1316 50 08              5704 	jnc	00110$
                    1318   5705 	C$slave_wixel_track.c$965$3$5 ==.
                           5706 ;	apps/slave_wixel_track/slave_wixel_track.c:965: runSubState = 1;
   1318 78r96              5707 	mov	r0,#_runSubState
   131A 74 01              5708 	mov	a,#0x01
   131C F2                 5709 	movx	@r0,a
   131D 02s14r89           5710 	ljmp	00135$
   1320                    5711 00110$:
                    1320   5712 	C$slave_wixel_track.c$969$3$6 ==.
                           5713 ;	apps/slave_wixel_track/slave_wixel_track.c:969: rotationController(filteredTheta, targetHeading);
   1320 78rD6              5714 	mov	r0,#_rotationController_PARM_2
   1322 EF                 5715 	mov	a,r7
   1323 F2                 5716 	movx	@r0,a
   1324 08                 5717 	inc	r0
   1325 EE                 5718 	mov	a,r6
   1326 F2                 5719 	movx	@r0,a
   1327 78r19              5720 	mov	r0,#_filteredTheta
   1329 E2                 5721 	movx	a,@r0
   132A F5 82              5722 	mov	dpl,a
   132C 08                 5723 	inc	r0
   132D E2                 5724 	movx	a,@r0
   132E F5 83              5725 	mov	dph,a
   1330 12s06rC5           5726 	lcall	_rotationController
   1333 02s14r89           5727 	ljmp	00135$
   1336                    5728 00133$:
                    1336   5729 	C$slave_wixel_track.c$972$1$1 ==.
                           5730 ;	apps/slave_wixel_track/slave_wixel_track.c:972: else if (runSubState == 1)
   1336 78r96              5731 	mov	r0,#_runSubState
   1338 E2                 5732 	movx	a,@r0
   1339 B4 01 02           5733 	cjne	a,#0x01,00166$
   133C 80 03              5734 	sjmp	00167$
   133E                    5735 00166$:
   133E 02s14r89           5736 	ljmp	00135$
   1341                    5737 00167$:
                    1341   5738 	C$slave_wixel_track.c$975$2$7 ==.
                           5739 ;	apps/slave_wixel_track/slave_wixel_track.c:975: if (isWithinThreshold(filteredX, filteredY, targetX, targetY, GOAL_THRESHOLD))
   1341 78r17              5740 	mov	r0,#_filteredY
   1343 79rB2              5741 	mov	r1,#_isWithinThreshold_PARM_2
   1345 E2                 5742 	movx	a,@r0
   1346 F3                 5743 	movx	@r1,a
   1347 08                 5744 	inc	r0
   1348 E2                 5745 	movx	a,@r0
   1349 09                 5746 	inc	r1
   134A F3                 5747 	movx	@r1,a
   134B 78rB4              5748 	mov	r0,#_isWithinThreshold_PARM_3
   134D ED                 5749 	mov	a,r5
   134E F2                 5750 	movx	@r0,a
   134F 08                 5751 	inc	r0
   1350 EE                 5752 	mov	a,r6
   1351 F2                 5753 	movx	@r0,a
   1352 78rB6              5754 	mov	r0,#_isWithinThreshold_PARM_4
   1354 EC                 5755 	mov	a,r4
   1355 F2                 5756 	movx	@r0,a
   1356 08                 5757 	inc	r0
   1357 EF                 5758 	mov	a,r7
   1358 F2                 5759 	movx	@r0,a
   1359 78rB8              5760 	mov	r0,#_isWithinThreshold_PARM_5
   135B 74 96              5761 	mov	a,#0x96
   135D F2                 5762 	movx	@r0,a
   135E 08                 5763 	inc	r0
   135F E4                 5764 	clr	a
   1360 F2                 5765 	movx	@r0,a
   1361 78r15              5766 	mov	r0,#_filteredX
   1363 E2                 5767 	movx	a,@r0
   1364 F5 82              5768 	mov	dpl,a
   1366 08                 5769 	inc	r0
   1367 E2                 5770 	movx	a,@r0
   1368 F5 83              5771 	mov	dph,a
   136A 12s00r1A           5772 	lcall	_isWithinThreshold
   136D E5 82              5773 	mov	a,dpl
   136F 60 19              5774 	jz	00128$
                    1371   5775 	C$slave_wixel_track.c$978$3$8 ==.
                           5776 ;	apps/slave_wixel_track/slave_wixel_track.c:978: currentWaypointIndex++;
   1371 78r95              5777 	mov	r0,#_currentWaypointIndex
   1373 E2                 5778 	movx	a,@r0
   1374 24 01              5779 	add	a,#0x01
   1376 F2                 5780 	movx	@r0,a
                    1377   5781 	C$slave_wixel_track.c$979$3$8 ==.
                           5782 ;	apps/slave_wixel_track/slave_wixel_track.c:979: runSubState = 0;  // Reset to rotation for next waypoint
   1377 78r96              5783 	mov	r0,#_runSubState
   1379 E4                 5784 	clr	a
   137A F2                 5785 	movx	@r0,a
                    137B   5786 	C$slave_wixel_track.c$980$3$8 ==.
                           5787 ;	apps/slave_wixel_track/slave_wixel_track.c:980: pwm_left = 0;
   137B 78r27              5788 	mov	r0,#_pwm_left
   137D E4                 5789 	clr	a
   137E F2                 5790 	movx	@r0,a
   137F 08                 5791 	inc	r0
   1380 F2                 5792 	movx	@r0,a
                    1381   5793 	C$slave_wixel_track.c$981$3$8 ==.
                           5794 ;	apps/slave_wixel_track/slave_wixel_track.c:981: pwm_right = 0;
   1381 78r29              5795 	mov	r0,#_pwm_right
   1383 E4                 5796 	clr	a
   1384 F2                 5797 	movx	@r0,a
   1385 08                 5798 	inc	r0
   1386 F2                 5799 	movx	@r0,a
   1387 02s14r89           5800 	ljmp	00135$
   138A                    5801 00128$:
                    138A   5802 	C$slave_wixel_track.c$986$3$9 ==.
                           5803 ;	apps/slave_wixel_track/slave_wixel_track.c:986: targetHeading = calculateTargetHeading(filteredX, filteredY, targetX, targetY);
   138A 78r17              5804 	mov	r0,#_filteredY
   138C 79rBE              5805 	mov	r1,#_calculateTargetHeading_PARM_2
   138E E2                 5806 	movx	a,@r0
   138F F3                 5807 	movx	@r1,a
   1390 08                 5808 	inc	r0
   1391 E2                 5809 	movx	a,@r0
   1392 09                 5810 	inc	r1
   1393 F3                 5811 	movx	@r1,a
   1394 78r1B              5812 	mov	r0,#_targetX
   1396 79rC0              5813 	mov	r1,#_calculateTargetHeading_PARM_3
   1398 E2                 5814 	movx	a,@r0
   1399 F3                 5815 	movx	@r1,a
   139A 08                 5816 	inc	r0
   139B E2                 5817 	movx	a,@r0
   139C 09                 5818 	inc	r1
   139D F3                 5819 	movx	@r1,a
   139E 78r1F              5820 	mov	r0,#_targetY
   13A0 79rC2              5821 	mov	r1,#_calculateTargetHeading_PARM_4
   13A2 E2                 5822 	movx	a,@r0
   13A3 F3                 5823 	movx	@r1,a
   13A4 08                 5824 	inc	r0
   13A5 E2                 5825 	movx	a,@r0
   13A6 09                 5826 	inc	r1
   13A7 F3                 5827 	movx	@r1,a
   13A8 78r15              5828 	mov	r0,#_filteredX
   13AA E2                 5829 	movx	a,@r0
   13AB F5 82              5830 	mov	dpl,a
   13AD 08                 5831 	inc	r0
   13AE E2                 5832 	movx	a,@r0
   13AF F5 83              5833 	mov	dph,a
   13B1 12s00rEC           5834 	lcall	_calculateTargetHeading
   13B4 AF 82              5835 	mov	r7,dpl
   13B6 AE 83              5836 	mov	r6,dph
                    13B8   5837 	C$slave_wixel_track.c$988$3$9 ==.
                           5838 ;	apps/slave_wixel_track/slave_wixel_track.c:988: headingError = targetHeading - filteredTheta;
   13B8 78r19              5839 	mov	r0,#_filteredTheta
   13BA D3                 5840 	setb	c
   13BB E2                 5841 	movx	a,@r0
   13BC 9F                 5842 	subb	a,r7
   13BD F4                 5843 	cpl	a
   13BE B3                 5844 	cpl	c
   13BF FD                 5845 	mov	r5,a
   13C0 B3                 5846 	cpl	c
   13C1 08                 5847 	inc	r0
   13C2 E2                 5848 	movx	a,@r0
   13C3 9E                 5849 	subb	a,r6
   13C4 F4                 5850 	cpl	a
   13C5 FC                 5851 	mov	r4,a
                    13C6   5852 	C$slave_wixel_track.c$989$3$9 ==.
                           5853 ;	apps/slave_wixel_track/slave_wixel_track.c:989: if (headingError > 180)
   13C6 C3                 5854 	clr	c
   13C7 74 B4              5855 	mov	a,#0xB4
   13C9 9D                 5856 	subb	a,r5
   13CA E4                 5857 	clr	a
   13CB 64 80              5858 	xrl	a,#0x80
   13CD 8C F0              5859 	mov	b,r4
   13CF 63 F0 80           5860 	xrl	b,#0x80
   13D2 95 F0              5861 	subb	a,b
   13D4 50 08              5862 	jnc	00113$
                    13D6   5863 	C$slave_wixel_track.c$990$3$9 ==.
                           5864 ;	apps/slave_wixel_track/slave_wixel_track.c:990: headingError -= 360;
   13D6 ED                 5865 	mov	a,r5
   13D7 24 98              5866 	add	a,#0x98
   13D9 FD                 5867 	mov	r5,a
   13DA EC                 5868 	mov	a,r4
   13DB 34 FE              5869 	addc	a,#0xFE
   13DD FC                 5870 	mov	r4,a
   13DE                    5871 00113$:
                    13DE   5872 	C$slave_wixel_track.c$991$3$9 ==.
                           5873 ;	apps/slave_wixel_track/slave_wixel_track.c:991: if (headingError < -180)
   13DE C3                 5874 	clr	c
   13DF ED                 5875 	mov	a,r5
   13E0 94 4C              5876 	subb	a,#0x4C
   13E2 EC                 5877 	mov	a,r4
   13E3 64 80              5878 	xrl	a,#0x80
   13E5 94 7F              5879 	subb	a,#0x7f
   13E7 50 08              5880 	jnc	00115$
                    13E9   5881 	C$slave_wixel_track.c$992$3$9 ==.
                           5882 ;	apps/slave_wixel_track/slave_wixel_track.c:992: headingError += 360;
   13E9 74 68              5883 	mov	a,#0x68
   13EB 2D                 5884 	add	a,r5
   13EC FD                 5885 	mov	r5,a
   13ED 74 01              5886 	mov	a,#0x01
   13EF 3C                 5887 	addc	a,r4
   13F0 FC                 5888 	mov	r4,a
   13F1                    5889 00115$:
                    13F1   5890 	C$slave_wixel_track.c$994$3$9 ==.
                           5891 ;	apps/slave_wixel_track/slave_wixel_track.c:994: abs_error = (headingError >= 0) ? headingError : -headingError;
   13F1 EC                 5892 	mov	a,r4
   13F2 33                 5893 	rlc	a
   13F3 B3                 5894 	cpl	c
   13F4 E4                 5895 	clr	a
   13F5 33                 5896 	rlc	a
   13F6 FF                 5897 	mov	r7,a
   13F7 60 06              5898 	jz	00139$
   13F9 8D 06              5899 	mov	ar6,r5
   13FB 8C 07              5900 	mov	ar7,r4
   13FD 80 07              5901 	sjmp	00140$
   13FF                    5902 00139$:
   13FF C3                 5903 	clr	c
   1400 E4                 5904 	clr	a
   1401 9D                 5905 	subb	a,r5
   1402 FE                 5906 	mov	r6,a
   1403 E4                 5907 	clr	a
   1404 9C                 5908 	subb	a,r4
   1405 FF                 5909 	mov	r7,a
   1406                    5910 00140$:
   1406 8E 02              5911 	mov	ar2,r6
   1408 8F 03              5912 	mov	ar3,r7
                    140A   5913 	C$slave_wixel_track.c$997$3$9 ==.
                           5914 ;	apps/slave_wixel_track/slave_wixel_track.c:997: if (abs_error > 45)
   140A C3                 5915 	clr	c
   140B 74 2D              5916 	mov	a,#0x2D
   140D 9A                 5917 	subb	a,r2
   140E E4                 5918 	clr	a
   140F 64 80              5919 	xrl	a,#0x80
   1411 8B F0              5920 	mov	b,r3
   1413 63 F0 80           5921 	xrl	b,#0x80
   1416 95 F0              5922 	subb	a,b
   1418 50 12              5923 	jnc	00125$
                    141A   5924 	C$slave_wixel_track.c$999$4$10 ==.
                           5925 ;	apps/slave_wixel_track/slave_wixel_track.c:999: runSubState = 0;  // Back to rotation phase
   141A 78r96              5926 	mov	r0,#_runSubState
   141C E4                 5927 	clr	a
   141D F2                 5928 	movx	@r0,a
                    141E   5929 	C$slave_wixel_track.c$1000$4$10 ==.
                           5930 ;	apps/slave_wixel_track/slave_wixel_track.c:1000: pwm_left = 0;
   141E 78r27              5931 	mov	r0,#_pwm_left
   1420 E4                 5932 	clr	a
   1421 F2                 5933 	movx	@r0,a
   1422 08                 5934 	inc	r0
   1423 F2                 5935 	movx	@r0,a
                    1424   5936 	C$slave_wixel_track.c$1001$4$10 ==.
                           5937 ;	apps/slave_wixel_track/slave_wixel_track.c:1001: pwm_right = 0;
   1424 78r29              5938 	mov	r0,#_pwm_right
   1426 E4                 5939 	clr	a
   1427 F2                 5940 	movx	@r0,a
   1428 08                 5941 	inc	r0
   1429 F2                 5942 	movx	@r0,a
   142A 80 5D              5943 	sjmp	00135$
   142C                    5944 00125$:
                    142C   5945 	C$slave_wixel_track.c$1006$4$11 ==.
                           5946 ;	apps/slave_wixel_track/slave_wixel_track.c:1006: int16 steeringAdjust = (headingError * STEERING_KP);
   142C 8D 06              5947 	mov	ar6,r5
   142E EC                 5948 	mov	a,r4
   142F CE                 5949 	xch	a,r6
   1430 25 E0              5950 	add	a,acc
   1432 CE                 5951 	xch	a,r6
   1433 33                 5952 	rlc	a
   1434 FF                 5953 	mov	r7,a
                    1435   5954 	C$slave_wixel_track.c$1009$4$11 ==.
                           5955 ;	apps/slave_wixel_track/slave_wixel_track.c:1009: if (steeringAdjust > MAX_STEERING_ADJUST)
   1435 C3                 5956 	clr	c
   1436 74 1E              5957 	mov	a,#0x1E
   1438 9E                 5958 	subb	a,r6
   1439 E4                 5959 	clr	a
   143A 64 80              5960 	xrl	a,#0x80
   143C 8F F0              5961 	mov	b,r7
   143E 63 F0 80           5962 	xrl	b,#0x80
   1441 95 F0              5963 	subb	a,b
   1443 50 04              5964 	jnc	00117$
                    1445   5965 	C$slave_wixel_track.c$1010$4$11 ==.
                           5966 ;	apps/slave_wixel_track/slave_wixel_track.c:1010: steeringAdjust = MAX_STEERING_ADJUST;
   1445 7E 1E              5967 	mov	r6,#0x1E
   1447 7F 00              5968 	mov	r7,#0x00
   1449                    5969 00117$:
                    1449   5970 	C$slave_wixel_track.c$1011$4$11 ==.
                           5971 ;	apps/slave_wixel_track/slave_wixel_track.c:1011: if (steeringAdjust < -MAX_STEERING_ADJUST)
   1449 C3                 5972 	clr	c
   144A EE                 5973 	mov	a,r6
   144B 94 E2              5974 	subb	a,#0xE2
   144D EF                 5975 	mov	a,r7
   144E 64 80              5976 	xrl	a,#0x80
   1450 94 7F              5977 	subb	a,#0x7f
   1452 50 04              5978 	jnc	00119$
                    1454   5979 	C$slave_wixel_track.c$1012$4$11 ==.
                           5980 ;	apps/slave_wixel_track/slave_wixel_track.c:1012: steeringAdjust = -MAX_STEERING_ADJUST;
   1454 7E E2              5981 	mov	r6,#0xE2
   1456 7F FF              5982 	mov	r7,#0xFF
   1458                    5983 00119$:
                    1458   5984 	C$slave_wixel_track.c$1015$4$11 ==.
                           5985 ;	apps/slave_wixel_track/slave_wixel_track.c:1015: pwm_left = FORWARD_SPEED_PWM - steeringAdjust;
   1458 74 50              5986 	mov	a,#0x50
   145A C3                 5987 	clr	c
   145B 9E                 5988 	subb	a,r6
   145C FC                 5989 	mov	r4,a
   145D E4                 5990 	clr	a
   145E 9F                 5991 	subb	a,r7
   145F FD                 5992 	mov	r5,a
   1460 78r27              5993 	mov	r0,#_pwm_left
   1462 EC                 5994 	mov	a,r4
   1463 F2                 5995 	movx	@r0,a
   1464 08                 5996 	inc	r0
   1465 ED                 5997 	mov	a,r5
   1466 F2                 5998 	movx	@r0,a
                    1467   5999 	C$slave_wixel_track.c$1016$4$11 ==.
                           6000 ;	apps/slave_wixel_track/slave_wixel_track.c:1016: pwm_right = FORWARD_SPEED_PWM + steeringAdjust;
   1467 74 50              6001 	mov	a,#0x50
   1469 2E                 6002 	add	a,r6
   146A FE                 6003 	mov	r6,a
   146B E4                 6004 	clr	a
   146C 3F                 6005 	addc	a,r7
   146D FF                 6006 	mov	r7,a
   146E 78r29              6007 	mov	r0,#_pwm_right
   1470 EE                 6008 	mov	a,r6
   1471 F2                 6009 	movx	@r0,a
   1472 08                 6010 	inc	r0
   1473 EF                 6011 	mov	a,r7
   1474 F2                 6012 	movx	@r0,a
                    1475   6013 	C$slave_wixel_track.c$1019$4$11 ==.
                           6014 ;	apps/slave_wixel_track/slave_wixel_track.c:1019: if (pwm_left < 0) pwm_left = 0;
   1475 ED                 6015 	mov	a,r5
   1476 30 E7 06           6016 	jnb	acc.7,00121$
   1479 78r27              6017 	mov	r0,#_pwm_left
   147B E4                 6018 	clr	a
   147C F2                 6019 	movx	@r0,a
   147D 08                 6020 	inc	r0
   147E F2                 6021 	movx	@r0,a
   147F                    6022 00121$:
                    147F   6023 	C$slave_wixel_track.c$1020$4$11 ==.
                           6024 ;	apps/slave_wixel_track/slave_wixel_track.c:1020: if (pwm_right < 0) pwm_right = 0;
   147F EF                 6025 	mov	a,r7
   1480 30 E7 06           6026 	jnb	acc.7,00135$
   1483 78r29              6027 	mov	r0,#_pwm_right
   1485 E4                 6028 	clr	a
   1486 F2                 6029 	movx	@r0,a
   1487 08                 6030 	inc	r0
   1488 F2                 6031 	movx	@r0,a
   1489                    6032 00135$:
                    1489   6033 	C$slave_wixel_track.c$1024$2$1 ==.
                    1489   6034 	XG$updateRunState$0$0 ==.
   1489 22                 6035 	ret
                           6036 ;------------------------------------------------------------
                           6037 ;Allocation info for local variables in function 'updateStateMachine'
                           6038 ;------------------------------------------------------------
                    148A   6039 	G$updateStateMachine$0$0 ==.
                    148A   6040 	C$slave_wixel_track.c$1026$2$1 ==.
                           6041 ;	apps/slave_wixel_track/slave_wixel_track.c:1026: void updateStateMachine()
                           6042 ;	-----------------------------------------
                           6043 ;	 function updateStateMachine
                           6044 ;	-----------------------------------------
   148A                    6045 _updateStateMachine:
                    148A   6046 	C$slave_wixel_track.c$1028$1$1 ==.
                           6047 ;	apps/slave_wixel_track/slave_wixel_track.c:1028: switch(currentState)
   148A 78r00              6048 	mov	r0,#_currentState
   148C E2                 6049 	movx	a,@r0
   148D 60 24              6050 	jz	00101$
   148F 78r00              6051 	mov	r0,#_currentState
   1491 E2                 6052 	movx	a,@r0
   1492 B4 01 02           6053 	cjne	a,#0x01,00124$
   1495 80 22              6054 	sjmp	00102$
   1497                    6055 00124$:
   1497 78r00              6056 	mov	r0,#_currentState
   1499 E2                 6057 	movx	a,@r0
   149A B4 02 02           6058 	cjne	a,#0x02,00125$
   149D 80 20              6059 	sjmp	00103$
   149F                    6060 00125$:
   149F 78r00              6061 	mov	r0,#_currentState
   14A1 E2                 6062 	movx	a,@r0
   14A2 B4 03 03           6063 	cjne	a,#0x03,00126$
   14A5 02s15r74           6064 	ljmp	00113$
   14A8                    6065 00126$:
   14A8 78r00              6066 	mov	r0,#_currentState
   14AA E2                 6067 	movx	a,@r0
   14AB B4 10 02           6068 	cjne	a,#0x10,00127$
   14AE 80 15              6069 	sjmp	00105$
   14B0                    6070 00127$:
   14B0 02s15r74           6071 	ljmp	00113$
                    14B3   6072 	C$slave_wixel_track.c$1030$2$2 ==.
                           6073 ;	apps/slave_wixel_track/slave_wixel_track.c:1030: case STATE_IDLE:
   14B3                    6074 00101$:
                    14B3   6075 	C$slave_wixel_track.c$1031$2$2 ==.
                           6076 ;	apps/slave_wixel_track/slave_wixel_track.c:1031: stopMotors();
   14B3 12s08r62           6077 	lcall	_stopMotors
                    14B6   6078 	C$slave_wixel_track.c$1032$2$2 ==.
                           6079 ;	apps/slave_wixel_track/slave_wixel_track.c:1032: break;
   14B6 02s15r74           6080 	ljmp	00113$
                    14B9   6081 	C$slave_wixel_track.c$1033$2$2 ==.
                           6082 ;	apps/slave_wixel_track/slave_wixel_track.c:1033: case STATE_HOME:
   14B9                    6083 00102$:
                    14B9   6084 	C$slave_wixel_track.c$1034$2$2 ==.
                           6085 ;	apps/slave_wixel_track/slave_wixel_track.c:1034: updateHomeState();
   14B9 12s0Fr70           6086 	lcall	_updateHomeState
                    14BC   6087 	C$slave_wixel_track.c$1035$2$2 ==.
                           6088 ;	apps/slave_wixel_track/slave_wixel_track.c:1035: break;
   14BC 02s15r74           6089 	ljmp	00113$
                    14BF   6090 	C$slave_wixel_track.c$1036$2$2 ==.
                           6091 ;	apps/slave_wixel_track/slave_wixel_track.c:1036: case STATE_RUN:
   14BF                    6092 00103$:
                    14BF   6093 	C$slave_wixel_track.c$1037$2$2 ==.
                           6094 ;	apps/slave_wixel_track/slave_wixel_track.c:1037: updateRunState();
   14BF 12s11rE0           6095 	lcall	_updateRunState
                    14C2   6096 	C$slave_wixel_track.c$1038$2$2 ==.
                           6097 ;	apps/slave_wixel_track/slave_wixel_track.c:1038: break;
   14C2 02s15r74           6098 	ljmp	00113$
                    14C5   6099 	C$slave_wixel_track.c$1042$2$2 ==.
                           6100 ;	apps/slave_wixel_track/slave_wixel_track.c:1042: case STATE_CALIBRATE_VALIDATE:
   14C5                    6101 00105$:
                    14C5   6102 	C$slave_wixel_track.c$1043$2$2 ==.
                           6103 ;	apps/slave_wixel_track/slave_wixel_track.c:1043: cal_targetHeading = calculateTargetHeading(filteredX, filteredY, 0, 0);
   14C5 78r17              6104 	mov	r0,#_filteredY
   14C7 79rBE              6105 	mov	r1,#_calculateTargetHeading_PARM_2
   14C9 E2                 6106 	movx	a,@r0
   14CA F3                 6107 	movx	@r1,a
   14CB 08                 6108 	inc	r0
   14CC E2                 6109 	movx	a,@r0
   14CD 09                 6110 	inc	r1
   14CE F3                 6111 	movx	@r1,a
   14CF 78rC0              6112 	mov	r0,#_calculateTargetHeading_PARM_3
   14D1 E4                 6113 	clr	a
   14D2 F2                 6114 	movx	@r0,a
   14D3 08                 6115 	inc	r0
   14D4 F2                 6116 	movx	@r0,a
   14D5 78rC2              6117 	mov	r0,#_calculateTargetHeading_PARM_4
   14D7 E4                 6118 	clr	a
   14D8 F2                 6119 	movx	@r0,a
   14D9 08                 6120 	inc	r0
   14DA F2                 6121 	movx	@r0,a
   14DB 78r15              6122 	mov	r0,#_filteredX
   14DD E2                 6123 	movx	a,@r0
   14DE F5 82              6124 	mov	dpl,a
   14E0 08                 6125 	inc	r0
   14E1 E2                 6126 	movx	a,@r0
   14E2 F5 83              6127 	mov	dph,a
   14E4 12s00rEC           6128 	lcall	_calculateTargetHeading
   14E7 AE 82              6129 	mov	r6,dpl
   14E9 AF 83              6130 	mov	r7,dph
   14EB 78rAD              6131 	mov	r0,#_cal_targetHeading
   14ED EE                 6132 	mov	a,r6
   14EE F2                 6133 	movx	@r0,a
   14EF 08                 6134 	inc	r0
   14F0 EF                 6135 	mov	a,r7
   14F1 F2                 6136 	movx	@r0,a
                    14F2   6137 	C$slave_wixel_track.c$1044$2$2 ==.
                           6138 ;	apps/slave_wixel_track/slave_wixel_track.c:1044: rotationController(filteredTheta, cal_targetHeading);
   14F2 78rD6              6139 	mov	r0,#_rotationController_PARM_2
   14F4 EE                 6140 	mov	a,r6
   14F5 F2                 6141 	movx	@r0,a
   14F6 08                 6142 	inc	r0
   14F7 EF                 6143 	mov	a,r7
   14F8 F2                 6144 	movx	@r0,a
   14F9 78r19              6145 	mov	r0,#_filteredTheta
   14FB E2                 6146 	movx	a,@r0
   14FC F5 82              6147 	mov	dpl,a
   14FE 08                 6148 	inc	r0
   14FF E2                 6149 	movx	a,@r0
   1500 F5 83              6150 	mov	dph,a
   1502 12s06rC5           6151 	lcall	_rotationController
                    1505   6152 	C$slave_wixel_track.c$1046$2$2 ==.
                           6153 ;	apps/slave_wixel_track/slave_wixel_track.c:1046: cal_headingError = cal_targetHeading - filteredTheta;
   1505 78rAD              6154 	mov	r0,#_cal_targetHeading
   1507 79r19              6155 	mov	r1,#_filteredTheta
   1509 E3                 6156 	movx	a,@r1
   150A F5 F0              6157 	mov	b,a
   150C C3                 6158 	clr	c
   150D E2                 6159 	movx	a,@r0
   150E 95 F0              6160 	subb	a,b
   1510 FE                 6161 	mov	r6,a
   1511 09                 6162 	inc	r1
   1512 E3                 6163 	movx	a,@r1
   1513 F5 F0              6164 	mov	b,a
   1515 08                 6165 	inc	r0
   1516 E2                 6166 	movx	a,@r0
   1517 95 F0              6167 	subb	a,b
   1519 FF                 6168 	mov	r7,a
   151A 78rAF              6169 	mov	r0,#_cal_headingError
   151C EE                 6170 	mov	a,r6
   151D F2                 6171 	movx	@r0,a
   151E 08                 6172 	inc	r0
   151F EF                 6173 	mov	a,r7
   1520 F2                 6174 	movx	@r0,a
                    1521   6175 	C$slave_wixel_track.c$1047$2$2 ==.
                           6176 ;	apps/slave_wixel_track/slave_wixel_track.c:1047: if (cal_headingError > 180) cal_headingError -= 360;
   1521 C3                 6177 	clr	c
   1522 74 B4              6178 	mov	a,#0xB4
   1524 9E                 6179 	subb	a,r6
   1525 E4                 6180 	clr	a
   1526 64 80              6181 	xrl	a,#0x80
   1528 8F F0              6182 	mov	b,r7
   152A 63 F0 80           6183 	xrl	b,#0x80
   152D 95 F0              6184 	subb	a,b
   152F 50 0B              6185 	jnc	00107$
   1531 78rAF              6186 	mov	r0,#_cal_headingError
   1533 EE                 6187 	mov	a,r6
   1534 24 98              6188 	add	a,#0x98
   1536 F2                 6189 	movx	@r0,a
   1537 EF                 6190 	mov	a,r7
   1538 34 FE              6191 	addc	a,#0xFE
   153A 08                 6192 	inc	r0
   153B F2                 6193 	movx	@r0,a
   153C                    6194 00107$:
                    153C   6195 	C$slave_wixel_track.c$1048$2$2 ==.
                           6196 ;	apps/slave_wixel_track/slave_wixel_track.c:1048: if (cal_headingError < -180) cal_headingError += 360;
   153C 78rAF              6197 	mov	r0,#_cal_headingError
   153E C3                 6198 	clr	c
   153F E2                 6199 	movx	a,@r0
   1540 94 4C              6200 	subb	a,#0x4C
   1542 08                 6201 	inc	r0
   1543 E2                 6202 	movx	a,@r0
   1544 64 80              6203 	xrl	a,#0x80
   1546 94 7F              6204 	subb	a,#0x7f
   1548 50 0B              6205 	jnc	00109$
   154A 78rAF              6206 	mov	r0,#_cal_headingError
   154C E2                 6207 	movx	a,@r0
   154D 24 68              6208 	add	a,#0x68
   154F F2                 6209 	movx	@r0,a
   1550 08                 6210 	inc	r0
   1551 E2                 6211 	movx	a,@r0
   1552 34 01              6212 	addc	a,#0x01
   1554 F2                 6213 	movx	@r0,a
   1555                    6214 00109$:
                    1555   6215 	C$slave_wixel_track.c$1050$2$2 ==.
                           6216 ;	apps/slave_wixel_track/slave_wixel_track.c:1050: if (abs16(cal_headingError) < HEADING_THRESHOLD)
   1555 78rAF              6217 	mov	r0,#_cal_headingError
   1557 E2                 6218 	movx	a,@r0
   1558 F5 82              6219 	mov	dpl,a
   155A 08                 6220 	inc	r0
   155B E2                 6221 	movx	a,@r0
   155C F5 83              6222 	mov	dph,a
   155E 12s00r00           6223 	lcall	_abs16
   1561 AE 82              6224 	mov	r6,dpl
   1563 AF 83              6225 	mov	r7,dph
   1565 C3                 6226 	clr	c
   1566 EE                 6227 	mov	a,r6
   1567 94 05              6228 	subb	a,#0x05
   1569 EF                 6229 	mov	a,r7
   156A 64 80              6230 	xrl	a,#0x80
   156C 94 80              6231 	subb	a,#0x80
   156E 50 04              6232 	jnc	00113$
                    1570   6233 	C$slave_wixel_track.c$1052$3$3 ==.
                           6234 ;	apps/slave_wixel_track/slave_wixel_track.c:1052: currentState = STATE_IDLE;
   1570 78r00              6235 	mov	r0,#_currentState
   1572 E4                 6236 	clr	a
   1573 F2                 6237 	movx	@r0,a
                    1574   6238 	C$slave_wixel_track.c$1055$1$1 ==.
                           6239 ;	apps/slave_wixel_track/slave_wixel_track.c:1055: }
   1574                    6240 00113$:
                    1574   6241 	C$slave_wixel_track.c$1056$1$1 ==.
                    1574   6242 	XG$updateStateMachine$0$0 ==.
   1574 22                 6243 	ret
                           6244 ;------------------------------------------------------------
                           6245 ;Allocation info for local variables in function 'main'
                           6246 ;------------------------------------------------------------
                    1575   6247 	G$main$0$0 ==.
                    1575   6248 	C$slave_wixel_track.c$1060$1$1 ==.
                           6249 ;	apps/slave_wixel_track/slave_wixel_track.c:1060: void main()
                           6250 ;	-----------------------------------------
                           6251 ;	 function main
                           6252 ;	-----------------------------------------
   1575                    6253 _main:
                    1575   6254 	C$slave_wixel_track.c$1062$1$1 ==.
                           6255 ;	apps/slave_wixel_track/slave_wixel_track.c:1062: systemInit();
   1575 12s00r00           6256 	lcall	_systemInit
                    1578   6257 	C$slave_wixel_track.c$1063$1$1 ==.
                           6258 ;	apps/slave_wixel_track/slave_wixel_track.c:1063: gpioInit();
   1578 12s08rCE           6259 	lcall	_gpioInit
                    157B   6260 	C$slave_wixel_track.c$1064$1$1 ==.
                           6261 ;	apps/slave_wixel_track/slave_wixel_track.c:1064: timer3Init();
   157B 12s08r11           6262 	lcall	_timer3Init
                    157E   6263 	C$slave_wixel_track.c$1065$1$1 ==.
                           6264 ;	apps/slave_wixel_track/slave_wixel_track.c:1065: radioInit();
   157E 12s08r6D           6265 	lcall	_radioInit
                    1581   6266 	C$slave_wixel_track.c$1067$1$1 ==.
                           6267 ;	apps/slave_wixel_track/slave_wixel_track.c:1067: lastPacketTime = (uint16)getMs();
   1581 12s00r00           6268 	lcall	_getMs
   1584 AC 82              6269 	mov	r4,dpl
   1586 AD 83              6270 	mov	r5,dph
   1588 78r03              6271 	mov	r0,#_lastPacketTime
   158A EC                 6272 	mov	a,r4
   158B F2                 6273 	movx	@r0,a
   158C 08                 6274 	inc	r0
   158D ED                 6275 	mov	a,r5
   158E F2                 6276 	movx	@r0,a
                    158F   6277 	C$slave_wixel_track.c$1070$1$1 ==.
                           6278 ;	apps/slave_wixel_track/slave_wixel_track.c:1070: P1_2 = 0; P1_1 = 1; P1_7 = 1; delayMs(300);  // RED
   158F C2 92              6279 	clr	_P1_2
   1591 D2 91              6280 	setb	_P1_1
   1593 D2 97              6281 	setb	_P1_7
   1595 90 01 2C           6282 	mov	dptr,#0x012C
   1598 12s00r00           6283 	lcall	_delayMs
                    159B   6284 	C$slave_wixel_track.c$1071$1$1 ==.
                           6285 ;	apps/slave_wixel_track/slave_wixel_track.c:1071: P1_2 = 1; P1_1 = 0; P1_7 = 1; delayMs(300);  // GREEN
   159B D2 92              6286 	setb	_P1_2
   159D C2 91              6287 	clr	_P1_1
   159F D2 97              6288 	setb	_P1_7
   15A1 90 01 2C           6289 	mov	dptr,#0x012C
   15A4 12s00r00           6290 	lcall	_delayMs
                    15A7   6291 	C$slave_wixel_track.c$1072$1$1 ==.
                           6292 ;	apps/slave_wixel_track/slave_wixel_track.c:1072: P1_2 = 1; P1_1 = 1; P1_7 = 0; delayMs(300);  // BLUE
   15A7 D2 92              6293 	setb	_P1_2
   15A9 D2 91              6294 	setb	_P1_1
   15AB C2 97              6295 	clr	_P1_7
   15AD 90 01 2C           6296 	mov	dptr,#0x012C
   15B0 12s00r00           6297 	lcall	_delayMs
                    15B3   6298 	C$slave_wixel_track.c$1073$1$1 ==.
                           6299 ;	apps/slave_wixel_track/slave_wixel_track.c:1073: P1_2 = 0; P1_1 = 1; P1_7 = 0; delayMs(300);  // PURPLE
   15B3 C2 92              6300 	clr	_P1_2
   15B5 D2 91              6301 	setb	_P1_1
   15B7 C2 97              6302 	clr	_P1_7
   15B9 90 01 2C           6303 	mov	dptr,#0x012C
   15BC 12s00r00           6304 	lcall	_delayMs
                    15BF   6305 	C$slave_wixel_track.c$1074$1$1 ==.
                           6306 ;	apps/slave_wixel_track/slave_wixel_track.c:1074: P1_2 = 1; P1_1 = 1; P1_7 = 1; delayMs(500);  // OFF
   15BF D2 92              6307 	setb	_P1_2
   15C1 D2 91              6308 	setb	_P1_1
   15C3 D2 97              6309 	setb	_P1_7
   15C5 90 01 F4           6310 	mov	dptr,#0x01F4
   15C8 12s00r00           6311 	lcall	_delayMs
                    15CB   6312 	C$slave_wixel_track.c$1076$1$1 ==.
                           6313 ;	apps/slave_wixel_track/slave_wixel_track.c:1076: lastPacketTime = (uint16)getMs();
   15CB 12s00r00           6314 	lcall	_getMs
   15CE AC 82              6315 	mov	r4,dpl
   15D0 AD 83              6316 	mov	r5,dph
   15D2 AE F0              6317 	mov	r6,b
   15D4 FF                 6318 	mov	r7,a
   15D5 78r03              6319 	mov	r0,#_lastPacketTime
   15D7 EC                 6320 	mov	a,r4
   15D8 F2                 6321 	movx	@r0,a
   15D9 08                 6322 	inc	r0
   15DA ED                 6323 	mov	a,r5
   15DB F2                 6324 	movx	@r0,a
                    15DC   6325 	C$slave_wixel_track.c$1077$1$1 ==.
                           6326 ;	apps/slave_wixel_track/slave_wixel_track.c:1077: currentState = STATE_IDLE;
   15DC 78r00              6327 	mov	r0,#_currentState
   15DE E4                 6328 	clr	a
   15DF F2                 6329 	movx	@r0,a
                    15E0   6330 	C$slave_wixel_track.c$1080$1$1 ==.
                           6331 ;	apps/slave_wixel_track/slave_wixel_track.c:1080: while(1)
   15E0                    6332 00107$:
                    15E0   6333 	C$slave_wixel_track.c$1082$2$2 ==.
                           6334 ;	apps/slave_wixel_track/slave_wixel_track.c:1082: boardService();
   15E0 12s00r00           6335 	lcall	_boardService
                    15E3   6336 	C$slave_wixel_track.c$1084$2$2 ==.
                           6337 ;	apps/slave_wixel_track/slave_wixel_track.c:1084: now = (uint32)getMs();
   15E3 12s00r00           6338 	lcall	_getMs
   15E6 AC 82              6339 	mov	r4,dpl
   15E8 AD 83              6340 	mov	r5,dph
   15EA AE F0              6341 	mov	r6,b
   15EC FF                 6342 	mov	r7,a
   15ED 78r07              6343 	mov	r0,#_now
   15EF EC                 6344 	mov	a,r4
   15F0 F2                 6345 	movx	@r0,a
   15F1 08                 6346 	inc	r0
   15F2 ED                 6347 	mov	a,r5
   15F3 F2                 6348 	movx	@r0,a
   15F4 08                 6349 	inc	r0
   15F5 EE                 6350 	mov	a,r6
   15F6 F2                 6351 	movx	@r0,a
   15F7 08                 6352 	inc	r0
   15F8 EF                 6353 	mov	a,r7
   15F9 F2                 6354 	movx	@r0,a
                    15FA   6355 	C$slave_wixel_track.c$1087$2$2 ==.
                           6356 ;	apps/slave_wixel_track/slave_wixel_track.c:1087: counter_loop++;
   15FA 78r05              6357 	mov	r0,#_counter_loop
   15FC E2                 6358 	movx	a,@r0
   15FD 24 01              6359 	add	a,#0x01
   15FF F2                 6360 	movx	@r0,a
   1600 08                 6361 	inc	r0
   1601 E2                 6362 	movx	a,@r0
   1602 34 00              6363 	addc	a,#0x00
   1604 F2                 6364 	movx	@r0,a
                    1605   6365 	C$slave_wixel_track.c$1088$1$1 ==.
                           6366 ;	apps/slave_wixel_track/slave_wixel_track.c:1088: counter_loop %= 5001;
   1605 78r00              6367 	mov	r0,#__moduint_PARM_2
   1607 74 89              6368 	mov	a,#0x89
   1609 F2                 6369 	movx	@r0,a
   160A 08                 6370 	inc	r0
   160B 74 13              6371 	mov	a,#0x13
   160D F2                 6372 	movx	@r0,a
   160E 78r05              6373 	mov	r0,#_counter_loop
   1610 E2                 6374 	movx	a,@r0
   1611 F5 82              6375 	mov	dpl,a
   1613 08                 6376 	inc	r0
   1614 E2                 6377 	movx	a,@r0
   1615 F5 83              6378 	mov	dph,a
   1617 12s00r00           6379 	lcall	__moduint
   161A E5 82              6380 	mov	a,dpl
   161C 85 83 F0           6381 	mov	b,dph
   161F 78r05              6382 	mov	r0,#_counter_loop
   1621 F2                 6383 	movx	@r0,a
   1622 08                 6384 	inc	r0
   1623 E5 F0              6385 	mov	a,b
   1625 F2                 6386 	movx	@r0,a
                    1626   6387 	C$slave_wixel_track.c$1089$1$1 ==.
                           6388 ;	apps/slave_wixel_track/slave_wixel_track.c:1089: if (counter_loop % 500 == 0)
   1626 78r00              6389 	mov	r0,#__moduint_PARM_2
   1628 74 F4              6390 	mov	a,#0xF4
   162A F2                 6391 	movx	@r0,a
   162B 08                 6392 	inc	r0
   162C 74 01              6393 	mov	a,#0x01
   162E F2                 6394 	movx	@r0,a
   162F 78r05              6395 	mov	r0,#_counter_loop
   1631 E2                 6396 	movx	a,@r0
   1632 F5 82              6397 	mov	dpl,a
   1634 08                 6398 	inc	r0
   1635 E2                 6399 	movx	a,@r0
   1636 F5 83              6400 	mov	dph,a
   1638 12s00r00           6401 	lcall	__moduint
   163B E5 82              6402 	mov	a,dpl
   163D 85 83 F0           6403 	mov	b,dph
   1640 45 F0              6404 	orl	a,b
   1642 70 03              6405 	jnz	00102$
                    1644   6406 	C$slave_wixel_track.c$1090$3$3 ==.
                           6407 ;	apps/slave_wixel_track/slave_wixel_track.c:1090: LED_YELLOW_TOGGLE();
   1644 63 FF 04           6408 	xrl	_P2DIR,#0x04
   1647                    6409 00102$:
                    1647   6410 	C$slave_wixel_track.c$1093$2$2 ==.
                           6411 ;	apps/slave_wixel_track/slave_wixel_track.c:1093: receiveAndProcessPackets();
   1647 12s0Er59           6412 	lcall	_receiveAndProcessPackets
                    164A   6413 	C$slave_wixel_track.c$1096$2$2 ==.
                           6414 ;	apps/slave_wixel_track/slave_wixel_track.c:1096: if (rxPulseStart < 600)
   164A 78r0B              6415 	mov	r0,#_rxPulseStart
   164C C3                 6416 	clr	c
   164D E2                 6417 	movx	a,@r0
   164E 94 58              6418 	subb	a,#0x58
   1650 08                 6419 	inc	r0
   1651 E2                 6420 	movx	a,@r0
   1652 94 02              6421 	subb	a,#0x02
   1654 08                 6422 	inc	r0
   1655 E2                 6423 	movx	a,@r0
   1656 94 00              6424 	subb	a,#0x00
   1658 08                 6425 	inc	r0
   1659 E2                 6426 	movx	a,@r0
   165A 94 00              6427 	subb	a,#0x00
   165C 50 1A              6428 	jnc	00104$
                    165E   6429 	C$slave_wixel_track.c$1098$4$5 ==.
                           6430 ;	apps/slave_wixel_track/slave_wixel_track.c:1098: LED_RED(1);
   165E 43 FF 02           6431 	orl	_P2DIR,#0x02
                    1661   6432 	C$slave_wixel_track.c$1099$3$4 ==.
                           6433 ;	apps/slave_wixel_track/slave_wixel_track.c:1099: rxPulseStart += 1;
   1661 78r0B              6434 	mov	r0,#_rxPulseStart
   1663 E2                 6435 	movx	a,@r0
   1664 24 01              6436 	add	a,#0x01
   1666 F2                 6437 	movx	@r0,a
   1667 08                 6438 	inc	r0
   1668 E2                 6439 	movx	a,@r0
   1669 34 00              6440 	addc	a,#0x00
   166B F2                 6441 	movx	@r0,a
   166C 08                 6442 	inc	r0
   166D E2                 6443 	movx	a,@r0
   166E 34 00              6444 	addc	a,#0x00
   1670 F2                 6445 	movx	@r0,a
   1671 08                 6446 	inc	r0
   1672 E2                 6447 	movx	a,@r0
   1673 34 00              6448 	addc	a,#0x00
   1675 F2                 6449 	movx	@r0,a
   1676 80 07              6450 	sjmp	00105$
   1678                    6451 00104$:
                    1678   6452 	C$slave_wixel_track.c$1103$4$7 ==.
                           6453 ;	apps/slave_wixel_track/slave_wixel_track.c:1103: LED_RED(0);
   1678 AF FF              6454 	mov	r7,_P2DIR
   167A 53 07 FD           6455 	anl	ar7,#0xFD
   167D 8F FF              6456 	mov	_P2DIR,r7
   167F                    6457 00105$:
                    167F   6458 	C$slave_wixel_track.c$1107$2$2 ==.
                           6459 ;	apps/slave_wixel_track/slave_wixel_track.c:1107: handlePacketTimeout();
   167F 12s0Fr16           6460 	lcall	_handlePacketTimeout
                    1682   6461 	C$slave_wixel_track.c$1108$2$2 ==.
                           6462 ;	apps/slave_wixel_track/slave_wixel_track.c:1108: updateStateMachine();
   1682 12s14r8A           6463 	lcall	_updateStateMachine
                    1685   6464 	C$slave_wixel_track.c$1109$2$2 ==.
                           6465 ;	apps/slave_wixel_track/slave_wixel_track.c:1109: updateRgbLeds();
   1685 12s08rFA           6466 	lcall	_updateRgbLeds
                    1688   6467 	C$slave_wixel_track.c$1110$2$2 ==.
                           6468 ;	apps/slave_wixel_track/slave_wixel_track.c:1110: setMotorsPWM();
   1688 12s08r2B           6469 	lcall	_setMotorsPWM
   168B 02s15rE0           6470 	ljmp	00107$
                    168E   6471 	C$slave_wixel_track.c$1112$1$1 ==.
                    168E   6472 	XG$main$0$0 ==.
   168E 22                 6473 	ret
                           6474 	.area CSEG    (CODE)
                           6475 	.area CONST   (CODE)
                           6476 	.area XINIT   (CODE)
                           6477 	.area CABS    (ABS,CODE)
